<?xml version="1.0" encoding="UTF-8"?>
<osm version="0.6" generator="openstreetmap-cgimap 2.1.0 (1313 spike-07.openstreetmap.org)" copyright="OpenStreetMap and contributors" attribution="http://www.openstreetmap.org/copyright" license="http://opendatacommons.org/licenses/odbl/1-0/">
 <bounds minlat="-19.3250000" minlon="-47.5420000" maxlat="-19.2950000" maxlon="-47.5080000"/>
 <node id="246673028" visible="true" version="8" changeset="189214850" timestamp="2026-09-18T15:25:50Z" user="Yuri Matias" uid="4809811" lat="-19.3086110" lon="-47.5250000">
  <tag k="name" v="Santa Juliana"/>
  <tag k="place" v="town"/>
  <tag k="population" v="15734"/>
  <tag k="population:date" v="2023-08-31"/>
  <tag k="ref:LOCODE" v="BRJUL"/>
  <tag k="source" v="geominas"/>
  <tag k="source:population" v="IBGE, DOU de 31/08/2023"/>
  <tag k="wikidata" v="Q1789496"/>
  <tag k="wikimedia_commons" v="Category:Santa Juliana"/>
  <tag k="wikipedia" v="pt:Santa Juliana"/>
 </node>
 <node id="1420905147" visible="true" version="3" changeset="87112100" timestamp="2020-06-25T04:10:30Z" user="Laccadive" uid="10811047" lat="-19.3001964" lon="-47.5080049"/>
 <node id="1420905156" visible="true" version="5" changeset="90616376" timestamp="2020-09-09T04:33:02Z" user="LaFloresta" uid="10529535" lat="-19.3092942" lon="-47.5373946"/>
 <node id="1420905171" visible="true" version="4" changeset="87112177" timestamp="2020-06-25T04:12:12Z" user="Laccadive" uid="10811047" lat="-19.2989142" lon="-47.4992690"/>
 <node id="1420905174" visible="true" version="3" changeset="89126554" timestamp="2020-08-08T12:24:20Z" user="NorthwestPassage" uid="10409507" lat="-19.3153946" lon="-47.5428428"/>
 <node id="1420905176" visible="true" version="3" changeset="89126554" timestamp="2020-08-08T12:24:20Z" user="NorthwestPassage" uid="10409507" lat="-19.3122432" lon="-47.5397623"/>
 <node id="1420905179" visible="true" version="3" changeset="87112100" timestamp="2020-06-25T04:10:30Z" user="Laccadive" uid="10811047" lat="-19.2980206" lon="-47.5219430"/>
 <node id="1420905190" visible="true" version="3" changeset="87112100" timestamp="2020-06-25T04:10:30Z" user="Laccadive" uid="10811047" lat="-19.2983927" lon="-47.5249887"/>
 <node id="1420905208" visible="true" version="3" changeset="90615668" timestamp="2020-09-09T04:18:05Z" user="LaFloresta" uid="10529535" lat="-19.3010153" lon="-47.5289087"/>
 <node id="3621056741" visible="true" version="1" changeset="32235634" timestamp="2015-06-27T03:22:54Z" user="claudioprv" uid="386484" lat="-19.3143456" lon="-47.5415259"/>
 <node id="3621056742" visible="true" version="2" changeset="90615668" timestamp="2020-09-09T04:18:05Z" user="LaFloresta" uid="10529535" lat="-19.3066519" lon="-47.5352616"/>
 <node id="3621056743" visible="true" version="2" changeset="90615668" timestamp="2020-09-09T04:18:05Z" user="LaFloresta" uid="10529535" lat="-19.3047101" lon="-47.5336778"/>
 <node id="3621056744" visible="true" version="2" changeset="90615668" timestamp="2020-09-09T04:18:05Z" user="LaFloresta" uid="10529535" lat="-19.3035404" lon="-47.5325337"/>
 <node id="3621056745" visible="true" version="4" changeset="90616376" timestamp="2020-09-09T04:33:02Z" user="LaFloresta" uid="10529535" lat="-19.3093146" lon="-47.5371442"/>
 <node id="3621056746" visible="true" version="2" changeset="90616376" timestamp="2020-09-09T04:33:02Z" user="LaFloresta" uid="10529535" lat="-19.3093328" lon="-47.5367964"/>
 <node id="3621056747" visible="true" version="6" changeset="168975721" timestamp="2025-07-15T17:03:14Z" user="MonteRosa1" uid="22220364" lat="-19.3101834" lon="-47.5342530"/>
 <node id="3621056748" visible="true" version="2" changeset="90618005" timestamp="2020-09-09T05:08:14Z" user="LaFloresta" uid="10529535" lat="-19.3103509" lon="-47.5337710"/>
 <node id="3621056749" visible="true" version="2" changeset="89126554" timestamp="2020-08-08T12:24:20Z" user="NorthwestPassage" uid="10409507" lat="-19.3105298" lon="-47.5332311"/>
 <node id="3621056750" visible="true" version="4" changeset="90618005" timestamp="2020-09-09T05:08:14Z" user="LaFloresta" uid="10529535" lat="-19.3107080" lon="-47.5327148"/>
 <node id="3621056751" visible="true" version="1" changeset="32235634" timestamp="2015-06-27T03:22:54Z" user="claudioprv" uid="386484" lat="-19.3108966" lon="-47.5321721"/>
 <node id="3621056752" visible="true" version="1" changeset="32235634" timestamp="2015-06-27T03:22:54Z" user="claudioprv" uid="386484" lat="-19.3110903" lon="-47.5316412"/>
 <node id="3621056753" visible="true" version="2" changeset="89126554" timestamp="2020-08-08T12:24:20Z" user="NorthwestPassage" uid="10409507" lat="-19.3112392" lon="-47.5311861"/>
 <node id="3621056755" visible="true" version="1" changeset="32235634" timestamp="2015-06-27T03:22:54Z" user="claudioprv" uid="386484" lat="-19.3115551" lon="-47.5302495"/>
 <node id="3621056756" visible="true" version="3" changeset="89198363" timestamp="2020-08-10T12:05:23Z" user="NorthwestPassage" uid="10409507" lat="-19.3115912" lon="-47.5301395"/>
 <node id="3621056757" visible="true" version="1" changeset="32235634" timestamp="2015-06-27T03:22:54Z" user="claudioprv" uid="386484" lat="-19.3114853" lon="-47.5301940"/>
 <node id="3621056758" visible="true" version="1" changeset="32235634" timestamp="2015-06-27T03:22:55Z" user="claudioprv" uid="386484" lat="-19.3113308" lon="-47.5306290"/>
 <node id="3621056759" visible="true" version="2" changeset="89126554" timestamp="2020-08-08T12:24:20Z" user="NorthwestPassage" uid="10409507" lat="-19.3111470" lon="-47.5311437"/>
 <node id="3621056760" visible="true" version="2" changeset="89126554" timestamp="2020-08-08T12:24:20Z" user="NorthwestPassage" uid="10409507" lat="-19.3110016" lon="-47.5316046"/>
 <node id="3621056761" visible="true" version="3" changeset="90630825" timestamp="2020-09-09T08:31:42Z" user="LaFloresta" uid="10529535" lat="-19.3108113" lon="-47.5321406"/>
 <node id="3621056762" visible="true" version="4" changeset="90618005" timestamp="2020-09-09T05:08:14Z" user="LaFloresta" uid="10529535" lat="-19.3106270" lon="-47.5326785"/>
 <node id="3621056763" visible="true" version="1" changeset="32235634" timestamp="2015-06-27T03:22:55Z" user="claudioprv" uid="386484" lat="-19.3104490" lon="-47.5331984"/>
 <node id="3621056764" visible="true" version="3" changeset="90630825" timestamp="2020-09-09T08:31:42Z" user="LaFloresta" uid="10529535" lat="-19.3102652" lon="-47.5337365"/>
 <node id="3621056765" visible="true" version="5" changeset="168975721" timestamp="2025-07-15T17:03:14Z" user="MonteRosa1" uid="22220364" lat="-19.3101030" lon="-47.5342228"/>
 <node id="3621056766" visible="true" version="3" changeset="35937211" timestamp="2015-12-14T08:49:54Z" user="naoliv" uid="463507" lat="-19.3094270" lon="-47.5362138"/>
 <node id="3621056767" visible="true" version="1" changeset="32235634" timestamp="2015-06-27T03:22:55Z" user="claudioprv" uid="386484" lat="-19.3092599" lon="-47.5367022"/>
 <node id="3621056768" visible="true" version="4" changeset="90616376" timestamp="2020-09-09T04:33:02Z" user="LaFloresta" uid="10529535" lat="-19.3090518" lon="-47.5370133"/>
 <node id="3621056769" visible="true" version="3" changeset="90616376" timestamp="2020-09-09T04:33:02Z" user="LaFloresta" uid="10529535" lat="-19.3089209" lon="-47.5369620"/>
 <node id="3621056770" visible="true" version="1" changeset="32235634" timestamp="2015-06-27T03:22:55Z" user="claudioprv" uid="386484" lat="-19.3085281" lon="-47.5367763"/>
 <node id="3621056771" visible="true" version="2" changeset="85176786" timestamp="2020-05-14T05:39:00Z" user="CanalBelt" uid="10142300" lat="-19.3133701" lon="-47.5245634"/>
 <node id="3621056772" visible="true" version="3" changeset="85177430" timestamp="2020-05-14T05:51:17Z" user="CanalBelt" uid="10142300" lat="-19.3132215" lon="-47.5250450"/>
 <node id="3621056773" visible="true" version="1" changeset="32235634" timestamp="2015-06-27T03:22:55Z" user="claudioprv" uid="386484" lat="-19.3128739" lon="-47.5261413"/>
 <node id="3621056774" visible="true" version="1" changeset="32235634" timestamp="2015-06-27T03:22:55Z" user="claudioprv" uid="386484" lat="-19.3126334" lon="-47.5269482"/>
 <node id="3621056775" visible="true" version="2" changeset="74199793" timestamp="2019-09-07T07:56:08Z" user="patodiez" uid="1856060" lat="-19.3125199" lon="-47.5273124"/>
 <node id="3621056776" visible="true" version="1" changeset="32235634" timestamp="2015-06-27T03:22:55Z" user="claudioprv" uid="386484" lat="-19.3122193" lon="-47.5281728"/>
 <node id="3621056777" visible="true" version="1" changeset="32235634" timestamp="2015-06-27T03:22:55Z" user="claudioprv" uid="386484" lat="-19.3119253" lon="-47.5289797"/>
 <node id="3621056778" visible="true" version="4" changeset="90616376" timestamp="2020-09-09T04:33:02Z" user="LaFloresta" uid="10529535" lat="-19.3089212" lon="-47.5371048"/>
 <node id="3621056779" visible="true" version="4" changeset="90616376" timestamp="2020-09-09T04:33:02Z" user="LaFloresta" uid="10529535" lat="-19.3088822" lon="-47.5373109"/>
 <node id="3621056780" visible="true" version="4" changeset="90616376" timestamp="2020-09-09T04:33:02Z" user="LaFloresta" uid="10529535" lat="-19.3089021" lon="-47.5373659"/>
 <node id="3621056781" visible="true" version="4" changeset="90616376" timestamp="2020-09-09T04:33:02Z" user="LaFloresta" uid="10529535" lat="-19.3091121" lon="-47.5374963"/>
 <node id="3621056782" visible="true" version="4" changeset="90616376" timestamp="2020-09-09T04:33:02Z" user="LaFloresta" uid="10529535" lat="-19.3091648" lon="-47.5374885"/>
 <node id="3621056783" visible="true" version="4" changeset="90616376" timestamp="2020-09-09T04:33:02Z" user="LaFloresta" uid="10529535" lat="-19.3092583" lon="-47.5374363"/>
 <node id="3621056784" visible="true" version="4" changeset="90616376" timestamp="2020-09-09T04:33:02Z" user="LaFloresta" uid="10529535" lat="-19.3092888" lon="-47.5371004"/>
 <node id="3621056785" visible="true" version="2" changeset="90616376" timestamp="2020-09-09T04:33:02Z" user="LaFloresta" uid="10529535" lat="-19.3088006" lon="-47.5371961"/>
 <node id="3621056786" visible="true" version="3" changeset="90616376" timestamp="2020-09-09T04:33:02Z" user="LaFloresta" uid="10529535" lat="-19.3093600" lon="-47.5376091"/>
 <node id="3621056787" visible="true" version="2" changeset="90615668" timestamp="2020-09-09T04:18:05Z" user="LaFloresta" uid="10529535" lat="-19.3096505" lon="-47.5376956"/>
 <node id="3621056788" visible="true" version="4" changeset="90616376" timestamp="2020-09-09T04:33:02Z" user="LaFloresta" uid="10529535" lat="-19.3089576" lon="-47.5370638"/>
 <node id="3621056789" visible="true" version="4" changeset="90616376" timestamp="2020-09-09T04:33:02Z" user="LaFloresta" uid="10529535" lat="-19.3092549" lon="-47.5370633"/>
 <node id="3621056790" visible="true" version="1" changeset="32235634" timestamp="2015-06-27T03:22:55Z" user="claudioprv" uid="386484" lat="-19.3086578" lon="-47.5355989"/>
 <node id="3621056791" visible="true" version="1" changeset="32235634" timestamp="2015-06-27T03:22:55Z" user="claudioprv" uid="386484" lat="-19.3078645" lon="-47.5348144"/>
 <node id="3621056792" visible="true" version="1" changeset="32235634" timestamp="2015-06-27T03:22:55Z" user="claudioprv" uid="386484" lat="-19.3085784" lon="-47.5339691"/>
 <node id="3621056893" visible="true" version="1" changeset="32235634" timestamp="2015-06-27T03:22:55Z" user="claudioprv" uid="386484" lat="-19.3094202" lon="-47.5347817"/>
 <node id="3621056894" visible="true" version="3" changeset="90618005" timestamp="2020-09-09T05:08:14Z" user="LaFloresta" uid="10529535" lat="-19.3113853" lon="-47.5341713"/>
 <node id="3621056895" visible="true" version="2" changeset="90618005" timestamp="2020-09-09T05:08:14Z" user="LaFloresta" uid="10529535" lat="-19.3093487" lon="-47.5333853"/>
 <node id="3621056896" visible="true" version="2" changeset="90618005" timestamp="2020-09-09T05:08:14Z" user="LaFloresta" uid="10529535" lat="-19.3082247" lon="-47.5329615"/>
 <node id="3621056898" visible="true" version="2" changeset="90616376" timestamp="2020-09-09T04:33:02Z" user="LaFloresta" uid="10529535" lat="-19.3080400" lon="-47.5334510"/>
 <node id="3621056899" visible="true" version="2" changeset="90616376" timestamp="2020-09-09T04:33:02Z" user="LaFloresta" uid="10529535" lat="-19.3074831" lon="-47.5332331"/>
 <node id="3621056900" visible="true" version="3" changeset="90617573" timestamp="2020-09-09T05:00:03Z" user="LaFloresta" uid="10529535" lat="-19.3067382" lon="-47.5329360"/>
 <node id="3621056901" visible="true" version="2" changeset="90616376" timestamp="2020-09-09T04:33:02Z" user="LaFloresta" uid="10529535" lat="-19.3058212" lon="-47.5325847"/>
 <node id="3621056902" visible="true" version="2" changeset="90616376" timestamp="2020-09-09T04:33:02Z" user="LaFloresta" uid="10529535" lat="-19.3052852" lon="-47.5323714"/>
 <node id="3621056903" visible="true" version="2" changeset="90616376" timestamp="2020-09-09T04:33:02Z" user="LaFloresta" uid="10529535" lat="-19.3047935" lon="-47.5321059"/>
 <node id="3621056904" visible="true" version="2" changeset="90616376" timestamp="2020-09-09T04:33:02Z" user="LaFloresta" uid="10529535" lat="-19.3041809" lon="-47.5314997"/>
 <node id="3621056905" visible="true" version="2" changeset="90616376" timestamp="2020-09-09T04:33:02Z" user="LaFloresta" uid="10529535" lat="-19.3034866" lon="-47.5307916"/>
 <node id="3621056906" visible="true" version="2" changeset="90616376" timestamp="2020-09-09T04:33:02Z" user="LaFloresta" uid="10529535" lat="-19.3029544" lon="-47.5302592"/>
 <node id="3621056907" visible="true" version="1" changeset="32235634" timestamp="2015-06-27T03:22:55Z" user="claudioprv" uid="386484" lat="-19.3026489" lon="-47.5299757"/>
 <node id="3621056908" visible="true" version="3" changeset="90617573" timestamp="2020-09-09T05:00:03Z" user="LaFloresta" uid="10529535" lat="-19.3024790" lon="-47.5298457"/>
 <node id="3621056909" visible="true" version="3" changeset="90617573" timestamp="2020-09-09T05:00:03Z" user="LaFloresta" uid="10529535" lat="-19.3024731" lon="-47.5298162"/>
 <node id="3621056910" visible="true" version="3" changeset="90617573" timestamp="2020-09-09T05:00:03Z" user="LaFloresta" uid="10529535" lat="-19.3024429" lon="-47.5297654"/>
 <node id="3621056911" visible="true" version="3" changeset="90617573" timestamp="2020-09-09T05:00:03Z" user="LaFloresta" uid="10529535" lat="-19.3024203" lon="-47.5297470"/>
 <node id="3621056912" visible="true" version="3" changeset="90617573" timestamp="2020-09-09T05:00:03Z" user="LaFloresta" uid="10529535" lat="-19.3023663" lon="-47.5297292"/>
 <node id="3621056913" visible="true" version="3" changeset="90617573" timestamp="2020-09-09T05:00:03Z" user="LaFloresta" uid="10529535" lat="-19.3023378" lon="-47.5297307"/>
 <node id="3621056914" visible="true" version="3" changeset="90617573" timestamp="2020-09-09T05:00:03Z" user="LaFloresta" uid="10529535" lat="-19.3024030" lon="-47.5299769"/>
 <node id="3621056915" visible="true" version="2" changeset="90616376" timestamp="2020-09-09T04:33:02Z" user="LaFloresta" uid="10529535" lat="-19.3026278" lon="-47.5300902"/>
 <node id="3621056916" visible="true" version="2" changeset="90616376" timestamp="2020-09-09T04:33:02Z" user="LaFloresta" uid="10529535" lat="-19.3028987" lon="-47.5303289"/>
 <node id="3621056917" visible="true" version="2" changeset="90616376" timestamp="2020-09-09T04:33:02Z" user="LaFloresta" uid="10529535" lat="-19.3034202" lon="-47.5308660"/>
 <node id="3621056918" visible="true" version="2" changeset="90616376" timestamp="2020-09-09T04:33:02Z" user="LaFloresta" uid="10529535" lat="-19.3040277" lon="-47.5314756"/>
 <node id="3621056919" visible="true" version="1" changeset="32235634" timestamp="2015-06-27T03:22:55Z" user="claudioprv" uid="386484" lat="-19.3046957" lon="-47.5321478"/>
 <node id="3621056920" visible="true" version="2" changeset="90616376" timestamp="2020-09-09T04:33:02Z" user="LaFloresta" uid="10529535" lat="-19.3048947" lon="-47.5323057"/>
 <node id="3621056921" visible="true" version="2" changeset="90616376" timestamp="2020-09-09T04:33:02Z" user="LaFloresta" uid="10529535" lat="-19.3053390" lon="-47.5325049"/>
 <node id="3621056922" visible="true" version="2" changeset="90616376" timestamp="2020-09-09T04:33:02Z" user="LaFloresta" uid="10529535" lat="-19.3057649" lon="-47.5326739"/>
 <node id="3621056923" visible="true" version="2" changeset="90616376" timestamp="2020-09-09T04:33:02Z" user="LaFloresta" uid="10529535" lat="-19.3062123" lon="-47.5328415"/>
 <node id="3621056924" visible="true" version="2" changeset="90616376" timestamp="2020-09-09T04:33:02Z" user="LaFloresta" uid="10529535" lat="-19.3066800" lon="-47.5330185"/>
 <node id="3621056925" visible="true" version="4" changeset="90616376" timestamp="2020-09-09T04:33:02Z" user="LaFloresta" uid="10529535" lat="-19.3071046" lon="-47.5331882"/>
 <node id="3621056926" visible="true" version="2" changeset="90616376" timestamp="2020-09-09T04:33:02Z" user="LaFloresta" uid="10529535" lat="-19.3075406" lon="-47.5333645"/>
 <node id="3621056927" visible="true" version="2" changeset="90616376" timestamp="2020-09-09T04:33:02Z" user="LaFloresta" uid="10529535" lat="-19.3079944" lon="-47.5335382"/>
 <node id="3621056928" visible="true" version="2" changeset="130609228" timestamp="2022-12-28T16:13:48Z" user="Raphaelkaart" uid="12468685" lat="-19.3084442" lon="-47.5337474"/>
 <node id="3621056929" visible="true" version="5" changeset="168975721" timestamp="2025-07-15T17:03:14Z" user="MonteRosa1" uid="22220364" lat="-19.3100903" lon="-47.5343053"/>
 <node id="3621056931" visible="true" version="4" changeset="90619507" timestamp="2020-09-09T05:35:33Z" user="LaFloresta" uid="10529535" lat="-19.3091424" lon="-47.5339881"/>
 <node id="3621056932" visible="true" version="3" changeset="90617573" timestamp="2020-09-09T05:00:03Z" user="LaFloresta" uid="10529535" lat="-19.3022857" lon="-47.5297544"/>
 <node id="3621056933" visible="true" version="3" changeset="90617573" timestamp="2020-09-09T05:00:03Z" user="LaFloresta" uid="10529535" lat="-19.3022650" lon="-47.5297751"/>
 <node id="3621056934" visible="true" version="3" changeset="90617573" timestamp="2020-09-09T05:00:03Z" user="LaFloresta" uid="10529535" lat="-19.3022399" lon="-47.5298289"/>
 <node id="3621056935" visible="true" version="3" changeset="90617573" timestamp="2020-09-09T05:00:03Z" user="LaFloresta" uid="10529535" lat="-19.3022370" lon="-47.5298527"/>
 <node id="3621056936" visible="true" version="3" changeset="90617573" timestamp="2020-09-09T05:00:03Z" user="LaFloresta" uid="10529535" lat="-19.3022438" lon="-47.5299001"/>
 <node id="3621056937" visible="true" version="3" changeset="90617573" timestamp="2020-09-09T05:00:03Z" user="LaFloresta" uid="10529535" lat="-19.3022533" lon="-47.5299219"/>
 <node id="3621056938" visible="true" version="3" changeset="90617573" timestamp="2020-09-09T05:00:03Z" user="LaFloresta" uid="10529535" lat="-19.3022705" lon="-47.5299462"/>
 <node id="3621056939" visible="true" version="3" changeset="90617573" timestamp="2020-09-09T05:00:03Z" user="LaFloresta" uid="10529535" lat="-19.3023185" lon="-47.5299789"/>
 <node id="3621056940" visible="true" version="3" changeset="90617573" timestamp="2020-09-09T05:00:03Z" user="LaFloresta" uid="10529535" lat="-19.3023465" lon="-47.5299854"/>
 <node id="3621056941" visible="true" version="3" changeset="90617573" timestamp="2020-09-09T05:00:03Z" user="LaFloresta" uid="10529535" lat="-19.3024259" lon="-47.5299641"/>
 <node id="3621056942" visible="true" version="3" changeset="90617573" timestamp="2020-09-09T05:00:03Z" user="LaFloresta" uid="10529535" lat="-19.3024616" lon="-47.5299247"/>
 <node id="3621056943" visible="true" version="3" changeset="90617573" timestamp="2020-09-09T05:00:03Z" user="LaFloresta" uid="10529535" lat="-19.3024786" lon="-47.5298732"/>
 <node id="3621056944" visible="true" version="3" changeset="90617573" timestamp="2020-09-09T05:00:03Z" user="LaFloresta" uid="10529535" lat="-19.3022443" lon="-47.5307313"/>
 <node id="3621056945" visible="true" version="4" changeset="90617573" timestamp="2020-09-09T05:00:03Z" user="LaFloresta" uid="10529535" lat="-19.3022431" lon="-47.5306065"/>
 <node id="3621056946" visible="true" version="2" changeset="90617573" timestamp="2020-09-09T05:00:03Z" user="LaFloresta" uid="10529535" lat="-19.3021608" lon="-47.5302324"/>
 <node id="3621056947" visible="true" version="2" changeset="90617573" timestamp="2020-09-09T05:00:03Z" user="LaFloresta" uid="10529535" lat="-19.3021292" lon="-47.5299330"/>
 <node id="3621056949" visible="true" version="3" changeset="90619507" timestamp="2020-09-09T05:35:33Z" user="LaFloresta" uid="10529535" lat="-19.3021744" lon="-47.5298404"/>
 <node id="3621056950" visible="true" version="2" changeset="90617573" timestamp="2020-09-09T05:00:03Z" user="LaFloresta" uid="10529535" lat="-19.3020807" lon="-47.5298545"/>
 <node id="3621056951" visible="true" version="4" changeset="90619507" timestamp="2020-09-09T05:35:33Z" user="LaFloresta" uid="10529535" lat="-19.3019450" lon="-47.5298354"/>
 <node id="3621056952" visible="true" version="2" changeset="90617573" timestamp="2020-09-09T05:00:03Z" user="LaFloresta" uid="10529535" lat="-19.3017304" lon="-47.5296731"/>
 <node id="3621056953" visible="true" version="2" changeset="177996018" timestamp="2026-02-02T08:40:32Z" user="LakeVan" uid="22315977" lat="-19.3016754" lon="-47.5296281"/>
 <node id="3621056954" visible="true" version="3" changeset="90634134" timestamp="2020-09-09T09:20:36Z" user="LaFloresta" uid="10529535" lat="-19.3012919" lon="-47.5291186"/>
 <node id="3621056955" visible="true" version="1" changeset="32235634" timestamp="2015-06-27T03:22:56Z" user="claudioprv" uid="386484" lat="-19.3033766" lon="-47.5297448"/>
 <node id="3621099932" visible="true" version="4" changeset="168975721" timestamp="2025-07-15T17:03:14Z" user="MonteRosa1" uid="22220364" lat="-19.3112105" lon="-47.5347036"/>
 <node id="3621099933" visible="true" version="4" changeset="168975721" timestamp="2025-07-15T17:03:14Z" user="MonteRosa1" uid="22220364" lat="-19.3129291" lon="-47.5353997"/>
 <node id="3621099934" visible="true" version="5" changeset="168975721" timestamp="2025-07-15T17:03:14Z" user="MonteRosa1" uid="22220364" lat="-19.3141683" lon="-47.5359213"/>
 <node id="3621099935" visible="true" version="5" changeset="168975721" timestamp="2025-07-15T17:03:14Z" user="MonteRosa1" uid="22220364" lat="-19.3149833" lon="-47.5362392"/>
 <node id="3621099936" visible="true" version="6" changeset="168975721" timestamp="2025-07-15T17:03:14Z" user="MonteRosa1" uid="22220364" lat="-19.3103758" lon="-47.5343368"/>
 <node id="3621099937" visible="true" version="4" changeset="87669471" timestamp="2020-07-07T18:26:59Z" user="DressyPear4" uid="3984659" lat="-19.3105713" lon="-47.5346603"/>
 <node id="3621099938" visible="true" version="2" changeset="87669471" timestamp="2020-07-07T18:26:59Z" user="DressyPear4" uid="3984659" lat="-19.3123641" lon="-47.5370819"/>
 <node id="3621099939" visible="true" version="4" changeset="90619507" timestamp="2020-09-09T05:35:33Z" user="LaFloresta" uid="10529535" lat="-19.3113117" lon="-47.5358342"/>
 <node id="3621099941" visible="true" version="2" changeset="87669471" timestamp="2020-07-07T18:26:59Z" user="DressyPear4" uid="3984659" lat="-19.3123274" lon="-47.5371419"/>
 <node id="3621099942" visible="true" version="2" changeset="89126554" timestamp="2020-08-08T12:24:20Z" user="NorthwestPassage" uid="10409507" lat="-19.3120878" lon="-47.5368500"/>
 <node id="3621099943" visible="true" version="3" changeset="89126554" timestamp="2020-08-08T12:24:20Z" user="NorthwestPassage" uid="10409507" lat="-19.3120246" lon="-47.5368151"/>
 <node id="3621099944" visible="true" version="2" changeset="87669471" timestamp="2020-07-07T18:26:59Z" user="DressyPear4" uid="3984659" lat="-19.3110345" lon="-47.5352612"/>
 <node id="3621099945" visible="true" version="6" changeset="168975721" timestamp="2025-07-15T17:03:14Z" user="MonteRosa1" uid="22220364" lat="-19.3106245" lon="-47.5344334"/>
 <node id="3621099946" visible="true" version="3" changeset="133474652" timestamp="2023-03-09T11:16:50Z" user="(inactive) WarpathPeacock" uid="9633078" lat="-19.3121932" lon="-47.5370916"/>
 <node id="3621099947" visible="true" version="3" changeset="133474652" timestamp="2023-03-09T11:16:50Z" user="(inactive) WarpathPeacock" uid="9633078" lat="-19.3122032" lon="-47.5371303"/>
 <node id="3621099948" visible="true" version="3" changeset="133474652" timestamp="2023-03-09T11:16:50Z" user="(inactive) WarpathPeacock" uid="9633078" lat="-19.3122205" lon="-47.5371564"/>
 <node id="3621099949" visible="true" version="3" changeset="133474652" timestamp="2023-03-09T11:16:50Z" user="(inactive) WarpathPeacock" uid="9633078" lat="-19.3123809" lon="-47.5371261"/>
 <node id="3621099950" visible="true" version="3" changeset="133474652" timestamp="2023-03-09T11:16:50Z" user="(inactive) WarpathPeacock" uid="9633078" lat="-19.3123889" lon="-47.5370931"/>
 <node id="3621099951" visible="true" version="3" changeset="133474652" timestamp="2023-03-09T11:16:50Z" user="(inactive) WarpathPeacock" uid="9633078" lat="-19.3123863" lon="-47.5370590"/>
 <node id="3621099953" visible="true" version="3" changeset="133474652" timestamp="2023-03-09T11:16:50Z" user="(inactive) WarpathPeacock" uid="9633078" lat="-19.3122445" lon="-47.5371757"/>
 <node id="3621099954" visible="true" version="3" changeset="133474652" timestamp="2023-03-09T11:16:50Z" user="(inactive) WarpathPeacock" uid="9633078" lat="-19.3122750" lon="-47.5371868"/>
 <node id="3621099955" visible="true" version="3" changeset="133474652" timestamp="2023-03-09T11:16:50Z" user="(inactive) WarpathPeacock" uid="9633078" lat="-19.3123073" lon="-47.5371867"/>
 <node id="3621099956" visible="true" version="3" changeset="133474652" timestamp="2023-03-09T11:16:50Z" user="(inactive) WarpathPeacock" uid="9633078" lat="-19.3123378" lon="-47.5371757"/>
 <node id="3621099957" visible="true" version="3" changeset="133474652" timestamp="2023-03-09T11:16:50Z" user="(inactive) WarpathPeacock" uid="9633078" lat="-19.3123632" lon="-47.5371547"/>
 <node id="3621099958" visible="true" version="3" changeset="133474652" timestamp="2023-03-09T11:16:50Z" user="(inactive) WarpathPeacock" uid="9633078" lat="-19.3123518" lon="-47.5370025"/>
 <node id="3621099959" visible="true" version="3" changeset="133474652" timestamp="2023-03-09T11:16:50Z" user="(inactive) WarpathPeacock" uid="9633078" lat="-19.3123236" lon="-47.5369861"/>
 <node id="3621099960" visible="true" version="3" changeset="133474652" timestamp="2023-03-09T11:16:50Z" user="(inactive) WarpathPeacock" uid="9633078" lat="-19.3122919" lon="-47.5369802"/>
 <node id="3621099961" visible="true" version="3" changeset="133474652" timestamp="2023-03-09T11:16:50Z" user="(inactive) WarpathPeacock" uid="9633078" lat="-19.3122601" lon="-47.5369856"/>
 <node id="3621099962" visible="true" version="3" changeset="133474652" timestamp="2023-03-09T11:16:50Z" user="(inactive) WarpathPeacock" uid="9633078" lat="-19.3122316" lon="-47.5370015"/>
 <node id="3621099963" visible="true" version="3" changeset="133474652" timestamp="2023-03-09T11:16:50Z" user="(inactive) WarpathPeacock" uid="9633078" lat="-19.3122095" lon="-47.5370265"/>
 <node id="3621099964" visible="true" version="3" changeset="133474652" timestamp="2023-03-09T11:16:50Z" user="(inactive) WarpathPeacock" uid="9633078" lat="-19.3121962" lon="-47.5370576"/>
 <node id="3621099965" visible="true" version="3" changeset="130609178" timestamp="2022-12-28T16:12:22Z" user="Raphaelkaart" uid="12468685" lat="-19.3126382" lon="-47.5377391"/>
 <node id="3621099966" visible="true" version="1" changeset="32235838" timestamp="2015-06-27T04:12:28Z" user="claudioprv" uid="386484" lat="-19.3130646" lon="-47.5383296"/>
 <node id="3621099967" visible="true" version="1" changeset="32235838" timestamp="2015-06-27T04:12:28Z" user="claudioprv" uid="386484" lat="-19.3133987" lon="-47.5385898"/>
 <node id="3621099968" visible="true" version="2" changeset="130602612" timestamp="2022-12-28T13:40:56Z" user="Raphaelkaart" uid="12468685" lat="-19.3137874" lon="-47.5389086"/>
 <node id="3621099969" visible="true" version="1" changeset="32235838" timestamp="2015-06-27T04:12:28Z" user="claudioprv" uid="386484" lat="-19.3140594" lon="-47.5391397"/>
 <node id="3621099970" visible="true" version="4" changeset="151111086" timestamp="2024-05-09T17:15:57Z" user="ProjetoMapeia" uid="11455881" lat="-19.3144457" lon="-47.5394892"/>
 <node id="3621099971" visible="true" version="3" changeset="151111086" timestamp="2024-05-09T17:15:57Z" user="ProjetoMapeia" uid="11455881" lat="-19.3147798" lon="-47.5397611"/>
 <node id="3621099972" visible="true" version="3" changeset="151111086" timestamp="2024-05-09T17:15:57Z" user="ProjetoMapeia" uid="11455881" lat="-19.3151218" lon="-47.5400435"/>
 <node id="3621099973" visible="true" version="2" changeset="151111086" timestamp="2024-05-09T17:15:57Z" user="ProjetoMapeia" uid="11455881" lat="-19.3154338" lon="-47.5402984"/>
 <node id="3621099974" visible="true" version="3" changeset="151111086" timestamp="2024-05-09T17:15:57Z" user="ProjetoMapeia" uid="11455881" lat="-19.3160047" lon="-47.5407530"/>
 <node id="3621099975" visible="true" version="3" changeset="151111086" timestamp="2024-05-09T17:15:57Z" user="ProjetoMapeia" uid="11455881" lat="-19.3162691" lon="-47.5411487"/>
 <node id="3621099976" visible="true" version="3" changeset="151111086" timestamp="2024-05-09T17:15:57Z" user="ProjetoMapeia" uid="11455881" lat="-19.3165298" lon="-47.5415389"/>
 <node id="3621099978" visible="true" version="3" changeset="151111086" timestamp="2024-05-09T17:15:57Z" user="ProjetoMapeia" uid="11455881" lat="-19.3122597" lon="-47.5392534"/>
 <node id="3621099979" visible="true" version="2" changeset="151111086" timestamp="2024-05-09T17:15:57Z" user="ProjetoMapeia" uid="11455881" lat="-19.3125691" lon="-47.5395078"/>
 <node id="3621099980" visible="true" version="3" changeset="151111086" timestamp="2024-05-09T17:15:57Z" user="ProjetoMapeia" uid="11455881" lat="-19.3128926" lon="-47.5397653"/>
 <node id="3621099981" visible="true" version="2" changeset="151111086" timestamp="2024-05-09T17:15:57Z" user="ProjetoMapeia" uid="11455881" lat="-19.3132165" lon="-47.5400377"/>
 <node id="3621099982" visible="true" version="3" changeset="151111086" timestamp="2024-05-09T17:15:57Z" user="ProjetoMapeia" uid="11455881" lat="-19.3135603" lon="-47.5403128"/>
 <node id="3621099983" visible="true" version="3" changeset="151111086" timestamp="2024-05-09T17:15:57Z" user="ProjetoMapeia" uid="11455881" lat="-19.3138727" lon="-47.5405771"/>
 <node id="3621099984" visible="true" version="4" changeset="151111086" timestamp="2024-05-09T17:15:57Z" user="ProjetoMapeia" uid="11455881" lat="-19.3141841" lon="-47.5408341"/>
 <node id="3621099985" visible="true" version="4" changeset="151111086" timestamp="2024-05-09T17:15:57Z" user="ProjetoMapeia" uid="11455881" lat="-19.3145132" lon="-47.5411210"/>
 <node id="3621099986" visible="true" version="2" changeset="151111086" timestamp="2024-05-09T17:15:57Z" user="ProjetoMapeia" uid="11455881" lat="-19.3149124" lon="-47.5407586"/>
 <node id="3621099987" visible="true" version="3" changeset="151111086" timestamp="2024-05-09T17:15:57Z" user="ProjetoMapeia" uid="11455881" lat="-19.3139622" lon="-47.5399386"/>
 <node id="3621099988" visible="true" version="4" changeset="151111086" timestamp="2024-05-09T17:15:57Z" user="ProjetoMapeia" uid="11455881" lat="-19.3142906" lon="-47.5402175"/>
 <node id="3621099989" visible="true" version="3" changeset="151111086" timestamp="2024-05-09T17:15:57Z" user="ProjetoMapeia" uid="11455881" lat="-19.3146098" lon="-47.5404848"/>
 <node id="3621099990" visible="true" version="2" changeset="74199793" timestamp="2019-09-07T07:56:08Z" user="patodiez" uid="1856060" lat="-19.3129351" lon="-47.5390894"/>
 <node id="3621099991" visible="true" version="2" changeset="130602612" timestamp="2022-12-28T13:40:56Z" user="Raphaelkaart" uid="12468685" lat="-19.3133335" lon="-47.5393911"/>
 <node id="3621099992" visible="true" version="1" changeset="32235838" timestamp="2015-06-27T04:12:28Z" user="claudioprv" uid="386484" lat="-19.3136065" lon="-47.5395854"/>
 <node id="3621099993" visible="true" version="1" changeset="32235838" timestamp="2015-06-27T04:12:28Z" user="claudioprv" uid="386484" lat="-19.3126192" lon="-47.5388220"/>
 <node id="3621099994" visible="true" version="1" changeset="32235838" timestamp="2015-06-27T04:12:28Z" user="claudioprv" uid="386484" lat="-19.3138317" lon="-47.5399489"/>
 <node id="3621099995" visible="true" version="1" changeset="32235838" timestamp="2015-06-27T04:12:28Z" user="claudioprv" uid="386484" lat="-19.3135634" lon="-47.5397102"/>
 <node id="3621099996" visible="true" version="1" changeset="32235838" timestamp="2015-06-27T04:12:28Z" user="claudioprv" uid="386484" lat="-19.3138419" lon="-47.5394017"/>
 <node id="3621099997" visible="true" version="1" changeset="32235838" timestamp="2015-06-27T04:12:28Z" user="claudioprv" uid="386484" lat="-19.3141532" lon="-47.5396995"/>
 <node id="3621099999" visible="true" version="2" changeset="89126554" timestamp="2020-08-08T12:24:20Z" user="NorthwestPassage" uid="10409507" lat="-19.3136000" lon="-47.5375223"/>
 <node id="3621100000" visible="true" version="2" changeset="89126554" timestamp="2020-08-08T12:24:20Z" user="NorthwestPassage" uid="10409507" lat="-19.3127298" lon="-47.5359877"/>
 <node id="3621100001" visible="true" version="2" changeset="89128247" timestamp="2020-08-08T13:25:05Z" user="NorthwestPassage" uid="10409507" lat="-19.3130649" lon="-47.5349467"/>
 <node id="3621100002" visible="true" version="1" changeset="32235838" timestamp="2015-06-27T04:12:28Z" user="claudioprv" uid="386484" lat="-19.3132523" lon="-47.5343593"/>
 <node id="3621100003" visible="true" version="3" changeset="173672006" timestamp="2025-10-23T12:31:48Z" user="DressyPear4" uid="3984659" lat="-19.3134190" lon="-47.5338185"/>
 <node id="3621100004" visible="true" version="1" changeset="32235838" timestamp="2015-06-27T04:12:28Z" user="claudioprv" uid="386484" lat="-19.3136117" lon="-47.5332542"/>
 <node id="3621100005" visible="true" version="1" changeset="32235838" timestamp="2015-06-27T04:12:28Z" user="claudioprv" uid="386484" lat="-19.3137610" lon="-47.5328063"/>
 <node id="3621100006" visible="true" version="3" changeset="35937211" timestamp="2015-12-14T09:28:30Z" user="naoliv" uid="463507" lat="-19.3139256" lon="-47.5323530"/>
 <node id="3621100007" visible="true" version="1" changeset="32235838" timestamp="2015-06-27T04:12:28Z" user="claudioprv" uid="386484" lat="-19.3141129" lon="-47.5318407"/>
 <node id="3621100008" visible="true" version="1" changeset="32235838" timestamp="2015-06-27T04:12:28Z" user="claudioprv" uid="386484" lat="-19.3142901" lon="-47.5313472"/>
 <node id="3621100009" visible="true" version="2" changeset="89126554" timestamp="2020-08-08T12:24:20Z" user="NorthwestPassage" uid="10409507" lat="-19.3145338" lon="-47.5306719"/>
 <node id="3621100010" visible="true" version="1" changeset="32235838" timestamp="2015-06-27T04:12:28Z" user="claudioprv" uid="386484" lat="-19.3147280" lon="-47.5301214"/>
 <node id="3621100011" visible="true" version="1" changeset="32235838" timestamp="2015-06-27T04:12:28Z" user="claudioprv" uid="386484" lat="-19.3150343" lon="-47.5292497"/>
 <node id="3621100012" visible="true" version="1" changeset="32235838" timestamp="2015-06-27T04:12:28Z" user="claudioprv" uid="386484" lat="-19.3152368" lon="-47.5286650"/>
 <node id="3621100013" visible="true" version="1" changeset="32235838" timestamp="2015-06-27T04:12:28Z" user="claudioprv" uid="386484" lat="-19.3154494" lon="-47.5280910"/>
 <node id="3621100014" visible="true" version="1" changeset="32235838" timestamp="2015-06-27T04:12:28Z" user="claudioprv" uid="386484" lat="-19.3157784" lon="-47.5271656"/>
 <node id="3621100015" visible="true" version="1" changeset="32235838" timestamp="2015-06-27T04:12:28Z" user="claudioprv" uid="386484" lat="-19.3159202" lon="-47.5267740"/>
 <node id="3621100016" visible="true" version="2" changeset="85177430" timestamp="2020-05-14T05:51:17Z" user="CanalBelt" uid="10142300" lat="-19.3161606" lon="-47.5260994"/>
 <node id="3621100017" visible="true" version="2" changeset="85177430" timestamp="2020-05-14T05:51:17Z" user="CanalBelt" uid="10142300" lat="-19.3162771" lon="-47.5257803"/>
 <node id="3621100018" visible="true" version="2" changeset="85177430" timestamp="2020-05-14T05:51:17Z" user="CanalBelt" uid="10142300" lat="-19.3158945" lon="-47.5259060"/>
 <node id="3621100019" visible="true" version="1" changeset="32235838" timestamp="2015-06-27T04:12:28Z" user="claudioprv" uid="386484" lat="-19.3149837" lon="-47.5256112"/>
 <node id="3621100020" visible="true" version="2" changeset="85177430" timestamp="2020-05-14T05:51:17Z" user="CanalBelt" uid="10142300" lat="-19.3140822" lon="-47.5253119"/>
 <node id="3621100021" visible="true" version="2" changeset="85177430" timestamp="2020-05-14T05:51:17Z" user="CanalBelt" uid="10142300" lat="-19.3120926" lon="-47.5246748"/>
 <node id="3621100022" visible="true" version="2" changeset="85177430" timestamp="2020-05-14T05:51:17Z" user="CanalBelt" uid="10142300" lat="-19.3113231" lon="-47.5244603"/>
 <node id="3621100023" visible="true" version="2" changeset="87114476" timestamp="2020-06-25T05:04:09Z" user="Laccadive" uid="10811047" lat="-19.3081075" lon="-47.5246604"/>
 <node id="3621100024" visible="true" version="1" changeset="32235838" timestamp="2015-06-27T04:12:28Z" user="claudioprv" uid="386484" lat="-19.3086065" lon="-47.5247612"/>
 <node id="3621100025" visible="true" version="1" changeset="32235838" timestamp="2015-06-27T04:12:28Z" user="claudioprv" uid="386484" lat="-19.3095188" lon="-47.5249994"/>
 <node id="3621100026" visible="true" version="1" changeset="32235838" timestamp="2015-06-27T04:12:28Z" user="claudioprv" uid="386484" lat="-19.3107925" lon="-47.5254197"/>
 <node id="3621100027" visible="true" version="2" changeset="85177430" timestamp="2020-05-14T05:51:17Z" user="CanalBelt" uid="10142300" lat="-19.3117838" lon="-47.5257678"/>
 <node id="3621100028" visible="true" version="2" changeset="85177430" timestamp="2020-05-14T05:51:17Z" user="CanalBelt" uid="10142300" lat="-19.3137442" lon="-47.5264719"/>
 <node id="3621100029" visible="true" version="1" changeset="32235838" timestamp="2015-06-27T04:12:28Z" user="claudioprv" uid="386484" lat="-19.3145959" lon="-47.5267413"/>
 <node id="3621100030" visible="true" version="2" changeset="130608994" timestamp="2022-12-28T16:07:10Z" user="Raphaelkaart" uid="12468685" lat="-19.3170358" lon="-47.5276272"/>
 <node id="3621100031" visible="true" version="3" changeset="130608994" timestamp="2022-12-28T16:07:10Z" user="Raphaelkaart" uid="12468685" lat="-19.3179211" lon="-47.5279155"/>
 <node id="3621100032" visible="true" version="1" changeset="32235838" timestamp="2015-06-27T04:12:28Z" user="claudioprv" uid="386484" lat="-19.3174693" lon="-47.5262416"/>
 <node id="3621100033" visible="true" version="1" changeset="32235838" timestamp="2015-06-27T04:12:28Z" user="claudioprv" uid="386484" lat="-19.3172842" lon="-47.5268861"/>
 <node id="3621100034" visible="true" version="1" changeset="32235838" timestamp="2015-06-27T04:12:28Z" user="claudioprv" uid="386484" lat="-19.3166893" lon="-47.5285859"/>
 <node id="3621100035" visible="true" version="1" changeset="32235838" timestamp="2015-06-27T04:12:28Z" user="claudioprv" uid="386484" lat="-19.3162926" lon="-47.5297348"/>
 <node id="3621100036" visible="true" version="1" changeset="32235838" timestamp="2015-06-27T04:12:28Z" user="claudioprv" uid="386484" lat="-19.3160018" lon="-47.5305520"/>
 <node id="3621100037" visible="true" version="2" changeset="130612692" timestamp="2022-12-28T17:48:34Z" user="Raphaelkaart" uid="12468685" lat="-19.3157782" lon="-47.5312236"/>
 <node id="3621100038" visible="true" version="1" changeset="32235838" timestamp="2015-06-27T04:12:29Z" user="claudioprv" uid="386484" lat="-19.3155566" lon="-47.5318923"/>
 <node id="3621100039" visible="true" version="1" changeset="32235838" timestamp="2015-06-27T04:12:29Z" user="claudioprv" uid="386484" lat="-19.3153760" lon="-47.5323827"/>
 <node id="3621100040" visible="true" version="1" changeset="32235838" timestamp="2015-06-27T04:12:29Z" user="claudioprv" uid="386484" lat="-19.3152085" lon="-47.5328683"/>
 <node id="3621100041" visible="true" version="1" changeset="32235838" timestamp="2015-06-27T04:12:29Z" user="claudioprv" uid="386484" lat="-19.3150454" lon="-47.5333260"/>
 <node id="3621100042" visible="true" version="1" changeset="32235838" timestamp="2015-06-27T04:12:29Z" user="claudioprv" uid="386484" lat="-19.3148956" lon="-47.5337743"/>
 <node id="3621100043" visible="true" version="3" changeset="173672006" timestamp="2025-10-23T12:31:48Z" user="DressyPear4" uid="3984659" lat="-19.3147074" lon="-47.5343469"/>
 <node id="3621100044" visible="true" version="1" changeset="32235838" timestamp="2015-06-27T04:12:29Z" user="claudioprv" uid="386484" lat="-19.3145166" lon="-47.5348811"/>
 <node id="3621100045" visible="true" version="3" changeset="173672006" timestamp="2025-10-23T12:31:48Z" user="DressyPear4" uid="3984659" lat="-19.3141955" lon="-47.5358187"/>
 <node id="3621100046" visible="true" version="3" changeset="130601340" timestamp="2022-12-28T13:14:44Z" user="Raphaelkaart" uid="12468685" lat="-19.3139521" lon="-47.5365345"/>
 <node id="3621100047" visible="true" version="4" changeset="89126554" timestamp="2020-08-08T12:24:20Z" user="NorthwestPassage" uid="10409507" lat="-19.3137759" lon="-47.5370197"/>
 <node id="3621100048" visible="true" version="2" changeset="85177430" timestamp="2020-05-14T05:51:17Z" user="CanalBelt" uid="10142300" lat="-19.3142024" lon="-47.5248478"/>
 <node id="3621100049" visible="true" version="2" changeset="174756713" timestamp="2025-11-17T06:18:49Z" user="LakeLouise" uid="23310694" lat="-19.3135093" lon="-47.5273131"/>
 <node id="3621100050" visible="true" version="1" changeset="32235838" timestamp="2015-06-27T04:12:29Z" user="claudioprv" uid="386484" lat="-19.3150989" lon="-47.5252261"/>
 <node id="3621100051" visible="true" version="1" changeset="32235838" timestamp="2015-06-27T04:12:29Z" user="claudioprv" uid="386484" lat="-19.3142973" lon="-47.5276115"/>
 <node id="3621100052" visible="true" version="1" changeset="32235838" timestamp="2015-06-27T04:12:29Z" user="claudioprv" uid="386484" lat="-19.3141804" lon="-47.5279336"/>
 <node id="3621100053" visible="true" version="1" changeset="32235838" timestamp="2015-06-27T04:12:29Z" user="claudioprv" uid="386484" lat="-19.3141002" lon="-47.5282132"/>
 <node id="3621100054" visible="true" version="1" changeset="32235838" timestamp="2015-06-27T04:12:29Z" user="claudioprv" uid="386484" lat="-19.3139098" lon="-47.5288007"/>
 <node id="3621100055" visible="true" version="2" changeset="74199793" timestamp="2019-09-07T07:56:08Z" user="patodiez" uid="1856060" lat="-19.3136111" lon="-47.5296610"/>
 <node id="3621100056" visible="true" version="1" changeset="32235838" timestamp="2015-06-27T04:12:29Z" user="claudioprv" uid="386484" lat="-19.3133955" lon="-47.5302730"/>
 <node id="3621100057" visible="true" version="1" changeset="32235838" timestamp="2015-06-27T04:12:29Z" user="claudioprv" uid="386484" lat="-19.3131817" lon="-47.5308569"/>
 <node id="3621100058" visible="true" version="1" changeset="32235838" timestamp="2015-06-27T04:12:29Z" user="claudioprv" uid="386484" lat="-19.3130080" lon="-47.5313595"/>
 <node id="3621100059" visible="true" version="1" changeset="32235838" timestamp="2015-06-27T04:12:29Z" user="claudioprv" uid="386484" lat="-19.3128544" lon="-47.5318762"/>
 <node id="3621100060" visible="true" version="2" changeset="74199793" timestamp="2019-09-07T07:56:08Z" user="patodiez" uid="1856060" lat="-19.3127012" lon="-47.5323501"/>
 <node id="3621100061" visible="true" version="1" changeset="32235838" timestamp="2015-06-27T04:12:29Z" user="claudioprv" uid="386484" lat="-19.3125504" lon="-47.5328141"/>
 <node id="3621100062" visible="true" version="3" changeset="130612692" timestamp="2022-12-28T17:48:34Z" user="Raphaelkaart" uid="12468685" lat="-19.3123668" lon="-47.5333891"/>
 <node id="3621100063" visible="true" version="4" changeset="168975721" timestamp="2025-07-15T17:03:14Z" user="MonteRosa1" uid="22220364" lat="-19.3118471" lon="-47.5349423"/>
 <node id="3621100064" visible="true" version="2" changeset="74199793" timestamp="2019-09-07T07:56:08Z" user="patodiez" uid="1856060" lat="-19.3115562" lon="-47.5336539"/>
 <node id="3621100065" visible="true" version="4" changeset="130612692" timestamp="2022-12-28T17:48:34Z" user="Raphaelkaart" uid="12468685" lat="-19.3117426" lon="-47.5331264"/>
 <node id="3621100066" visible="true" version="2" changeset="130612692" timestamp="2022-12-28T17:48:34Z" user="Raphaelkaart" uid="12468685" lat="-19.3119046" lon="-47.5325687"/>
 <node id="3621100067" visible="true" version="2" changeset="130612692" timestamp="2022-12-28T17:48:34Z" user="Raphaelkaart" uid="12468685" lat="-19.3120583" lon="-47.5320593"/>
 <node id="3621100068" visible="true" version="2" changeset="130612692" timestamp="2022-12-28T17:48:34Z" user="Raphaelkaart" uid="12468685" lat="-19.3121982" lon="-47.5316075"/>
 <node id="3621100069" visible="true" version="2" changeset="130612692" timestamp="2022-12-28T17:48:34Z" user="Raphaelkaart" uid="12468685" lat="-19.3123479" lon="-47.5310719"/>
 <node id="3621100070" visible="true" version="2" changeset="130612692" timestamp="2022-12-28T17:48:34Z" user="Raphaelkaart" uid="12468685" lat="-19.3125106" lon="-47.5305468"/>
 <node id="3621100071" visible="true" version="1" changeset="32235838" timestamp="2015-06-27T04:12:29Z" user="claudioprv" uid="386484" lat="-19.3126673" lon="-47.5299792"/>
 <node id="3621100072" visible="true" version="2" changeset="74199793" timestamp="2019-09-07T07:56:08Z" user="patodiez" uid="1856060" lat="-19.3128749" lon="-47.5293434"/>
 <node id="3621100073" visible="true" version="1" changeset="32235838" timestamp="2015-06-27T04:12:29Z" user="claudioprv" uid="386484" lat="-19.3131483" lon="-47.5285388"/>
 <node id="3621100074" visible="true" version="2" changeset="174756713" timestamp="2025-11-17T06:18:49Z" user="LakeLouise" uid="23310694" lat="-19.3134194" lon="-47.5276566"/>
 <node id="3621100075" visible="true" version="1" changeset="32235838" timestamp="2015-06-27T04:12:29Z" user="claudioprv" uid="386484" lat="-19.3114514" lon="-47.5269467"/>
 <node id="3621100076" visible="true" version="2" changeset="90618005" timestamp="2020-09-09T05:08:14Z" user="LaFloresta" uid="10529535" lat="-19.3103928" lon="-47.5266328"/>
 <node id="3621100077" visible="true" version="1" changeset="32235838" timestamp="2015-06-27T04:12:29Z" user="claudioprv" uid="386484" lat="-19.3092036" lon="-47.5262991"/>
 <node id="3621100078" visible="true" version="4" changeset="151112136" timestamp="2024-05-09T17:38:48Z" user="ProjetoMapeia" uid="11455881" lat="-19.3079484" lon="-47.5252200"/>
 <node id="3621100079" visible="true" version="2" changeset="87114476" timestamp="2020-06-25T05:04:09Z" user="Laccadive" uid="10811047" lat="-19.3087934" lon="-47.5254947"/>
 <node id="3621100080" visible="true" version="2" changeset="74199793" timestamp="2019-09-07T07:56:08Z" user="patodiez" uid="1856060" lat="-19.3093522" lon="-47.5257142"/>
 <node id="3621100081" visible="true" version="4" changeset="85177430" timestamp="2020-05-14T05:51:17Z" user="CanalBelt" uid="10142300" lat="-19.3103827" lon="-47.5260884"/>
 <node id="3621100082" visible="true" version="1" changeset="32235838" timestamp="2015-06-27T04:12:29Z" user="claudioprv" uid="386484" lat="-19.3115650" lon="-47.5265468"/>
 <node id="3621100083" visible="true" version="1" changeset="32235838" timestamp="2015-06-27T04:12:29Z" user="claudioprv" uid="386484" lat="-19.3175870" lon="-47.5289145"/>
 <node id="3621100084" visible="true" version="1" changeset="32235838" timestamp="2015-06-27T04:12:29Z" user="claudioprv" uid="386484" lat="-19.3187727" lon="-47.5293746"/>
 <node id="3621100085" visible="true" version="2" changeset="74199793" timestamp="2019-09-07T07:56:08Z" user="patodiez" uid="1856060" lat="-19.3195118" lon="-47.5296692"/>
 <node id="3621100087" visible="true" version="2" changeset="130608945" timestamp="2022-12-28T16:05:28Z" user="Raphaelkaart" uid="12468685" lat="-19.3180135" lon="-47.5269306"/>
 <node id="3621100088" visible="true" version="2" changeset="85177430" timestamp="2020-05-14T05:51:17Z" user="CanalBelt" uid="10142300" lat="-19.3165937" lon="-47.5261245"/>
 <node id="3621100089" visible="true" version="2" changeset="85177430" timestamp="2020-05-14T05:51:17Z" user="CanalBelt" uid="10142300" lat="-19.3169510" lon="-47.5261634"/>
 <node id="3621100090" visible="true" version="1" changeset="32235838" timestamp="2015-06-27T04:12:29Z" user="claudioprv" uid="386484" lat="-19.3180279" lon="-47.5263132"/>
 <node id="3621100091" visible="true" version="2" changeset="85180950" timestamp="2020-05-14T06:51:08Z" user="CanalBelt" uid="10142300" lat="-19.3194923" lon="-47.5265480"/>
 <node id="3621100092" visible="true" version="1" changeset="32235838" timestamp="2015-06-27T04:12:29Z" user="claudioprv" uid="386484" lat="-19.3195542" lon="-47.5265326"/>
 <node id="3621100093" visible="true" version="2" changeset="85180950" timestamp="2020-05-14T06:51:08Z" user="CanalBelt" uid="10142300" lat="-19.3195132" lon="-47.5264947"/>
 <node id="3621100095" visible="true" version="2" changeset="85177430" timestamp="2020-05-14T05:51:17Z" user="CanalBelt" uid="10142300" lat="-19.3169573" lon="-47.5260292"/>
 <node id="3621100096" visible="true" version="2" changeset="85177430" timestamp="2020-05-14T05:51:17Z" user="CanalBelt" uid="10142300" lat="-19.3165627" lon="-47.5259539"/>
 <node id="3621100097" visible="true" version="2" changeset="130608994" timestamp="2022-12-28T16:07:10Z" user="Raphaelkaart" uid="12468685" lat="-19.3169430" lon="-47.5268443"/>
 <node id="3621100098" visible="true" version="1" changeset="32235838" timestamp="2015-06-27T04:12:29Z" user="claudioprv" uid="386484" lat="-19.3173933" lon="-47.5294950"/>
 <node id="3621100099" visible="true" version="1" changeset="32235838" timestamp="2015-06-27T04:12:29Z" user="claudioprv" uid="386484" lat="-19.3171795" lon="-47.5300718"/>
 <node id="3621100100" visible="true" version="1" changeset="32235838" timestamp="2015-06-27T04:12:29Z" user="claudioprv" uid="386484" lat="-19.3168823" lon="-47.5309071"/>
 <node id="3621100101" visible="true" version="1" changeset="32235838" timestamp="2015-06-27T04:12:29Z" user="claudioprv" uid="386484" lat="-19.3166585" lon="-47.5315689"/>
 <node id="3621100102" visible="true" version="2" changeset="37737374" timestamp="2016-03-10T15:42:43Z" user="patodiez" uid="1856060" lat="-19.3164130" lon="-47.5322285"/>
 <node id="3621100103" visible="true" version="1" changeset="32235838" timestamp="2015-06-27T04:12:29Z" user="claudioprv" uid="386484" lat="-19.3162310" lon="-47.5327510"/>
 <node id="3621100105" visible="true" version="2" changeset="85177430" timestamp="2020-05-14T05:51:17Z" user="CanalBelt" uid="10142300" lat="-19.3118439" lon="-47.5240150"/>
 <node id="3621100106" visible="true" version="2" changeset="85177430" timestamp="2020-05-14T05:51:17Z" user="CanalBelt" uid="10142300" lat="-19.3122597" lon="-47.5241330"/>
 <node id="3621100107" visible="true" version="2" changeset="85177430" timestamp="2020-05-14T05:51:17Z" user="CanalBelt" uid="10142300" lat="-19.3200237" lon="-47.5266074"/>
 <node id="3621100108" visible="true" version="1" changeset="32235838" timestamp="2015-06-27T04:12:29Z" user="claudioprv" uid="386484" lat="-19.3199902" lon="-47.5268219"/>
 <node id="3621100110" visible="true" version="1" changeset="32235838" timestamp="2015-06-27T04:12:29Z" user="claudioprv" uid="386484" lat="-19.3201294" lon="-47.5268729"/>
 <node id="3621100111" visible="true" version="2" changeset="85177430" timestamp="2020-05-14T05:51:17Z" user="CanalBelt" uid="10142300" lat="-19.3201636" lon="-47.5266349"/>
 <node id="3621100112" visible="true" version="2" changeset="85177430" timestamp="2020-05-14T05:51:17Z" user="CanalBelt" uid="10142300" lat="-19.3201029" lon="-47.5266221"/>
 <node id="3621100113" visible="true" version="2" changeset="85177430" timestamp="2020-05-14T05:51:17Z" user="CanalBelt" uid="10142300" lat="-19.3203800" lon="-47.5248290"/>
 <node id="3621100114" visible="true" version="2" changeset="89126554" timestamp="2020-08-08T12:24:20Z" user="NorthwestPassage" uid="10409507" lat="-19.3180706" lon="-47.5278280"/>
 <node id="3621100115" visible="true" version="2" changeset="89126554" timestamp="2020-08-08T12:24:20Z" user="NorthwestPassage" uid="10409507" lat="-19.3194032" lon="-47.5274500"/>
 <node id="3621100116" visible="true" version="2" changeset="89126554" timestamp="2020-08-08T12:24:20Z" user="NorthwestPassage" uid="10409507" lat="-19.3197683" lon="-47.5273278"/>
 <node id="3621100117" visible="true" version="3" changeset="180277897" timestamp="2026-03-23T01:37:29Z" user="LakeLouise" uid="23310694" lat="-19.3200122" lon="-47.5270833"/>
 <node id="3621100118" visible="true" version="2" changeset="74199793" timestamp="2019-09-07T07:56:08Z" user="patodiez" uid="1856060" lat="-19.3193107" lon="-47.5279238"/>
 <node id="3621100119" visible="true" version="1" changeset="32235838" timestamp="2015-06-27T04:12:29Z" user="claudioprv" uid="386484" lat="-19.3185671" lon="-47.5299569"/>
 <node id="3621100120" visible="true" version="1" changeset="32235838" timestamp="2015-06-27T04:12:29Z" user="claudioprv" uid="386484" lat="-19.3183676" lon="-47.5305423"/>
 <node id="3621100121" visible="true" version="1" changeset="32235838" timestamp="2015-06-27T04:12:30Z" user="claudioprv" uid="386484" lat="-19.3180914" lon="-47.5313432"/>
 <node id="3621100122" visible="true" version="1" changeset="32235838" timestamp="2015-06-27T04:12:30Z" user="claudioprv" uid="386484" lat="-19.3178573" lon="-47.5320181"/>
 <node id="3621100123" visible="true" version="1" changeset="32235838" timestamp="2015-06-27T04:12:30Z" user="claudioprv" uid="386484" lat="-19.3176195" lon="-47.5326930"/>
 <node id="3621100124" visible="true" version="3" changeset="173672006" timestamp="2025-10-23T12:31:48Z" user="DressyPear4" uid="3984659" lat="-19.3173905" lon="-47.5333678"/>
 <node id="3621100125" visible="true" version="4" changeset="173672006" timestamp="2025-10-23T12:31:48Z" user="DressyPear4" uid="3984659" lat="-19.3170266" lon="-47.5342823"/>
 <node id="3621100126" visible="true" version="2" changeset="89126554" timestamp="2020-08-08T12:24:20Z" user="NorthwestPassage" uid="10409507" lat="-19.3192992" lon="-47.5302541"/>
 <node id="3621100127" visible="true" version="2" changeset="89126554" timestamp="2020-08-08T12:24:20Z" user="NorthwestPassage" uid="10409507" lat="-19.3190869" lon="-47.5308218"/>
 <node id="3621100128" visible="true" version="1" changeset="32235838" timestamp="2015-06-27T04:12:30Z" user="claudioprv" uid="386484" lat="-19.3187929" lon="-47.5316317"/>
 <node id="3621100129" visible="true" version="1" changeset="32235838" timestamp="2015-06-27T04:12:30Z" user="claudioprv" uid="386484" lat="-19.3185594" lon="-47.5322995"/>
 <node id="3621100130" visible="true" version="1" changeset="32235838" timestamp="2015-06-27T04:12:30Z" user="claudioprv" uid="386484" lat="-19.3183082" lon="-47.5329673"/>
 <node id="3621100131" visible="true" version="4" changeset="173672006" timestamp="2025-10-23T12:31:48Z" user="DressyPear4" uid="3984659" lat="-19.3180714" lon="-47.5336240"/>
 <node id="3621100132" visible="true" version="4" changeset="89127735" timestamp="2020-08-08T13:06:27Z" user="NorthwestPassage" uid="10409507" lat="-19.3177480" lon="-47.5345407"/>
 <node id="3621100134" visible="true" version="4" changeset="89127735" timestamp="2020-08-08T13:06:27Z" user="NorthwestPassage" uid="10409507" lat="-19.3178246" lon="-47.5345682"/>
 <node id="3621100135" visible="true" version="3" changeset="89126554" timestamp="2020-08-08T12:24:20Z" user="NorthwestPassage" uid="10409507" lat="-19.3184034" lon="-47.5330086"/>
 <node id="3621100136" visible="true" version="3" changeset="89126554" timestamp="2020-08-08T12:24:20Z" user="NorthwestPassage" uid="10409507" lat="-19.3186490" lon="-47.5323436"/>
 <node id="3621100137" visible="true" version="2" changeset="89126554" timestamp="2020-08-08T12:24:20Z" user="NorthwestPassage" uid="10409507" lat="-19.3188875" lon="-47.5316743"/>
 <node id="3621100138" visible="true" version="2" changeset="89126554" timestamp="2020-08-08T12:24:20Z" user="NorthwestPassage" uid="10409507" lat="-19.3191827" lon="-47.5308571"/>
 <node id="3621100139" visible="true" version="2" changeset="89126554" timestamp="2020-08-08T12:24:20Z" user="NorthwestPassage" uid="10409507" lat="-19.3193861" lon="-47.5302927"/>
 <node id="3621100140" visible="true" version="2" changeset="74199793" timestamp="2019-09-07T07:56:08Z" user="patodiez" uid="1856060" lat="-19.3195357" lon="-47.5298898"/>
 <node id="3621100141" visible="true" version="2" changeset="74199793" timestamp="2019-09-07T07:56:08Z" user="patodiez" uid="1856060" lat="-19.3195978" lon="-47.5297000"/>
 <node id="3621100142" visible="true" version="1" changeset="32235838" timestamp="2015-06-27T04:12:30Z" user="claudioprv" uid="386484" lat="-19.3198947" lon="-47.5288437"/>
 <node id="3621100143" visible="true" version="1" changeset="32235838" timestamp="2015-06-27T04:12:30Z" user="claudioprv" uid="386484" lat="-19.3196655" lon="-47.5294928"/>
 <node id="3621100144" visible="true" version="5" changeset="89200529" timestamp="2020-08-10T12:48:38Z" user="NorthwestPassage" uid="10409507" lat="-19.3197704" lon="-47.5328093"/>
 <node id="3621100145" visible="true" version="5" changeset="89200529" timestamp="2020-08-10T12:48:38Z" user="NorthwestPassage" uid="10409507" lat="-19.3200153" lon="-47.5321327"/>
 <node id="3621100146" visible="true" version="5" changeset="89200529" timestamp="2020-08-10T12:48:38Z" user="NorthwestPassage" uid="10409507" lat="-19.3203121" lon="-47.5313093"/>
 <node id="3621100147" visible="true" version="1" changeset="32235838" timestamp="2015-06-27T04:12:30Z" user="claudioprv" uid="386484" lat="-19.3112391" lon="-47.5277836"/>
 <node id="3621100148" visible="true" version="2" changeset="90618005" timestamp="2020-09-09T05:08:14Z" user="LaFloresta" uid="10529535" lat="-19.3101435" lon="-47.5273772"/>
 <node id="3621100149" visible="true" version="2" changeset="90618005" timestamp="2020-09-09T05:08:14Z" user="LaFloresta" uid="10529535" lat="-19.3090284" lon="-47.5269306"/>
 <node id="3621100150" visible="true" version="6" changeset="151112136" timestamp="2024-05-09T17:38:48Z" user="ProjetoMapeia" uid="11455881" lat="-19.3079084" lon="-47.5265095"/>
 <node id="3621100151" visible="true" version="2" changeset="90618005" timestamp="2020-09-09T05:08:14Z" user="LaFloresta" uid="10529535" lat="-19.3086411" lon="-47.5284393"/>
 <node id="3621100152" visible="true" version="1" changeset="32235838" timestamp="2015-06-27T04:12:30Z" user="claudioprv" uid="386484" lat="-19.3118737" lon="-47.5238048"/>
 <node id="3621100153" visible="true" version="2" changeset="85177430" timestamp="2020-05-14T05:51:17Z" user="CanalBelt" uid="10142300" lat="-19.3116205" lon="-47.5243033"/>
 <node id="3621100154" visible="true" version="2" changeset="85177430" timestamp="2020-05-14T05:51:17Z" user="CanalBelt" uid="10142300" lat="-19.3110535" lon="-47.5246494"/>
 <node id="3621100155" visible="true" version="2" changeset="85177430" timestamp="2020-05-14T05:51:17Z" user="CanalBelt" uid="10142300" lat="-19.3105523" lon="-47.5261702"/>
 <node id="3621100156" visible="true" version="2" changeset="90618005" timestamp="2020-09-09T05:08:14Z" user="LaFloresta" uid="10529535" lat="-19.3098688" lon="-47.5281952"/>
 <node id="3621100157" visible="true" version="2" changeset="90618005" timestamp="2020-09-09T05:08:14Z" user="LaFloresta" uid="10529535" lat="-19.3096537" lon="-47.5288162"/>
 <node id="3621100158" visible="true" version="2" changeset="90618005" timestamp="2020-09-09T05:08:14Z" user="LaFloresta" uid="10529535" lat="-19.3094803" lon="-47.5293405"/>
 <node id="3621100159" visible="true" version="2" changeset="90618005" timestamp="2020-09-09T05:08:14Z" user="LaFloresta" uid="10529535" lat="-19.3093044" lon="-47.5298636"/>
 <node id="3621100160" visible="true" version="2" changeset="90618005" timestamp="2020-09-09T05:08:14Z" user="LaFloresta" uid="10529535" lat="-19.3091208" lon="-47.5304107"/>
 <node id="3621100161" visible="true" version="2" changeset="90618005" timestamp="2020-09-09T05:08:14Z" user="LaFloresta" uid="10529535" lat="-19.3089639" lon="-47.5308573"/>
 <node id="3621100162" visible="true" version="2" changeset="90618005" timestamp="2020-09-09T05:08:14Z" user="LaFloresta" uid="10529535" lat="-19.3087778" lon="-47.5313871"/>
 <node id="3621100164" visible="true" version="2" changeset="90618005" timestamp="2020-09-09T05:08:14Z" user="LaFloresta" uid="10529535" lat="-19.3084045" lon="-47.5324405"/>
 <node id="3621100165" visible="true" version="2" changeset="37737374" timestamp="2016-03-10T15:42:43Z" user="patodiez" uid="1856060" lat="-19.3109708" lon="-47.5286022"/>
 <node id="3621129484" visible="true" version="1" changeset="32235966" timestamp="2015-06-27T04:38:13Z" user="claudioprv" uid="386484" lat="-19.3230365" lon="-47.5317331"/>
 <node id="3621129485" visible="true" version="1" changeset="32235966" timestamp="2015-06-27T04:38:13Z" user="claudioprv" uid="386484" lat="-19.3218096" lon="-47.5312401"/>
 <node id="3621129486" visible="true" version="4" changeset="89200529" timestamp="2020-08-10T12:48:38Z" user="NorthwestPassage" uid="10409507" lat="-19.3205083" lon="-47.5307453"/>
 <node id="3621129487" visible="true" version="2" changeset="130608994" timestamp="2022-12-28T16:07:10Z" user="Raphaelkaart" uid="12468685" lat="-19.3168608" lon="-47.5281417"/>
 <node id="3621129488" visible="true" version="1" changeset="32235966" timestamp="2015-06-27T04:38:13Z" user="claudioprv" uid="386484" lat="-19.3169504" lon="-47.5286815"/>
 <node id="3621129490" visible="true" version="6" changeset="173672006" timestamp="2025-10-23T12:31:48Z" user="DressyPear4" uid="3984659" lat="-19.3193003" lon="-47.5341249"/>
 <node id="3621129491" visible="true" version="5" changeset="89200529" timestamp="2020-08-10T12:48:38Z" user="NorthwestPassage" uid="10409507" lat="-19.3195350" lon="-47.5334819"/>
 <node id="3621141293" visible="true" version="5" changeset="89200529" timestamp="2020-08-10T12:48:38Z" user="NorthwestPassage" uid="10409507" lat="-19.3208974" lon="-47.5296376"/>
 <node id="3621141294" visible="true" version="5" changeset="89200529" timestamp="2020-08-10T12:48:38Z" user="NorthwestPassage" uid="10409507" lat="-19.3210721" lon="-47.5291112"/>
 <node id="3621141295" visible="true" version="4" changeset="89200529" timestamp="2020-08-10T12:48:38Z" user="NorthwestPassage" uid="10409507" lat="-19.3212587" lon="-47.5285654"/>
 <node id="3621141296" visible="true" version="4" changeset="89200529" timestamp="2020-08-10T12:48:38Z" user="NorthwestPassage" uid="10409507" lat="-19.3214467" lon="-47.5280269"/>
 <node id="3621141297" visible="true" version="4" changeset="87669471" timestamp="2020-07-07T18:26:59Z" user="DressyPear4" uid="3984659" lat="-19.3217576" lon="-47.5271524"/>
 <node id="3621165625" visible="true" version="2" changeset="85176786" timestamp="2020-05-14T05:39:00Z" user="CanalBelt" uid="10142300" lat="-19.3139088" lon="-47.5227792"/>
 <node id="3621165626" visible="true" version="2" changeset="85176786" timestamp="2020-05-14T05:39:00Z" user="CanalBelt" uid="10142300" lat="-19.3142233" lon="-47.5217921"/>
 <node id="3621165627" visible="true" version="2" changeset="85176786" timestamp="2020-05-14T05:39:00Z" user="CanalBelt" uid="10142300" lat="-19.3146656" lon="-47.5211350"/>
 <node id="3621165628" visible="true" version="2" changeset="85176786" timestamp="2020-05-14T05:39:00Z" user="CanalBelt" uid="10142300" lat="-19.3152554" lon="-47.5206247"/>
 <node id="3621165629" visible="true" version="2" changeset="85176786" timestamp="2020-05-14T05:39:00Z" user="CanalBelt" uid="10142300" lat="-19.3159603" lon="-47.5203002"/>
 <node id="3621165630" visible="true" version="2" changeset="85176786" timestamp="2020-05-14T05:39:00Z" user="CanalBelt" uid="10142300" lat="-19.3169931" lon="-47.5200440"/>
 <node id="3621165631" visible="true" version="2" changeset="85176786" timestamp="2020-05-14T05:39:00Z" user="CanalBelt" uid="10142300" lat="-19.3180562" lon="-47.5197972"/>
 <node id="3621165632" visible="true" version="2" changeset="85176786" timestamp="2020-05-14T05:39:00Z" user="CanalBelt" uid="10142300" lat="-19.3191028" lon="-47.5195317"/>
 <node id="3621165633" visible="true" version="2" changeset="85176786" timestamp="2020-05-14T05:39:00Z" user="CanalBelt" uid="10142300" lat="-19.3197293" lon="-47.5191937"/>
 <node id="3621165634" visible="true" version="1" changeset="32236222" timestamp="2015-06-27T05:19:15Z" user="claudioprv" uid="386484" lat="-19.3224342" lon="-47.5173444"/>
 <node id="3621165635" visible="true" version="3" changeset="85182615" timestamp="2020-05-14T07:19:14Z" user="CanalBelt" uid="10142300" lat="-19.3281300" lon="-47.5134780"/>
 <node id="3621165636" visible="true" version="1" changeset="32236222" timestamp="2015-06-27T05:19:15Z" user="claudioprv" uid="386484" lat="-19.3294477" lon="-47.5126160"/>
 <node id="3621165637" visible="true" version="2" changeset="85176786" timestamp="2020-05-14T05:39:00Z" user="CanalBelt" uid="10142300" lat="-19.3309205" lon="-47.5116286"/>
 <node id="3621165638" visible="true" version="2" changeset="85176786" timestamp="2020-05-14T05:39:00Z" user="CanalBelt" uid="10142300" lat="-19.3367214" lon="-47.5079231"/>
 <node id="3621165639" visible="true" version="1" changeset="32236222" timestamp="2015-06-27T05:19:15Z" user="claudioprv" uid="386484" lat="-19.3417507" lon="-47.5050987"/>
 <node id="3621165640" visible="true" version="2" changeset="85188808" timestamp="2020-05-14T08:49:03Z" user="CanalBelt" uid="10142300" lat="-19.3445139" lon="-47.5035833"/>
 <node id="3621165641" visible="true" version="2" changeset="85176786" timestamp="2020-05-14T05:39:00Z" user="CanalBelt" uid="10142300" lat="-19.3478772" lon="-47.5017245"/>
 <node id="3621165642" visible="true" version="3" changeset="85185645" timestamp="2020-05-14T08:02:25Z" user="CanalBelt" uid="10142300" lat="-19.3551061" lon="-47.4977079"/>
 <node id="3621165643" visible="true" version="2" changeset="85176786" timestamp="2020-05-14T05:39:00Z" user="CanalBelt" uid="10142300" lat="-19.3567915" lon="-47.4972090"/>
 <node id="3621165644" visible="true" version="2" changeset="85176786" timestamp="2020-05-14T05:39:00Z" user="CanalBelt" uid="10142300" lat="-19.3604469" lon="-47.4971607"/>
 <node id="3621165645" visible="true" version="3" changeset="90625280" timestamp="2020-09-09T07:03:14Z" user="LakeVouliagmeni" uid="10142181" lat="-19.3667193" lon="-47.4972922"/>
 <node id="3621165646" visible="true" version="2" changeset="84168307" timestamp="2020-04-27T04:29:22Z" user="OregonDistrict" uid="9625439" lat="-19.3683432" lon="-47.4972707"/>
 <node id="3621165647" visible="true" version="2" changeset="84168307" timestamp="2020-04-27T04:29:22Z" user="OregonDistrict" uid="9625439" lat="-19.3777232" lon="-47.4971259"/>
 <node id="3621165648" visible="true" version="2" changeset="84168307" timestamp="2020-04-27T04:29:22Z" user="OregonDistrict" uid="9625439" lat="-19.3836996" lon="-47.4967450"/>
 <node id="3621165649" visible="true" version="4" changeset="90646421" timestamp="2020-09-09T12:33:46Z" user="LakeVouliagmeni" uid="10142181" lat="-19.3876415" lon="-47.4964741"/>
 <node id="3621165650" visible="true" version="2" changeset="84168307" timestamp="2020-04-27T04:29:22Z" user="OregonDistrict" uid="9625439" lat="-19.3917314" lon="-47.4959376"/>
 <node id="3621165651" visible="true" version="2" changeset="84168307" timestamp="2020-04-27T04:29:22Z" user="OregonDistrict" uid="9625439" lat="-19.3938326" lon="-47.4955702"/>
 <node id="3621165652" visible="true" version="2" changeset="84168307" timestamp="2020-04-27T04:29:22Z" user="OregonDistrict" uid="9625439" lat="-19.3961197" lon="-47.4949881"/>
 <node id="3621165653" visible="true" version="2" changeset="84168307" timestamp="2020-04-27T04:29:22Z" user="OregonDistrict" uid="9625439" lat="-19.3975188" lon="-47.4945268"/>
 <node id="3621165654" visible="true" version="2" changeset="84168307" timestamp="2020-04-27T04:29:22Z" user="OregonDistrict" uid="9625439" lat="-19.3992290" lon="-47.4939206"/>
 <node id="3621165655" visible="true" version="2" changeset="84168307" timestamp="2020-04-27T04:29:22Z" user="OregonDistrict" uid="9625439" lat="-19.4005977" lon="-47.4933949"/>
 <node id="3621165656" visible="true" version="2" changeset="84168307" timestamp="2020-04-27T04:29:22Z" user="OregonDistrict" uid="9625439" lat="-19.4016527" lon="-47.4929711"/>
 <node id="3621165657" visible="true" version="2" changeset="84168307" timestamp="2020-04-27T04:29:22Z" user="OregonDistrict" uid="9625439" lat="-19.4029480" lon="-47.4924535"/>
 <node id="3621165658" visible="true" version="2" changeset="84168307" timestamp="2020-04-27T04:29:22Z" user="OregonDistrict" uid="9625439" lat="-19.4040282" lon="-47.4920216"/>
 <node id="3621165659" visible="true" version="1" changeset="32236222" timestamp="2015-06-27T05:19:15Z" user="claudioprv" uid="386484" lat="-19.4064429" lon="-47.4910835"/>
 <node id="3621165660" visible="true" version="2" changeset="84168307" timestamp="2020-04-27T04:29:22Z" user="OregonDistrict" uid="9625439" lat="-19.4080810" lon="-47.4904847"/>
 <node id="3621165661" visible="true" version="2" changeset="84168307" timestamp="2020-04-27T04:29:22Z" user="OregonDistrict" uid="9625439" lat="-19.4094370" lon="-47.4900113"/>
 <node id="3621165662" visible="true" version="2" changeset="84168307" timestamp="2020-04-27T04:29:22Z" user="OregonDistrict" uid="9625439" lat="-19.4117656" lon="-47.4884181"/>
 <node id="3621165663" visible="true" version="2" changeset="84168307" timestamp="2020-04-27T04:29:22Z" user="OregonDistrict" uid="9625439" lat="-19.4133872" lon="-47.4873063"/>
 <node id="3621165664" visible="true" version="2" changeset="84168307" timestamp="2020-04-27T04:29:22Z" user="OregonDistrict" uid="9625439" lat="-19.4140500" lon="-47.4868114"/>
 <node id="3621165665" visible="true" version="2" changeset="84168307" timestamp="2020-04-27T04:29:22Z" user="OregonDistrict" uid="9625439" lat="-19.4146369" lon="-47.4865030"/>
 <node id="3621165666" visible="true" version="2" changeset="84168307" timestamp="2020-04-27T04:29:22Z" user="OregonDistrict" uid="9625439" lat="-19.4156563" lon="-47.4863380"/>
 <node id="3621165667" visible="true" version="2" changeset="84168307" timestamp="2020-04-27T04:29:22Z" user="OregonDistrict" uid="9625439" lat="-19.4161180" lon="-47.4864091"/>
 <node id="3621165668" visible="true" version="3" changeset="87905733" timestamp="2020-07-13T07:21:49Z" user="LaMariscal" uid="10811204" lat="-19.4193838" lon="-47.4877643"/>
 <node id="3621165669" visible="true" version="3" changeset="87905733" timestamp="2020-07-13T07:21:49Z" user="LaMariscal" uid="10811204" lat="-19.4211874" lon="-47.4885562"/>
 <node id="3621165670" visible="true" version="2" changeset="87905733" timestamp="2020-07-13T07:21:49Z" user="LaMariscal" uid="10811204" lat="-19.4230820" lon="-47.4893622"/>
 <node id="3621165671" visible="true" version="2" changeset="87905733" timestamp="2020-07-13T07:21:49Z" user="LaMariscal" uid="10811204" lat="-19.4246352" lon="-47.4900261"/>
 <node id="3621165672" visible="true" version="2" changeset="87905733" timestamp="2020-07-13T07:21:49Z" user="LaMariscal" uid="10811204" lat="-19.4269244" lon="-47.4911807"/>
 <node id="3621165673" visible="true" version="2" changeset="87905733" timestamp="2020-07-13T07:21:49Z" user="LaMariscal" uid="10811204" lat="-19.4273076" lon="-47.4914168"/>
 <node id="3621165674" visible="true" version="2" changeset="87905733" timestamp="2020-07-13T07:21:49Z" user="LaMariscal" uid="10811204" lat="-19.4282220" lon="-47.4921906"/>
 <node id="3621165675" visible="true" version="2" changeset="87905733" timestamp="2020-07-13T07:21:49Z" user="LaMariscal" uid="10811204" lat="-19.4288379" lon="-47.4930744"/>
 <node id="3621165676" visible="true" version="2" changeset="87905733" timestamp="2020-07-13T07:21:49Z" user="LaMariscal" uid="10811204" lat="-19.4296006" lon="-47.4942076"/>
 <node id="3621165677" visible="true" version="2" changeset="87905733" timestamp="2020-07-13T07:21:49Z" user="LaMariscal" uid="10811204" lat="-19.4299458" lon="-47.4946448"/>
 <node id="3621165678" visible="true" version="2" changeset="87905733" timestamp="2020-07-13T07:21:49Z" user="LaMariscal" uid="10811204" lat="-19.4301659" lon="-47.4948433"/>
 <node id="3621165679" visible="true" version="2" changeset="87905733" timestamp="2020-07-13T07:21:49Z" user="LaMariscal" uid="10811204" lat="-19.4311397" lon="-47.4953033"/>
 <node id="3621165680" visible="true" version="4" changeset="87905733" timestamp="2020-07-13T07:21:49Z" user="LaMariscal" uid="10811204" lat="-19.4333112" lon="-47.4960134"/>
 <node id="3621165681" visible="true" version="2" changeset="87905733" timestamp="2020-07-13T07:21:49Z" user="LaMariscal" uid="10811204" lat="-19.4351349" lon="-47.4966028"/>
 <node id="3621165682" visible="true" version="3" changeset="87905733" timestamp="2020-07-13T07:21:49Z" user="LaMariscal" uid="10811204" lat="-19.4359304" lon="-47.4968214"/>
 <node id="3621165683" visible="true" version="3" changeset="87905733" timestamp="2020-07-13T07:21:49Z" user="LaMariscal" uid="10811204" lat="-19.4380386" lon="-47.4966833"/>
 <node id="3621165684" visible="true" version="3" changeset="87905733" timestamp="2020-07-13T07:21:49Z" user="LaMariscal" uid="10811204" lat="-19.4395998" lon="-47.4965076"/>
 <node id="3621165685" visible="true" version="2" changeset="87905733" timestamp="2020-07-13T07:21:49Z" user="LaMariscal" uid="10811204" lat="-19.4405249" lon="-47.4964151"/>
 <node id="3621165686" visible="true" version="2" changeset="87905733" timestamp="2020-07-13T07:21:49Z" user="LaMariscal" uid="10811204" lat="-19.4410687" lon="-47.4964164"/>
 <node id="3621165687" visible="true" version="2" changeset="87905733" timestamp="2020-07-13T07:21:49Z" user="LaMariscal" uid="10811204" lat="-19.4440115" lon="-47.4967960"/>
 <node id="3621165688" visible="true" version="2" changeset="87905733" timestamp="2020-07-13T07:21:49Z" user="LaMariscal" uid="10811204" lat="-19.4460558" lon="-47.4971232"/>
 <node id="3621165689" visible="true" version="2" changeset="87905733" timestamp="2020-07-13T07:21:49Z" user="LaMariscal" uid="10811204" lat="-19.4467696" lon="-47.4972305"/>
 <node id="3621165690" visible="true" version="2" changeset="87905733" timestamp="2020-07-13T07:21:49Z" user="LaMariscal" uid="10811204" lat="-19.4473981" lon="-47.4970293"/>
 <node id="3621165691" visible="true" version="1" changeset="32236222" timestamp="2015-06-27T05:19:16Z" user="claudioprv" uid="386484" lat="-19.4481106" lon="-47.4965905"/>
 <node id="3621165692" visible="true" version="2" changeset="87905733" timestamp="2020-07-13T07:21:49Z" user="LaMariscal" uid="10811204" lat="-19.4501435" lon="-47.4954321"/>
 <node id="3621168693" visible="true" version="2" changeset="87905733" timestamp="2020-07-13T07:21:49Z" user="LaMariscal" uid="10811204" lat="-19.4510338" lon="-47.4949452"/>
 <node id="3621168694" visible="true" version="2" changeset="87905733" timestamp="2020-07-13T07:21:49Z" user="LaMariscal" uid="10811204" lat="-19.4516471" lon="-47.4944410"/>
 <node id="3621168695" visible="true" version="2" changeset="87905733" timestamp="2020-07-13T07:21:49Z" user="LaMariscal" uid="10811204" lat="-19.4526524" lon="-47.4931629"/>
 <node id="3621168696" visible="true" version="2" changeset="87905733" timestamp="2020-07-13T07:21:49Z" user="LaMariscal" uid="10811204" lat="-19.4531974" lon="-47.4923636"/>
 <node id="3621168697" visible="true" version="2" changeset="87905733" timestamp="2020-07-13T07:21:49Z" user="LaMariscal" uid="10811204" lat="-19.4537450" lon="-47.4916153"/>
 <node id="3621168698" visible="true" version="2" changeset="87905733" timestamp="2020-07-13T07:21:49Z" user="LaMariscal" uid="10811204" lat="-19.4544949" lon="-47.4910185"/>
 <node id="3621168699" visible="true" version="2" changeset="87905733" timestamp="2020-07-13T07:21:49Z" user="LaMariscal" uid="10811204" lat="-19.4552460" lon="-47.4906832"/>
 <node id="3621168700" visible="true" version="2" changeset="87905733" timestamp="2020-07-13T07:21:49Z" user="LaMariscal" uid="10811204" lat="-19.4560212" lon="-47.4906108"/>
 <node id="3621168701" visible="true" version="2" changeset="87905733" timestamp="2020-07-13T07:21:49Z" user="LaMariscal" uid="10811204" lat="-19.4575563" lon="-47.4908495"/>
 <node id="3621168702" visible="true" version="2" changeset="87905733" timestamp="2020-07-13T07:21:49Z" user="LaMariscal" uid="10811204" lat="-19.4588499" lon="-47.4911512"/>
 <node id="3621168703" visible="true" version="2" changeset="87905733" timestamp="2020-07-13T07:21:49Z" user="LaMariscal" uid="10811204" lat="-19.4621028" lon="-47.4918892"/>
 <node id="3621168704" visible="true" version="2" changeset="87905733" timestamp="2020-07-13T07:21:49Z" user="LaMariscal" uid="10811204" lat="-19.4653885" lon="-47.4927445"/>
 <node id="3621168705" visible="true" version="2" changeset="87905733" timestamp="2020-07-13T07:21:49Z" user="LaMariscal" uid="10811204" lat="-19.4680640" lon="-47.4933936"/>
 <node id="3621168706" visible="true" version="3" changeset="87906505" timestamp="2020-07-13T07:33:00Z" user="LaMariscal" uid="10811204" lat="-19.4698405" lon="-47.4938113"/>
 <node id="3621168707" visible="true" version="2" changeset="87905733" timestamp="2020-07-13T07:21:49Z" user="LaMariscal" uid="10811204" lat="-19.4707535" lon="-47.4941399"/>
 <node id="3621168708" visible="true" version="2" changeset="87905733" timestamp="2020-07-13T07:21:49Z" user="LaMariscal" uid="10811204" lat="-19.4715778" lon="-47.4949305"/>
 <node id="3621168709" visible="true" version="3" changeset="87906505" timestamp="2020-07-13T07:33:00Z" user="LaMariscal" uid="10811204" lat="-19.4720773" lon="-47.4956265"/>
 <node id="3621168710" visible="true" version="3" changeset="87906505" timestamp="2020-07-13T07:33:00Z" user="LaMariscal" uid="10811204" lat="-19.4727145" lon="-47.4967638"/>
 <node id="3621168711" visible="true" version="2" changeset="87905733" timestamp="2020-07-13T07:21:49Z" user="LaMariscal" uid="10811204" lat="-19.4729750" lon="-47.4973921"/>
 <node id="3878972880" visible="true" version="3" changeset="90617573" timestamp="2020-09-09T05:00:03Z" user="LaFloresta" uid="10529535" lat="-19.3093138" lon="-47.5369091"/>
 <node id="3878972881" visible="true" version="1" changeset="35776570" timestamp="2015-12-05T21:24:36Z" user="patodiez" uid="1856060" lat="-19.3091468" lon="-47.5369119"/>
 <node id="3878972882" visible="true" version="2" changeset="90616376" timestamp="2020-09-09T04:33:02Z" user="LaFloresta" uid="10529535" lat="-19.3094360" lon="-47.5373530"/>
 <node id="3878972883" visible="true" version="3" changeset="90616376" timestamp="2020-09-09T04:33:02Z" user="LaFloresta" uid="10529535" lat="-19.3088953" lon="-47.5371516"/>
 <node id="3878972884" visible="true" version="3" changeset="90616376" timestamp="2020-09-09T04:33:02Z" user="LaFloresta" uid="10529535" lat="-19.3088754" lon="-47.5372572"/>
 <node id="3878972885" visible="true" version="3" changeset="90616376" timestamp="2020-09-09T04:33:02Z" user="LaFloresta" uid="10529535" lat="-19.3089755" lon="-47.5374533"/>
 <node id="3878972886" visible="true" version="3" changeset="90616376" timestamp="2020-09-09T04:33:02Z" user="LaFloresta" uid="10529535" lat="-19.3090248" lon="-47.5374806"/>
 <node id="3878972888" visible="true" version="3" changeset="90616376" timestamp="2020-09-09T04:33:02Z" user="LaFloresta" uid="10529535" lat="-19.3093175" lon="-47.5373517"/>
 <node id="3878972889" visible="true" version="3" changeset="90616376" timestamp="2020-09-09T04:33:02Z" user="LaFloresta" uid="10529535" lat="-19.3093323" lon="-47.5373047"/>
 <node id="3878972890" visible="true" version="3" changeset="90616376" timestamp="2020-09-09T04:33:02Z" user="LaFloresta" uid="10529535" lat="-19.3092144" lon="-47.5370346"/>
 <node id="3878972891" visible="true" version="3" changeset="90616376" timestamp="2020-09-09T04:33:02Z" user="LaFloresta" uid="10529535" lat="-19.3091212" lon="-47.5370068"/>
 <node id="3878972892" visible="true" version="2" changeset="90615668" timestamp="2020-09-09T04:18:05Z" user="LaFloresta" uid="10529535" lat="-19.3041606" lon="-47.5331908"/>
 <node id="3878972893" visible="true" version="2" changeset="90615668" timestamp="2020-09-09T04:18:05Z" user="LaFloresta" uid="10529535" lat="-19.3031025" lon="-47.5319704"/>
 <node id="3878972894" visible="true" version="3" changeset="90619507" timestamp="2020-09-09T05:35:33Z" user="LaFloresta" uid="10529535" lat="-19.3017849" lon="-47.5297355"/>
 <node id="3878972895" visible="true" version="3" changeset="90630328" timestamp="2020-09-09T08:24:40Z" user="LaFloresta" uid="10529535" lat="-19.2990002" lon="-47.5259140"/>
 <node id="3878972896" visible="true" version="2" changeset="87112100" timestamp="2020-06-25T04:10:30Z" user="Laccadive" uid="10811047" lat="-19.2981117" lon="-47.5243074"/>
 <node id="3878972897" visible="true" version="2" changeset="87112100" timestamp="2020-06-25T04:10:30Z" user="Laccadive" uid="10811047" lat="-19.2979535" lon="-47.5235859"/>
 <node id="3878972898" visible="true" version="2" changeset="87112100" timestamp="2020-06-25T04:10:30Z" user="Laccadive" uid="10811047" lat="-19.2979244" lon="-47.5228067"/>
 <node id="3878972899" visible="true" version="2" changeset="87112100" timestamp="2020-06-25T04:10:30Z" user="Laccadive" uid="10811047" lat="-19.3003381" lon="-47.5065351"/>
 <node id="3878972900" visible="true" version="2" changeset="87112100" timestamp="2020-06-25T04:10:30Z" user="Laccadive" uid="10811047" lat="-19.3003280" lon="-47.5056043"/>
 <node id="3878972901" visible="true" version="2" changeset="87112100" timestamp="2020-06-25T04:10:30Z" user="Laccadive" uid="10811047" lat="-19.3002344" lon="-47.5046052"/>
 <node id="4053224479" visible="true" version="1" changeset="37737374" timestamp="2016-03-10T15:42:38Z" user="patodiez" uid="1856060" lat="-19.3243230" lon="-47.5282328"/>
 <node id="4053224480" visible="true" version="2" changeset="74199793" timestamp="2019-09-07T07:56:08Z" user="patodiez" uid="1856060" lat="-19.3217607" lon="-47.5275086"/>
 <node id="4053224481" visible="true" version="1" changeset="37737374" timestamp="2016-03-10T15:42:38Z" user="patodiez" uid="1856060" lat="-19.3219450" lon="-47.5275745"/>
 <node id="4053224482" visible="true" version="2" changeset="89126554" timestamp="2020-08-08T12:24:20Z" user="NorthwestPassage" uid="10409507" lat="-19.3242461" lon="-47.5284514"/>
 <node id="4053224483" visible="true" version="2" changeset="89126554" timestamp="2020-08-08T12:24:20Z" user="NorthwestPassage" uid="10409507" lat="-19.3236715" lon="-47.5300835"/>
 <node id="4053224484" visible="true" version="1" changeset="37737374" timestamp="2016-03-10T15:42:38Z" user="patodiez" uid="1856060" lat="-19.3223847" lon="-47.5296025"/>
 <node id="4053224485" visible="true" version="2" changeset="89126554" timestamp="2020-08-08T12:24:20Z" user="NorthwestPassage" uid="10409507" lat="-19.3229562" lon="-47.5279668"/>
 <node id="4053224486" visible="true" version="3" changeset="87669471" timestamp="2020-07-07T18:26:59Z" user="DressyPear4" uid="3984659" lat="-19.3207197" lon="-47.5301616"/>
 <node id="4053224487" visible="true" version="1" changeset="37737374" timestamp="2016-03-10T15:42:38Z" user="patodiez" uid="1856060" lat="-19.3220143" lon="-47.5306572"/>
 <node id="4053224488" visible="true" version="2" changeset="89126554" timestamp="2020-08-08T12:24:20Z" user="NorthwestPassage" uid="10409507" lat="-19.3232868" lon="-47.5311765"/>
 <node id="4053224789" visible="true" version="2" changeset="89126554" timestamp="2020-08-08T12:24:20Z" user="NorthwestPassage" uid="10409507" lat="-19.3234754" lon="-47.5306320"/>
 <node id="4053224790" visible="true" version="1" changeset="37737374" timestamp="2016-03-10T15:42:38Z" user="patodiez" uid="1856060" lat="-19.3221997" lon="-47.5301293"/>
 <node id="4053224791" visible="true" version="3" changeset="130608696" timestamp="2022-12-28T15:59:11Z" user="Raphaelkaart" uid="12468685" lat="-19.3238386" lon="-47.5295851"/>
 <node id="4053224792" visible="true" version="3" changeset="130608696" timestamp="2022-12-28T15:59:11Z" user="Raphaelkaart" uid="12468685" lat="-19.3225758" lon="-47.5290776"/>
 <node id="4053224793" visible="true" version="1" changeset="37737374" timestamp="2016-03-10T15:42:38Z" user="patodiez" uid="1856060" lat="-19.3226396" lon="-47.5296983"/>
 <node id="4053224794" visible="true" version="2" changeset="130608696" timestamp="2022-12-28T15:59:11Z" user="Raphaelkaart" uid="12468685" lat="-19.3228202" lon="-47.5291751"/>
 <node id="4053224795" visible="true" version="2" changeset="89126554" timestamp="2020-08-08T12:24:20Z" user="NorthwestPassage" uid="10409507" lat="-19.3240613" lon="-47.5290146"/>
 <node id="4053224796" visible="true" version="2" changeset="89126554" timestamp="2020-08-08T12:24:20Z" user="NorthwestPassage" uid="10409507" lat="-19.3227703" lon="-47.5285217"/>
 <node id="4053224797" visible="true" version="4" changeset="89200529" timestamp="2020-08-10T12:48:38Z" user="NorthwestPassage" uid="10409507" lat="-19.3206449" lon="-47.5303430"/>
 <node id="4053224798" visible="true" version="3" changeset="87669471" timestamp="2020-07-07T18:26:59Z" user="DressyPear4" uid="3984659" lat="-19.3207985" lon="-47.5299331"/>
 <node id="4053224799" visible="true" version="2" changeset="130608994" timestamp="2022-12-28T16:07:10Z" user="Raphaelkaart" uid="12468685" lat="-19.3147903" lon="-47.5261356"/>
 <node id="4053224800" visible="true" version="3" changeset="130608994" timestamp="2022-12-28T16:07:10Z" user="Raphaelkaart" uid="12468685" lat="-19.3146316" lon="-47.5261482"/>
 <node id="4053224801" visible="true" version="3" changeset="130608994" timestamp="2022-12-28T16:07:10Z" user="Raphaelkaart" uid="12468685" lat="-19.3141857" lon="-47.5261721"/>
 <node id="4053224802" visible="true" version="2" changeset="90618005" timestamp="2020-09-09T05:08:14Z" user="LaFloresta" uid="10529535" lat="-19.3102359" lon="-47.5308251"/>
 <node id="4053224803" visible="true" version="1" changeset="37737374" timestamp="2016-03-10T15:42:39Z" user="patodiez" uid="1856060" lat="-19.3093913" lon="-47.5257912"/>
 <node id="4053224804" visible="true" version="1" changeset="37737374" timestamp="2016-03-10T15:42:39Z" user="patodiez" uid="1856060" lat="-19.3104696" lon="-47.5261882"/>
 <node id="4053224805" visible="true" version="1" changeset="37737374" timestamp="2016-03-10T15:42:39Z" user="patodiez" uid="1856060" lat="-19.3103684" lon="-47.5265369"/>
 <node id="4053224806" visible="true" version="1" changeset="37737374" timestamp="2016-03-10T15:42:39Z" user="patodiez" uid="1856060" lat="-19.3092799" lon="-47.5262579"/>
 <node id="4053224807" visible="true" version="2" changeset="87114476" timestamp="2020-06-25T05:04:09Z" user="Laccadive" uid="10811047" lat="-19.3075413" lon="-47.5245568"/>
 <node id="4053224808" visible="true" version="2" changeset="87114476" timestamp="2020-06-25T05:04:09Z" user="Laccadive" uid="10811047" lat="-19.3073008" lon="-47.5244656"/>
 <node id="4053224809" visible="true" version="2" changeset="87114476" timestamp="2020-06-25T05:04:09Z" user="Laccadive" uid="10811047" lat="-19.3064287" lon="-47.5240619"/>
 <node id="4053224810" visible="true" version="2" changeset="87114476" timestamp="2020-06-25T05:04:09Z" user="Laccadive" uid="10811047" lat="-19.3063288" lon="-47.5240284"/>
 <node id="4053224811" visible="true" version="2" changeset="87114476" timestamp="2020-06-25T05:04:09Z" user="Laccadive" uid="10811047" lat="-19.3061465" lon="-47.5240485"/>
 <node id="4053224812" visible="true" version="2" changeset="87114476" timestamp="2020-06-25T05:04:09Z" user="Laccadive" uid="10811047" lat="-19.3053086" lon="-47.5245005"/>
 <node id="4053224813" visible="true" version="2" changeset="87114476" timestamp="2020-06-25T05:04:09Z" user="Laccadive" uid="10811047" lat="-19.3048871" lon="-47.5245810"/>
 <node id="4053224814" visible="true" version="3" changeset="87119147" timestamp="2020-06-25T06:35:56Z" user="Laccadive" uid="10811047" lat="-19.3079260" lon="-47.5246292"/>
 <node id="4053224817" visible="true" version="3" changeset="151112136" timestamp="2024-05-09T17:38:48Z" user="ProjetoMapeia" uid="11455881" lat="-19.3073749" lon="-47.5280665"/>
 <node id="4053224818" visible="true" version="4" changeset="151112136" timestamp="2024-05-09T17:38:48Z" user="ProjetoMapeia" uid="11455881" lat="-19.3079045" lon="-47.5257853"/>
 <node id="4053224819" visible="true" version="2" changeset="87114476" timestamp="2020-06-25T05:04:09Z" user="Laccadive" uid="10811047" lat="-19.3092336" lon="-47.5261694"/>
 <node id="4053224820" visible="true" version="2" changeset="184254841" timestamp="2026-06-18T05:47:23Z" user="Mamberamo River" uid="23866625" lat="-19.3086600" lon="-47.5259729"/>
 <node id="4053224821" visible="true" version="1" changeset="37737374" timestamp="2016-03-10T15:42:39Z" user="patodiez" uid="1856060" lat="-19.3107662" lon="-47.5292417"/>
 <node id="4053224822" visible="true" version="2" changeset="90618005" timestamp="2020-09-09T05:08:14Z" user="LaFloresta" uid="10529535" lat="-19.3081032" lon="-47.5282395"/>
 <node id="4053224823" visible="true" version="4" changeset="90634134" timestamp="2020-09-09T09:20:36Z" user="LaFloresta" uid="10529535" lat="-19.3064041" lon="-47.5278345"/>
 <node id="4053224824" visible="true" version="3" changeset="90634134" timestamp="2020-09-09T09:20:36Z" user="LaFloresta" uid="10529535" lat="-19.3063256" lon="-47.5279139"/>
 <node id="4053224825" visible="true" version="2" changeset="90618005" timestamp="2020-09-09T05:08:14Z" user="LaFloresta" uid="10529535" lat="-19.3062351" lon="-47.5280175"/>
 <node id="4053224826" visible="true" version="1" changeset="37737374" timestamp="2016-03-10T15:42:39Z" user="patodiez" uid="1856060" lat="-19.3117235" lon="-47.5296047"/>
 <node id="4053224827" visible="true" version="2" changeset="89126554" timestamp="2020-08-08T12:24:20Z" user="NorthwestPassage" uid="10409507" lat="-19.3145100" lon="-47.5307331"/>
 <node id="4053224829" visible="true" version="1" changeset="37737374" timestamp="2016-03-10T15:42:39Z" user="patodiez" uid="1856060" lat="-19.3170408" lon="-47.5276956"/>
 <node id="4053224830" visible="true" version="1" changeset="37737374" timestamp="2016-03-10T15:42:39Z" user="patodiez" uid="1856060" lat="-19.3176432" lon="-47.5278833"/>
 <node id="4053224831" visible="true" version="1" changeset="37737374" timestamp="2016-03-10T15:42:39Z" user="patodiez" uid="1856060" lat="-19.3169345" lon="-47.5280604"/>
 <node id="4053224832" visible="true" version="4" changeset="173672006" timestamp="2025-10-23T12:31:48Z" user="DressyPear4" uid="3984659" lat="-19.3171685" lon="-47.5343248"/>
 <node id="4053224833" visible="true" version="4" changeset="173672006" timestamp="2025-10-23T12:31:48Z" user="DressyPear4" uid="3984659" lat="-19.3173118" lon="-47.5343677"/>
 <node id="4053224834" visible="true" version="4" changeset="173672006" timestamp="2025-10-23T12:31:48Z" user="DressyPear4" uid="3984659" lat="-19.3181574" lon="-47.5336602"/>
 <node id="4053224839" visible="true" version="3" changeset="168975721" timestamp="2025-07-15T17:03:14Z" user="MonteRosa1" uid="22220364" lat="-19.3219295" lon="-47.5400191"/>
 <node id="4053224840" visible="true" version="4" changeset="173672006" timestamp="2025-10-23T12:31:48Z" user="DressyPear4" uid="3984659" lat="-19.3220548" lon="-47.5404449"/>
 <node id="4053224841" visible="true" version="2" changeset="173672006" timestamp="2025-10-23T12:31:48Z" user="DressyPear4" uid="3984659" lat="-19.3224170" lon="-47.5422600"/>
 <node id="4053224842" visible="true" version="4" changeset="173672006" timestamp="2025-10-23T12:31:48Z" user="DressyPear4" uid="3984659" lat="-19.3225845" lon="-47.5431338"/>
 <node id="4053224843" visible="true" version="3" changeset="168975721" timestamp="2025-07-15T17:03:14Z" user="MonteRosa1" uid="22220364" lat="-19.3232792" lon="-47.5468661"/>
 <node id="4053224844" visible="true" version="3" changeset="168975721" timestamp="2025-07-15T17:03:14Z" user="MonteRosa1" uid="22220364" lat="-19.3233944" lon="-47.5474025"/>
 <node id="4053224845" visible="true" version="3" changeset="168975721" timestamp="2025-07-15T17:03:14Z" user="MonteRosa1" uid="22220364" lat="-19.3234880" lon="-47.5477969"/>
 <node id="4053224846" visible="true" version="2" changeset="168975721" timestamp="2025-07-15T17:03:14Z" user="MonteRosa1" uid="22220364" lat="-19.3236015" lon="-47.5481823"/>
 <node id="4053224847" visible="true" version="2" changeset="168975721" timestamp="2025-07-15T17:03:14Z" user="MonteRosa1" uid="22220364" lat="-19.3236471" lon="-47.5484398"/>
 <node id="4053224848" visible="true" version="2" changeset="168975721" timestamp="2025-07-15T17:03:14Z" user="MonteRosa1" uid="22220364" lat="-19.3236926" lon="-47.5486973"/>
 <node id="4053224849" visible="true" version="2" changeset="168975721" timestamp="2025-07-15T17:03:14Z" user="MonteRosa1" uid="22220364" lat="-19.3238293" lon="-47.5490889"/>
 <node id="4053224850" visible="true" version="2" changeset="168975721" timestamp="2025-07-15T17:03:14Z" user="MonteRosa1" uid="22220364" lat="-19.3240419" lon="-47.5497433"/>
 <node id="4053224851" visible="true" version="2" changeset="168975721" timestamp="2025-07-15T17:03:14Z" user="MonteRosa1" uid="22220364" lat="-19.3240976" lon="-47.5499847"/>
 <node id="4053224852" visible="true" version="2" changeset="168975721" timestamp="2025-07-15T17:03:14Z" user="MonteRosa1" uid="22220364" lat="-19.3242748" lon="-47.5503388"/>
 <node id="4053224853" visible="true" version="2" changeset="89126554" timestamp="2020-08-08T12:24:20Z" user="NorthwestPassage" uid="10409507" lat="-19.3268847" lon="-47.5546820"/>
 <node id="4053224854" visible="true" version="1" changeset="37737374" timestamp="2016-03-10T15:42:39Z" user="patodiez" uid="1856060" lat="-19.3270590" lon="-47.5550112"/>
 <node id="4053224855" visible="true" version="2" changeset="93330724" timestamp="2020-10-31T10:08:48Z" user="Aasee" uid="10888711" lat="-19.3271695" lon="-47.5553097"/>
 <node id="4053224856" visible="true" version="2" changeset="93330724" timestamp="2020-10-31T10:08:48Z" user="Aasee" uid="10888711" lat="-19.3274492" lon="-47.5558220"/>
 <node id="4053224857" visible="true" version="1" changeset="37737374" timestamp="2016-03-10T15:42:39Z" user="patodiez" uid="1856060" lat="-19.3287447" lon="-47.5577953"/>
 <node id="4053224858" visible="true" version="4" changeset="168975721" timestamp="2025-07-15T17:03:14Z" user="MonteRosa1" uid="22220364" lat="-19.3195667" lon="-47.5355538"/>
 <node id="4053224859" visible="true" version="1" changeset="37737374" timestamp="2016-03-10T15:42:39Z" user="patodiez" uid="1856060" lat="-19.3114176" lon="-47.5306644"/>
 <node id="4053224860" visible="true" version="2" changeset="90618005" timestamp="2020-09-09T05:08:14Z" user="LaFloresta" uid="10529535" lat="-19.3105865" lon="-47.5297818"/>
 <node id="4053224861" visible="true" version="2" changeset="90618005" timestamp="2020-09-09T05:08:14Z" user="LaFloresta" uid="10529535" lat="-19.3087766" lon="-47.5290723"/>
 <node id="4053224862" visible="true" version="2" changeset="90618005" timestamp="2020-09-09T05:08:14Z" user="LaFloresta" uid="10529535" lat="-19.3104143" lon="-47.5302981"/>
 <node id="4053224863" visible="true" version="2" changeset="90618005" timestamp="2020-09-09T05:08:14Z" user="LaFloresta" uid="10529535" lat="-19.3086500" lon="-47.5296262"/>
 <node id="4053224864" visible="true" version="2" changeset="90618005" timestamp="2020-09-09T05:08:14Z" user="LaFloresta" uid="10529535" lat="-19.3089038" lon="-47.5285406"/>
 <node id="4053224865" visible="true" version="2" changeset="90618005" timestamp="2020-09-09T05:08:14Z" user="LaFloresta" uid="10529535" lat="-19.3084753" lon="-47.5303102"/>
 <node id="4053224866" visible="true" version="3" changeset="90618005" timestamp="2020-09-09T05:08:14Z" user="LaFloresta" uid="10529535" lat="-19.3080311" lon="-47.5317029"/>
 <node id="4053224867" visible="true" version="2" changeset="151112136" timestamp="2024-05-09T17:38:48Z" user="ProjetoMapeia" uid="11455881" lat="-19.3078122" lon="-47.5296238"/>
 <node id="4053224868" visible="true" version="2" changeset="151112136" timestamp="2024-05-09T17:38:48Z" user="ProjetoMapeia" uid="11455881" lat="-19.3082249" lon="-47.5284329"/>
 <node id="4053224869" visible="true" version="2" changeset="151112136" timestamp="2024-05-09T17:38:48Z" user="ProjetoMapeia" uid="11455881" lat="-19.3088627" lon="-47.5285965"/>
 <node id="4053224870" visible="true" version="2" changeset="151112136" timestamp="2024-05-09T17:38:48Z" user="ProjetoMapeia" uid="11455881" lat="-19.3085337" lon="-47.5298706"/>
 <node id="4053224871" visible="true" version="2" changeset="90618005" timestamp="2020-09-09T05:08:14Z" user="LaFloresta" uid="10529535" lat="-19.3058048" lon="-47.5286505"/>
 <node id="4053224872" visible="true" version="2" changeset="90618005" timestamp="2020-09-09T05:08:14Z" user="LaFloresta" uid="10529535" lat="-19.3056788" lon="-47.5287934"/>
 <node id="4053224873" visible="true" version="2" changeset="90618005" timestamp="2020-09-09T05:08:14Z" user="LaFloresta" uid="10529535" lat="-19.3045688" lon="-47.5295303"/>
 <node id="4053224874" visible="true" version="1" changeset="37737374" timestamp="2016-03-10T15:42:40Z" user="patodiez" uid="1856060" lat="-19.3044607" lon="-47.5296265"/>
 <node id="4053224875" visible="true" version="1" changeset="37737374" timestamp="2016-03-10T15:42:40Z" user="patodiez" uid="1856060" lat="-19.3028912" lon="-47.5292617"/>
 <node id="4053224876" visible="true" version="2" changeset="90618005" timestamp="2020-09-09T05:08:14Z" user="LaFloresta" uid="10529535" lat="-19.3039100" lon="-47.5302860"/>
 <node id="4053224877" visible="true" version="2" changeset="90618005" timestamp="2020-09-09T05:08:14Z" user="LaFloresta" uid="10529535" lat="-19.3052074" lon="-47.5315963"/>
 <node id="4053224878" visible="true" version="1" changeset="37737374" timestamp="2016-03-10T15:42:40Z" user="patodiez" uid="1856060" lat="-19.3045993" lon="-47.5309824"/>
 <node id="4053224879" visible="true" version="2" changeset="90618005" timestamp="2020-09-09T05:08:14Z" user="LaFloresta" uid="10529535" lat="-19.3057643" lon="-47.5295846"/>
 <node id="4053224880" visible="true" version="2" changeset="90619507" timestamp="2020-09-09T05:35:33Z" user="LaFloresta" uid="10529535" lat="-19.3058187" lon="-47.5294867"/>
 <node id="4053224881" visible="true" version="2" changeset="90616376" timestamp="2020-09-09T04:33:02Z" user="LaFloresta" uid="10529535" lat="-19.3047333" lon="-47.5321850"/>
 <node id="4053224882" visible="true" version="2" changeset="90618005" timestamp="2020-09-09T05:08:14Z" user="LaFloresta" uid="10529535" lat="-19.3062402" lon="-47.5304362"/>
 <node id="4053224883" visible="true" version="2" changeset="90618005" timestamp="2020-09-09T05:08:14Z" user="LaFloresta" uid="10529535" lat="-19.3043163" lon="-47.5297905"/>
 <node id="4053224884" visible="true" version="1" changeset="37737374" timestamp="2016-03-10T15:42:40Z" user="patodiez" uid="1856060" lat="-19.3050100" lon="-47.5304788"/>
 <node id="4053224885" visible="true" version="2" changeset="90618005" timestamp="2020-09-09T05:08:14Z" user="LaFloresta" uid="10529535" lat="-19.3056339" lon="-47.5310880"/>
 <node id="4053224886" visible="true" version="2" changeset="90618005" timestamp="2020-09-09T05:08:14Z" user="LaFloresta" uid="10529535" lat="-19.3060263" lon="-47.5305844"/>
 <node id="4053224887" visible="true" version="1" changeset="37737374" timestamp="2016-03-10T15:42:40Z" user="patodiez" uid="1856060" lat="-19.3054140" lon="-47.5299833"/>
 <node id="4053224888" visible="true" version="1" changeset="37737374" timestamp="2016-03-10T15:42:40Z" user="patodiez" uid="1856060" lat="-19.3047995" lon="-47.5293700"/>
 <node id="4053224889" visible="true" version="2" changeset="90618005" timestamp="2020-09-09T05:08:14Z" user="LaFloresta" uid="10529535" lat="-19.3060940" lon="-47.5303960"/>
 <node id="4053224890" visible="true" version="2" changeset="90618005" timestamp="2020-09-09T05:08:14Z" user="LaFloresta" uid="10529535" lat="-19.3055409" lon="-47.5289107"/>
 <node id="4053224892" visible="true" version="3" changeset="90618005" timestamp="2020-09-09T05:08:14Z" user="LaFloresta" uid="10529535" lat="-19.3082171" lon="-47.5311725"/>
 <node id="4053224893" visible="true" version="3" changeset="89128247" timestamp="2020-08-08T13:25:05Z" user="NorthwestPassage" uid="10409507" lat="-19.3157224" lon="-47.5341135"/>
 <node id="4053224894" visible="true" version="2" changeset="74199793" timestamp="2019-09-07T07:56:08Z" user="patodiez" uid="1856060" lat="-19.3160708" lon="-47.5332142"/>
 <node id="4053224895" visible="true" version="2" changeset="90618005" timestamp="2020-09-09T05:08:14Z" user="LaFloresta" uid="10529535" lat="-19.3098929" lon="-47.5318095"/>
 <node id="4053224896" visible="true" version="2" changeset="90618005" timestamp="2020-09-09T05:08:14Z" user="LaFloresta" uid="10529535" lat="-19.3057934" lon="-47.5296698"/>
 <node id="4053224897" visible="true" version="2" changeset="90618005" timestamp="2020-09-09T05:08:14Z" user="LaFloresta" uid="10529535" lat="-19.3083918" lon="-47.5306401"/>
 <node id="4053224898" visible="true" version="2" changeset="90618005" timestamp="2020-09-09T05:08:14Z" user="LaFloresta" uid="10529535" lat="-19.3100764" lon="-47.5312878"/>
 <node id="4053224900" visible="true" version="1" changeset="37737374" timestamp="2016-03-10T15:42:40Z" user="patodiez" uid="1856060" lat="-19.3132444" lon="-47.5325930"/>
 <node id="4053224901" visible="true" version="3" changeset="89128247" timestamp="2020-08-08T13:25:05Z" user="NorthwestPassage" uid="10409507" lat="-19.3158857" lon="-47.5336777"/>
 <node id="4053250096" visible="true" version="4" changeset="89177520" timestamp="2020-08-10T06:03:09Z" user="NorthwestPassage" uid="10409507" lat="-19.3155167" lon="-47.5347070"/>
 <node id="4053250097" visible="true" version="2" changeset="90618005" timestamp="2020-09-09T05:08:14Z" user="LaFloresta" uid="10529535" lat="-19.3097094" lon="-47.5323352"/>
 <node id="4053250098" visible="true" version="2" changeset="90618005" timestamp="2020-09-09T05:08:14Z" user="LaFloresta" uid="10529535" lat="-19.3085905" lon="-47.5319155"/>
 <node id="4053250099" visible="true" version="2" changeset="90618005" timestamp="2020-09-09T05:08:14Z" user="LaFloresta" uid="10529535" lat="-19.3069955" lon="-47.5313079"/>
 <node id="4053250100" visible="true" version="2" changeset="90618005" timestamp="2020-09-09T05:08:14Z" user="LaFloresta" uid="10529535" lat="-19.3078590" lon="-47.5304268"/>
 <node id="4053250101" visible="true" version="2" changeset="90618005" timestamp="2020-09-09T05:08:14Z" user="LaFloresta" uid="10529535" lat="-19.3080627" lon="-47.5298193"/>
 <node id="4053250102" visible="true" version="2" changeset="90618005" timestamp="2020-09-09T05:08:14Z" user="LaFloresta" uid="10529535" lat="-19.3085804" lon="-47.5299105"/>
 <node id="4053250104" visible="true" version="2" changeset="90618005" timestamp="2020-09-09T05:08:14Z" user="LaFloresta" uid="10529535" lat="-19.3071375" lon="-47.5307561"/>
 <node id="4053250105" visible="true" version="2" changeset="90618005" timestamp="2020-09-09T05:08:14Z" user="LaFloresta" uid="10529535" lat="-19.3073299" lon="-47.5302203"/>
 <node id="4053250106" visible="true" version="2" changeset="90618005" timestamp="2020-09-09T05:08:14Z" user="LaFloresta" uid="10529535" lat="-19.3080058" lon="-47.5282127"/>
 <node id="4053250107" visible="true" version="2" changeset="90618005" timestamp="2020-09-09T05:08:14Z" user="LaFloresta" uid="10529535" lat="-19.3076856" lon="-47.5291669"/>
 <node id="4053250108" visible="true" version="2" changeset="90618005" timestamp="2020-09-09T05:08:14Z" user="LaFloresta" uid="10529535" lat="-19.3061370" lon="-47.5285956"/>
 <node id="4053250109" visible="true" version="2" changeset="90618005" timestamp="2020-09-09T05:08:14Z" user="LaFloresta" uid="10529535" lat="-19.3059073" lon="-47.5285077"/>
 <node id="4053250111" visible="true" version="2" changeset="90618005" timestamp="2020-09-09T05:08:14Z" user="LaFloresta" uid="10529535" lat="-19.3062832" lon="-47.5298461"/>
 <node id="4053250112" visible="true" version="2" changeset="90618005" timestamp="2020-09-09T05:08:14Z" user="LaFloresta" uid="10529535" lat="-19.3066420" lon="-47.5287867"/>
 <node id="4053250113" visible="true" version="2" changeset="90618005" timestamp="2020-09-09T05:08:14Z" user="LaFloresta" uid="10529535" lat="-19.3069186" lon="-47.5279632"/>
 <node id="4053250114" visible="true" version="2" changeset="90618005" timestamp="2020-09-09T05:08:14Z" user="LaFloresta" uid="10529535" lat="-19.3066186" lon="-47.5305596"/>
 <node id="4053250115" visible="true" version="2" changeset="90618005" timestamp="2020-09-09T05:08:14Z" user="LaFloresta" uid="10529535" lat="-19.3067964" lon="-47.5300305"/>
 <node id="4053250116" visible="true" version="2" changeset="90618005" timestamp="2020-09-09T05:08:14Z" user="LaFloresta" uid="10529535" lat="-19.3071603" lon="-47.5289784"/>
 <node id="4053250117" visible="true" version="2" changeset="90618005" timestamp="2020-09-09T05:08:14Z" user="LaFloresta" uid="10529535" lat="-19.3074445" lon="-47.5280859"/>
 <node id="4053250118" visible="true" version="2" changeset="90618005" timestamp="2020-09-09T05:08:14Z" user="LaFloresta" uid="10529535" lat="-19.3088158" lon="-47.5277527"/>
 <node id="4053250119" visible="true" version="3" changeset="90618005" timestamp="2020-09-09T05:08:14Z" user="LaFloresta" uid="10529535" lat="-19.3084753" lon="-47.5276668"/>
 <node id="4053250120" visible="true" version="2" changeset="90618005" timestamp="2020-09-09T05:08:14Z" user="LaFloresta" uid="10529535" lat="-19.3095246" lon="-47.5328730"/>
 <node id="4053250121" visible="true" version="1" changeset="37737884" timestamp="2016-03-10T16:00:18Z" user="patodiez" uid="1856060" lat="-19.3072604" lon="-47.5319922"/>
 <node id="4053250122" visible="true" version="2" changeset="90618005" timestamp="2020-09-09T05:08:14Z" user="LaFloresta" uid="10529535" lat="-19.3078450" lon="-47.5322306"/>
 <node id="4053250123" visible="true" version="2" changeset="90616376" timestamp="2020-09-09T04:33:02Z" user="LaFloresta" uid="10529535" lat="-19.3073634" lon="-47.5332941"/>
 <node id="4053250124" visible="true" version="2" changeset="90618005" timestamp="2020-09-09T05:08:14Z" user="LaFloresta" uid="10529535" lat="-19.3071799" lon="-47.5280249"/>
 <node id="4053250125" visible="true" version="2" changeset="90618005" timestamp="2020-09-09T05:08:14Z" user="LaFloresta" uid="10529535" lat="-19.3069040" lon="-47.5288812"/>
 <node id="4053250126" visible="true" version="2" changeset="90617573" timestamp="2020-09-09T05:00:03Z" user="LaFloresta" uid="10529535" lat="-19.3044251" lon="-47.5329139"/>
 <node id="4053250127" visible="true" version="2" changeset="90617573" timestamp="2020-09-09T05:00:03Z" user="LaFloresta" uid="10529535" lat="-19.3045251" lon="-47.5330903"/>
 <node id="4053250128" visible="true" version="2" changeset="90617573" timestamp="2020-09-09T05:00:03Z" user="LaFloresta" uid="10529535" lat="-19.3047694" lon="-47.5332901"/>
 <node id="4053250129" visible="true" version="1" changeset="37737884" timestamp="2016-03-10T16:00:19Z" user="patodiez" uid="1856060" lat="-19.3072857" lon="-47.5352269"/>
 <node id="4053250130" visible="true" version="2" changeset="90616376" timestamp="2020-09-09T04:33:02Z" user="LaFloresta" uid="10529535" lat="-19.3084791" lon="-47.5336240"/>
 <node id="4053250131" visible="true" version="2" changeset="90617573" timestamp="2020-09-09T05:00:03Z" user="LaFloresta" uid="10529535" lat="-19.3065756" lon="-47.5346728"/>
 <node id="4053250132" visible="true" version="1" changeset="37737884" timestamp="2016-03-10T16:00:19Z" user="patodiez" uid="1856060" lat="-19.3069411" lon="-47.5349626"/>
 <node id="4053250133" visible="true" version="2" changeset="90617573" timestamp="2020-09-09T05:00:03Z" user="LaFloresta" uid="10529535" lat="-19.3062262" lon="-47.5343898"/>
 <node id="4053250134" visible="true" version="2" changeset="90617573" timestamp="2020-09-09T05:00:03Z" user="LaFloresta" uid="10529535" lat="-19.3060237" lon="-47.5338990"/>
 <node id="4053250135" visible="true" version="2" changeset="90617573" timestamp="2020-09-09T05:00:03Z" user="LaFloresta" uid="10529535" lat="-19.3059516" lon="-47.5341578"/>
 <node id="4053250136" visible="true" version="2" changeset="90617573" timestamp="2020-09-09T05:00:03Z" user="LaFloresta" uid="10529535" lat="-19.3059870" lon="-47.5341015"/>
 <node id="4053250137" visible="true" version="2" changeset="90617573" timestamp="2020-09-09T05:00:03Z" user="LaFloresta" uid="10529535" lat="-19.3060054" lon="-47.5340545"/>
 <node id="4053250138" visible="true" version="2" changeset="90617573" timestamp="2020-09-09T05:00:03Z" user="LaFloresta" uid="10529535" lat="-19.3059244" lon="-47.5339345"/>
 <node id="4053250139" visible="true" version="2" changeset="90617573" timestamp="2020-09-09T05:00:03Z" user="LaFloresta" uid="10529535" lat="-19.3058794" lon="-47.5339720"/>
 <node id="4053250140" visible="true" version="2" changeset="90617573" timestamp="2020-09-09T05:00:03Z" user="LaFloresta" uid="10529535" lat="-19.3058130" lon="-47.5340498"/>
 <node id="4053250141" visible="true" version="2" changeset="90617573" timestamp="2020-09-09T05:00:03Z" user="LaFloresta" uid="10529535" lat="-19.3055187" lon="-47.5338292"/>
 <node id="4053250142" visible="true" version="2" changeset="90617573" timestamp="2020-09-09T05:00:03Z" user="LaFloresta" uid="10529535" lat="-19.3051453" lon="-47.5335516"/>
 <node id="4053250143" visible="true" version="4" changeset="90630825" timestamp="2020-09-09T08:31:42Z" user="LaFloresta" uid="10529535" lat="-19.3108421" lon="-47.5352535"/>
 <node id="4053250144" visible="true" version="6" changeset="90630825" timestamp="2020-09-09T08:31:42Z" user="LaFloresta" uid="10529535" lat="-19.3106333" lon="-47.5358033"/>
 <node id="4053250145" visible="true" version="2" changeset="90630825" timestamp="2020-09-09T08:31:42Z" user="LaFloresta" uid="10529535" lat="-19.3096898" lon="-47.5354451"/>
 <node id="4053250146" visible="true" version="2" changeset="90616376" timestamp="2020-09-09T04:33:02Z" user="LaFloresta" uid="10529535" lat="-19.3097727" lon="-47.5354774"/>
 <node id="4053250147" visible="true" version="2" changeset="89126554" timestamp="2020-08-08T12:24:20Z" user="NorthwestPassage" uid="10409507" lat="-19.3125205" lon="-47.5371326"/>
 <node id="4053250148" visible="true" version="3" changeset="133474652" timestamp="2023-03-09T11:16:50Z" user="(inactive) WarpathPeacock" uid="9633078" lat="-19.3123735" lon="-47.5370277"/>
 <node id="4053250149" visible="true" version="4" changeset="130601340" timestamp="2022-12-28T13:14:44Z" user="Raphaelkaart" uid="12468685" lat="-19.3127250" lon="-47.5360663"/>
 <node id="4053250150" visible="true" version="2" changeset="89126554" timestamp="2020-08-08T12:24:20Z" user="NorthwestPassage" uid="10409507" lat="-19.3127681" lon="-47.5362727"/>
 <node id="4053250151" visible="true" version="2" changeset="89126554" timestamp="2020-08-08T12:24:20Z" user="NorthwestPassage" uid="10409507" lat="-19.3128112" lon="-47.5363880"/>
 <node id="4053250152" visible="true" version="2" changeset="89126554" timestamp="2020-08-08T12:24:20Z" user="NorthwestPassage" uid="10409507" lat="-19.3128292" lon="-47.5365242"/>
 <node id="4053250153" visible="true" version="3" changeset="89126554" timestamp="2020-08-08T12:24:20Z" user="NorthwestPassage" uid="10409507" lat="-19.3128339" lon="-47.5365952"/>
 <node id="4053250154" visible="true" version="2" changeset="89126554" timestamp="2020-08-08T12:24:20Z" user="NorthwestPassage" uid="10409507" lat="-19.3129077" lon="-47.5366824"/>
 <node id="4053250155" visible="true" version="3" changeset="130601497" timestamp="2022-12-28T13:17:48Z" user="Raphaelkaart" uid="12468685" lat="-19.3142257" lon="-47.5372193"/>
 <node id="4053250156" visible="true" version="5" changeset="130601497" timestamp="2022-12-28T13:17:48Z" user="Raphaelkaart" uid="12468685" lat="-19.3143485" lon="-47.5373502"/>
 <node id="4053250157" visible="true" version="5" changeset="130601497" timestamp="2022-12-28T13:17:48Z" user="Raphaelkaart" uid="12468685" lat="-19.3145671" lon="-47.5378002"/>
 <node id="4053250158" visible="true" version="4" changeset="130601497" timestamp="2022-12-28T13:17:48Z" user="Raphaelkaart" uid="12468685" lat="-19.3146061" lon="-47.5379566"/>
 <node id="4053250159" visible="true" version="3" changeset="130601497" timestamp="2022-12-28T13:17:48Z" user="Raphaelkaart" uid="12468685" lat="-19.3146648" lon="-47.5385126"/>
 <node id="4053250160" visible="true" version="5" changeset="130601497" timestamp="2022-12-28T13:17:48Z" user="Raphaelkaart" uid="12468685" lat="-19.3146259" lon="-47.5387012"/>
 <node id="4053250161" visible="true" version="4" changeset="146290512" timestamp="2024-01-15T16:57:29Z" user="ProjetoMapeia" uid="11455881" lat="-19.3141420" lon="-47.5392079"/>
 <node id="4053250162" visible="true" version="3" changeset="89127194" timestamp="2020-08-08T12:47:56Z" user="NorthwestPassage" uid="10409507" lat="-19.3149948" lon="-47.5369569"/>
 <node id="4053250163" visible="true" version="4" changeset="130601497" timestamp="2022-12-28T13:17:48Z" user="Raphaelkaart" uid="12468685" lat="-19.3147411" lon="-47.5386408"/>
 <node id="4053250164" visible="true" version="4" changeset="173672006" timestamp="2025-10-23T12:31:48Z" user="DressyPear4" uid="3984659" lat="-19.3160059" lon="-47.5380430"/>
 <node id="4053250165" visible="true" version="6" changeset="151111086" timestamp="2024-05-09T17:15:57Z" user="ProjetoMapeia" uid="11455881" lat="-19.3147770" lon="-47.5391432"/>
 <node id="4053250167" visible="true" version="6" changeset="173672006" timestamp="2025-10-23T12:31:48Z" user="DressyPear4" uid="3984659" lat="-19.3161508" lon="-47.5384310"/>
 <node id="4053250168" visible="true" version="6" changeset="151111086" timestamp="2024-05-09T17:15:57Z" user="ProjetoMapeia" uid="11455881" lat="-19.3155172" lon="-47.5396440"/>
 <node id="4053250170" visible="true" version="6" changeset="146290512" timestamp="2024-01-15T16:57:29Z" user="ProjetoMapeia" uid="11455881" lat="-19.3144798" lon="-47.5388916"/>
 <node id="4053250172" visible="true" version="4" changeset="146290512" timestamp="2024-01-15T16:57:29Z" user="ProjetoMapeia" uid="11455881" lat="-19.3166045" lon="-47.5404395"/>
 <node id="4053250173" visible="true" version="4" changeset="146290512" timestamp="2024-01-15T16:57:29Z" user="ProjetoMapeia" uid="11455881" lat="-19.3168311" lon="-47.5406058"/>
 <node id="4053250174" visible="true" version="5" changeset="151111086" timestamp="2024-05-09T17:15:57Z" user="ProjetoMapeia" uid="11455881" lat="-19.3174635" lon="-47.5415898"/>
 <node id="4053250177" visible="true" version="4" changeset="151111086" timestamp="2024-05-09T17:15:57Z" user="ProjetoMapeia" uid="11455881" lat="-19.3156630" lon="-47.5425088"/>
 <node id="4053250178" visible="true" version="3" changeset="151111086" timestamp="2024-05-09T17:15:57Z" user="ProjetoMapeia" uid="11455881" lat="-19.3147637" lon="-47.5413709"/>
 <node id="4053250179" visible="true" version="3" changeset="151111086" timestamp="2024-05-09T17:15:57Z" user="ProjetoMapeia" uid="11455881" lat="-19.3150890" lon="-47.5417403"/>
 <node id="4053250180" visible="true" version="3" changeset="146290512" timestamp="2024-01-15T16:57:29Z" user="ProjetoMapeia" uid="11455881" lat="-19.3169576" lon="-47.5408016"/>
 <node id="4053250181" visible="true" version="3" changeset="151111086" timestamp="2024-05-09T17:15:57Z" user="ProjetoMapeia" uid="11455881" lat="-19.3153946" lon="-47.5421307"/>
 <node id="4053250182" visible="true" version="4" changeset="151111086" timestamp="2024-05-09T17:15:57Z" user="ProjetoMapeia" uid="11455881" lat="-19.3172010" lon="-47.5411960"/>
 <node id="4053250186" visible="true" version="5" changeset="151111086" timestamp="2024-05-09T17:15:57Z" user="ProjetoMapeia" uid="11455881" lat="-19.3189339" lon="-47.5437958"/>
 <node id="4053250187" visible="true" version="3" changeset="151111086" timestamp="2024-05-09T17:15:57Z" user="ProjetoMapeia" uid="11455881" lat="-19.3167905" lon="-47.5419373"/>
 <node id="4053250188" visible="true" version="2" changeset="151111086" timestamp="2024-05-09T17:15:57Z" user="ProjetoMapeia" uid="11455881" lat="-19.3159424" lon="-47.5429555"/>
 <node id="4053251189" visible="true" version="4" changeset="151111086" timestamp="2024-05-09T17:15:57Z" user="ProjetoMapeia" uid="11455881" lat="-19.3177365" lon="-47.5420148"/>
 <node id="4053251191" visible="true" version="4" changeset="151111086" timestamp="2024-05-09T17:15:57Z" user="ProjetoMapeia" uid="11455881" lat="-19.3180285" lon="-47.5424527"/>
 <node id="4053251193" visible="true" version="4" changeset="151111086" timestamp="2024-05-09T17:15:57Z" user="ProjetoMapeia" uid="11455881" lat="-19.3183518" lon="-47.5429257"/>
 <node id="4053251195" visible="true" version="4" changeset="151111086" timestamp="2024-05-09T17:15:57Z" user="ProjetoMapeia" uid="11455881" lat="-19.3186434" lon="-47.5433590"/>
 <node id="4053251200" visible="true" version="2" changeset="89126554" timestamp="2020-08-08T12:24:20Z" user="NorthwestPassage" uid="10409507" lat="-19.3149529" lon="-47.5422111"/>
 <node id="4169818153" visible="true" version="3" changeset="186169929" timestamp="2026-07-22T10:36:11Z" user="LakeImandra" uid="23865736" lat="-19.3296892" lon="-47.5592431"/>
 <node id="4423880222" visible="true" version="4" changeset="173672006" timestamp="2025-10-23T12:31:48Z" user="DressyPear4" uid="3984659" lat="-19.3176600" lon="-47.5378754"/>
 <node id="4423880223" visible="true" version="4" changeset="173672006" timestamp="2025-10-23T12:31:48Z" user="DressyPear4" uid="3984659" lat="-19.3158224" lon="-47.5375830"/>
 <node id="4423880224" visible="true" version="5" changeset="173672006" timestamp="2025-10-23T12:31:48Z" user="DressyPear4" uid="3984659" lat="-19.3158097" lon="-47.5375340"/>
 <node id="4423880225" visible="true" version="4" changeset="173672006" timestamp="2025-10-23T12:31:48Z" user="DressyPear4" uid="3984659" lat="-19.3159233" lon="-47.5374789"/>
 <node id="4423880236" visible="true" version="4" changeset="173672006" timestamp="2025-10-23T12:31:48Z" user="DressyPear4" uid="3984659" lat="-19.3176315" lon="-47.5373550"/>
 <node id="4423880238" visible="true" version="4" changeset="89127194" timestamp="2020-08-08T12:47:56Z" user="NorthwestPassage" uid="10409507" lat="-19.3173176" lon="-47.5368767"/>
 <node id="4423880242" visible="true" version="5" changeset="168975721" timestamp="2025-07-15T17:03:14Z" user="MonteRosa1" uid="22220364" lat="-19.3190518" lon="-47.5349430"/>
 <node id="4423880243" visible="true" version="5" changeset="173672006" timestamp="2025-10-23T12:31:48Z" user="DressyPear4" uid="3984659" lat="-19.3218023" lon="-47.5397637"/>
 <node id="4423880244" visible="true" version="4" changeset="173672006" timestamp="2025-10-23T12:31:48Z" user="DressyPear4" uid="3984659" lat="-19.3242322" lon="-47.5347050"/>
 <node id="4423880251" visible="true" version="1" changeset="42523079" timestamp="2016-09-29T16:21:31Z" user="George Silva" uid="646190" lat="-19.3230272" lon="-47.5335473"/>
 <node id="4423880252" visible="true" version="3" changeset="173672006" timestamp="2025-10-23T12:31:48Z" user="DressyPear4" uid="3984659" lat="-19.3244777" lon="-47.5349826"/>
 <node id="4423880253" visible="true" version="3" changeset="173672006" timestamp="2025-10-23T12:31:48Z" user="DressyPear4" uid="3984659" lat="-19.3252079" lon="-47.5357430"/>
 <node id="4423880254" visible="true" version="3" changeset="173672006" timestamp="2025-10-23T12:31:48Z" user="DressyPear4" uid="3984659" lat="-19.3257318" lon="-47.5362808"/>
 <node id="4423880255" visible="true" version="3" changeset="173672006" timestamp="2025-10-23T12:31:48Z" user="DressyPear4" uid="3984659" lat="-19.3259520" lon="-47.5365114"/>
 <node id="4423880256" visible="true" version="3" changeset="173672006" timestamp="2025-10-23T12:31:48Z" user="DressyPear4" uid="3984659" lat="-19.3261115" lon="-47.5366563"/>
 <node id="4423880257" visible="true" version="3" changeset="173672006" timestamp="2025-10-23T12:31:48Z" user="DressyPear4" uid="3984659" lat="-19.3262848" lon="-47.5368145"/>
 <node id="4423880258" visible="true" version="3" changeset="173672006" timestamp="2025-10-23T12:31:48Z" user="DressyPear4" uid="3984659" lat="-19.3263949" lon="-47.5369527"/>
 <node id="4423880259" visible="true" version="2" changeset="89127194" timestamp="2020-08-08T12:47:56Z" user="NorthwestPassage" uid="10409507" lat="-19.3265772" lon="-47.5373751"/>
 <node id="4423880260" visible="true" version="3" changeset="89177520" timestamp="2020-08-10T06:03:09Z" user="NorthwestPassage" uid="10409507" lat="-19.3266278" lon="-47.5375541"/>
 <node id="4423880261" visible="true" version="3" changeset="89177520" timestamp="2020-08-10T06:03:09Z" user="NorthwestPassage" uid="10409507" lat="-19.3267177" lon="-47.5377519"/>
 <node id="4423880262" visible="true" version="3" changeset="89177520" timestamp="2020-08-10T06:03:09Z" user="NorthwestPassage" uid="10409507" lat="-19.3268480" lon="-47.5379330"/>
 <node id="4423880263" visible="true" version="2" changeset="89177520" timestamp="2020-08-10T06:03:09Z" user="NorthwestPassage" uid="10409507" lat="-19.3270704" lon="-47.5382074"/>
 <node id="4423880264" visible="true" version="4" changeset="168975721" timestamp="2025-07-15T17:03:14Z" user="MonteRosa1" uid="22220364" lat="-19.3214733" lon="-47.5391688"/>
 <node id="4423880265" visible="true" version="2" changeset="89127194" timestamp="2020-08-08T12:47:56Z" user="NorthwestPassage" uid="10409507" lat="-19.3233647" lon="-47.5339126"/>
 <node id="4423880266" visible="true" version="4" changeset="168975721" timestamp="2025-07-15T17:03:14Z" user="MonteRosa1" uid="22220364" lat="-19.3211860" lon="-47.5386136"/>
 <node id="4423880267" visible="true" version="4" changeset="168975721" timestamp="2025-07-15T17:03:14Z" user="MonteRosa1" uid="22220364" lat="-19.3208949" lon="-47.5380511"/>
 <node id="4423880268" visible="true" version="1" changeset="42523079" timestamp="2016-09-29T16:21:32Z" user="George Silva" uid="646190" lat="-19.3226581" lon="-47.5331626"/>
 <node id="4423880269" visible="true" version="4" changeset="168975721" timestamp="2025-07-15T17:03:14Z" user="MonteRosa1" uid="22220364" lat="-19.3205975" lon="-47.5375038"/>
 <node id="4423880270" visible="true" version="2" changeset="173672006" timestamp="2025-10-23T12:31:48Z" user="DressyPear4" uid="3984659" lat="-19.3223419" lon="-47.5326287"/>
 <node id="4423880271" visible="true" version="4" changeset="168975721" timestamp="2025-07-15T17:03:14Z" user="MonteRosa1" uid="22220364" lat="-19.3203076" lon="-47.5369178"/>
 <node id="4423880272" visible="true" version="4" changeset="173672006" timestamp="2025-10-23T12:31:48Z" user="DressyPear4" uid="3984659" lat="-19.3219263" lon="-47.5324566"/>
 <node id="4423880273" visible="true" version="4" changeset="168975721" timestamp="2025-07-15T17:03:14Z" user="MonteRosa1" uid="22220364" lat="-19.3199989" lon="-47.5363719"/>
 <node id="4423880274" visible="true" version="3" changeset="173672006" timestamp="2025-10-23T12:31:48Z" user="DressyPear4" uid="3984659" lat="-19.3214973" lon="-47.5322883"/>
 <node id="4423880275" visible="true" version="4" changeset="168975721" timestamp="2025-07-15T17:03:14Z" user="MonteRosa1" uid="22220364" lat="-19.3197287" lon="-47.5358415"/>
 <node id="4423880276" visible="true" version="3" changeset="173672006" timestamp="2025-10-23T12:31:48Z" user="DressyPear4" uid="3984659" lat="-19.3212247" lon="-47.5316547"/>
 <node id="4423880277" visible="true" version="4" changeset="168975721" timestamp="2025-07-15T17:03:14Z" user="MonteRosa1" uid="22220364" lat="-19.3194237" lon="-47.5352843"/>
 <node id="4423880279" visible="true" version="5" changeset="173672006" timestamp="2025-10-23T12:31:48Z" user="DressyPear4" uid="3984659" lat="-19.3215618" lon="-47.5393452"/>
 <node id="4423880280" visible="true" version="4" changeset="168975721" timestamp="2025-07-15T17:03:14Z" user="MonteRosa1" uid="22220364" lat="-19.3193458" lon="-47.5351703"/>
 <node id="4423880281" visible="true" version="4" changeset="168975721" timestamp="2025-07-15T17:03:14Z" user="MonteRosa1" uid="22220364" lat="-19.3191661" lon="-47.5348645"/>
 <node id="4423880283" visible="true" version="4" changeset="89200529" timestamp="2020-08-10T12:48:38Z" user="NorthwestPassage" uid="10409507" lat="-19.3191693" lon="-47.5345320"/>
 <node id="4423880285" visible="true" version="3" changeset="173672006" timestamp="2025-10-23T12:31:48Z" user="DressyPear4" uid="3984659" lat="-19.3224585" lon="-47.5379664"/>
 <node id="4423880286" visible="true" version="4" changeset="168975721" timestamp="2025-07-15T17:03:14Z" user="MonteRosa1" uid="22220364" lat="-19.3204431" lon="-47.5372309"/>
 <node id="4423880287" visible="true" version="3" changeset="173672006" timestamp="2025-10-23T12:31:48Z" user="DressyPear4" uid="3984659" lat="-19.3245888" lon="-47.5374593"/>
 <node id="4423881589" visible="true" version="3" changeset="173672006" timestamp="2025-10-23T12:31:48Z" user="DressyPear4" uid="3984659" lat="-19.3232641" lon="-47.5356156"/>
 <node id="4423881591" visible="true" version="4" changeset="173672006" timestamp="2025-10-23T12:31:48Z" user="DressyPear4" uid="3984659" lat="-19.3236779" lon="-47.5344649"/>
 <node id="4423881592" visible="true" version="6" changeset="173672006" timestamp="2025-10-23T12:31:48Z" user="DressyPear4" uid="3984659" lat="-19.3197267" lon="-47.5329481"/>
 <node id="4423881593" visible="true" version="3" changeset="173672006" timestamp="2025-10-23T12:31:48Z" user="DressyPear4" uid="3984659" lat="-19.3210632" lon="-47.5321180"/>
 <node id="4423881594" visible="true" version="3" changeset="173672006" timestamp="2025-10-23T12:31:48Z" user="DressyPear4" uid="3984659" lat="-19.3206240" lon="-47.5319651"/>
 <node id="4423881595" visible="true" version="6" changeset="173672006" timestamp="2025-10-23T12:31:48Z" user="DressyPear4" uid="3984659" lat="-19.3201520" lon="-47.5317787"/>
 <node id="4533941594" visible="true" version="3" changeset="173672006" timestamp="2025-10-23T12:31:48Z" user="DressyPear4" uid="3984659" lat="-19.3219921" lon="-47.5377667"/>
 <node id="4533941596" visible="true" version="3" changeset="173672006" timestamp="2025-10-23T12:31:48Z" user="DressyPear4" uid="3984659" lat="-19.3224122" lon="-47.5366335"/>
 <node id="4533941597" visible="true" version="3" changeset="173672006" timestamp="2025-10-23T12:31:48Z" user="DressyPear4" uid="3984659" lat="-19.3206503" lon="-47.5359650"/>
 <node id="4533941598" visible="true" version="4" changeset="173672006" timestamp="2025-10-23T12:31:48Z" user="DressyPear4" uid="3984659" lat="-19.3202371" lon="-47.5358082"/>
 <node id="4533941599" visible="true" version="4" changeset="173672006" timestamp="2025-10-23T12:31:48Z" user="DressyPear4" uid="3984659" lat="-19.3198054" lon="-47.5356444"/>
 <node id="4533941600" visible="true" version="3" changeset="173672006" timestamp="2025-10-23T12:31:48Z" user="DressyPear4" uid="3984659" lat="-19.3232433" lon="-47.5342826"/>
 <node id="4533941601" visible="true" version="3" changeset="173672006" timestamp="2025-10-23T12:31:48Z" user="DressyPear4" uid="3984659" lat="-19.3215171" lon="-47.5336172"/>
 <node id="4533941602" visible="true" version="3" changeset="173672006" timestamp="2025-10-23T12:31:48Z" user="DressyPear4" uid="3984659" lat="-19.3210728" lon="-47.5334617"/>
 <node id="4533941603" visible="true" version="3" changeset="173672006" timestamp="2025-10-23T12:31:48Z" user="DressyPear4" uid="3984659" lat="-19.3202098" lon="-47.5331277"/>
 <node id="4533941604" visible="true" version="3" changeset="173672006" timestamp="2025-10-23T12:31:48Z" user="DressyPear4" uid="3984659" lat="-19.3206477" lon="-47.5333097"/>
 <node id="4533941605" visible="true" version="3" changeset="173672006" timestamp="2025-10-23T12:31:48Z" user="DressyPear4" uid="3984659" lat="-19.3228299" lon="-47.5354506"/>
 <node id="4533941606" visible="true" version="3" changeset="173672006" timestamp="2025-10-23T12:31:48Z" user="DressyPear4" uid="3984659" lat="-19.3210916" lon="-47.5347936"/>
 <node id="4533941607" visible="true" version="4" changeset="173672006" timestamp="2025-10-23T12:31:48Z" user="DressyPear4" uid="3984659" lat="-19.3206390" lon="-47.5346240"/>
 <node id="4533941608" visible="true" version="3" changeset="173672006" timestamp="2025-10-23T12:31:48Z" user="DressyPear4" uid="3984659" lat="-19.3197875" lon="-47.5342919"/>
 <node id="4533941609" visible="true" version="4" changeset="173672006" timestamp="2025-10-23T12:31:48Z" user="DressyPear4" uid="3984659" lat="-19.3202325" lon="-47.5344646"/>
 <node id="4533941610" visible="true" version="3" changeset="173672006" timestamp="2025-10-23T12:31:48Z" user="DressyPear4" uid="3984659" lat="-19.3215631" lon="-47.5376084"/>
 <node id="4533941611" visible="true" version="3" changeset="173672006" timestamp="2025-10-23T12:31:48Z" user="DressyPear4" uid="3984659" lat="-19.3228127" lon="-47.5341228"/>
 <node id="4533941612" visible="true" version="3" changeset="173672006" timestamp="2025-10-23T12:31:48Z" user="DressyPear4" uid="3984659" lat="-19.3223857" lon="-47.5352870"/>
 <node id="4533941613" visible="true" version="3" changeset="173672006" timestamp="2025-10-23T12:31:48Z" user="DressyPear4" uid="3984659" lat="-19.3219698" lon="-47.5364656"/>
 <node id="4533941614" visible="true" version="3" changeset="173672006" timestamp="2025-10-23T12:31:48Z" user="DressyPear4" uid="3984659" lat="-19.3211148" lon="-47.5374371"/>
 <node id="4533941615" visible="true" version="4" changeset="173672006" timestamp="2025-10-23T12:31:48Z" user="DressyPear4" uid="3984659" lat="-19.3223905" lon="-47.5339553"/>
 <node id="4533941616" visible="true" version="3" changeset="173672006" timestamp="2025-10-23T12:31:48Z" user="DressyPear4" uid="3984659" lat="-19.3219465" lon="-47.5351127"/>
 <node id="4533941617" visible="true" version="3" changeset="173672006" timestamp="2025-10-23T12:31:48Z" user="DressyPear4" uid="3984659" lat="-19.3215170" lon="-47.5362938"/>
 <node id="4533941618" visible="true" version="4" changeset="168975721" timestamp="2025-07-15T17:03:14Z" user="MonteRosa1" uid="22220364" lat="-19.3206682" lon="-47.5372756"/>
 <node id="4533941619" visible="true" version="3" changeset="173672006" timestamp="2025-10-23T12:31:48Z" user="DressyPear4" uid="3984659" lat="-19.3219323" lon="-47.5337916"/>
 <node id="4533941620" visible="true" version="3" changeset="173672006" timestamp="2025-10-23T12:31:48Z" user="DressyPear4" uid="3984659" lat="-19.3215227" lon="-47.5349572"/>
 <node id="4533941621" visible="true" version="3" changeset="173672006" timestamp="2025-10-23T12:31:48Z" user="DressyPear4" uid="3984659" lat="-19.3210904" lon="-47.5361319"/>
 <node id="5081560329" visible="true" version="1" changeset="51749645" timestamp="2017-09-05T12:47:57Z" user="zeninguem" uid="2082896" lat="-19.2970629" lon="-47.4921334"/>
 <node id="5081560334" visible="true" version="3" changeset="87112177" timestamp="2020-06-25T04:12:12Z" user="Laccadive" uid="10811047" lat="-19.2969453" lon="-47.4916931"/>
 <node id="5081560338" visible="true" version="2" changeset="89126554" timestamp="2020-08-08T12:24:20Z" user="NorthwestPassage" uid="10409507" lat="-19.3172956" lon="-47.5468446"/>
 <node id="5081560343" visible="true" version="1" changeset="51749645" timestamp="2017-09-05T12:47:57Z" user="zeninguem" uid="2082896" lat="-19.3178956" lon="-47.5482034"/>
 <node id="6477908812" visible="true" version="3" changeset="90624882" timestamp="2020-09-09T06:57:03Z" user="LakeVouliagmeni" uid="10142181" lat="-19.3669160" lon="-47.4973009"/>
 <node id="6477908937" visible="true" version="2" changeset="85176786" timestamp="2020-05-14T05:39:00Z" user="CanalBelt" uid="10142300" lat="-19.3137607" lon="-47.5232761"/>
 <node id="6477908938" visible="true" version="1" changeset="70316208" timestamp="2019-05-16T12:17:38Z" user="user_9544873" uid="9544873" lat="-19.3136967" lon="-47.5235171"/>
 <node id="6477950151" visible="true" version="2" changeset="87905733" timestamp="2020-07-13T07:21:49Z" user="LaMariscal" uid="10811204" lat="-19.4363313" lon="-47.4968617"/>
 <node id="6778964281" visible="true" version="2" changeset="90617573" timestamp="2020-09-09T05:00:03Z" user="LaFloresta" uid="10529535" lat="-19.3036822" lon="-47.5320818"/>
 <node id="6778964282" visible="true" version="2" changeset="90617573" timestamp="2020-09-09T05:00:03Z" user="LaFloresta" uid="10529535" lat="-19.3031405" lon="-47.5313602"/>
 <node id="6778964285" visible="true" version="2" changeset="90616376" timestamp="2020-09-09T04:33:02Z" user="LaFloresta" uid="10529535" lat="-19.3041239" lon="-47.5315721"/>
 <node id="6778964286" visible="true" version="2" changeset="90618005" timestamp="2020-09-09T05:08:14Z" user="LaFloresta" uid="10529535" lat="-19.3083184" lon="-47.5276481"/>
 <node id="6778964287" visible="true" version="2" changeset="90618005" timestamp="2020-09-09T05:08:14Z" user="LaFloresta" uid="10529535" lat="-19.3079893" lon="-47.5276239"/>
 <node id="6778964289" visible="true" version="3" changeset="151112136" timestamp="2024-05-09T17:38:48Z" user="ProjetoMapeia" uid="11455881" lat="-19.3075173" lon="-47.5276306"/>
 <node id="6778964290" visible="true" version="1" changeset="74199793" timestamp="2019-09-07T07:56:08Z" user="patodiez" uid="1856060" lat="-19.3101746" lon="-47.5308595"/>
 <node id="6778964291" visible="true" version="1" changeset="74199793" timestamp="2019-09-07T07:56:08Z" user="patodiez" uid="1856060" lat="-19.3091694" lon="-47.5304529"/>
 <node id="6778964292" visible="true" version="1" changeset="74199793" timestamp="2019-09-07T07:56:08Z" user="patodiez" uid="1856060" lat="-19.3090351" lon="-47.5308229"/>
 <node id="6778964293" visible="true" version="1" changeset="74199793" timestamp="2019-09-07T07:56:08Z" user="patodiez" uid="1856060" lat="-19.3100326" lon="-47.5311969"/>
 <node id="6778964294" visible="true" version="2" changeset="85177430" timestamp="2020-05-14T05:51:17Z" user="CanalBelt" uid="10142300" lat="-19.3117578" lon="-47.5241826"/>
 <node id="6778964295" visible="true" version="2" changeset="85176786" timestamp="2020-05-14T05:39:00Z" user="CanalBelt" uid="10142300" lat="-19.3143998" lon="-47.5214615"/>
 <node id="6778964296" visible="true" version="3" changeset="90619507" timestamp="2020-09-09T05:35:33Z" user="LaFloresta" uid="10529535" lat="-19.3102333" lon="-47.5356437"/>
 <node id="6778964297" visible="true" version="4" changeset="174318723" timestamp="2025-11-07T06:47:20Z" user="ShashiRiver" uid="22557307" lat="-19.3102675" lon="-47.5369178"/>
 <node id="6778964298" visible="true" version="5" changeset="174318723" timestamp="2025-11-07T06:47:20Z" user="ShashiRiver" uid="22557307" lat="-19.3100612" lon="-47.5374810"/>
 <node id="6778964299" visible="true" version="1" changeset="74199793" timestamp="2019-09-07T07:56:08Z" user="patodiez" uid="1856060" lat="-19.3095043" lon="-47.5359883"/>
 <node id="6778964300" visible="true" version="4" changeset="90619507" timestamp="2020-09-09T05:35:33Z" user="LaFloresta" uid="10529535" lat="-19.3104384" lon="-47.5363411"/>
 <node id="6778964301" visible="true" version="2" changeset="90616376" timestamp="2020-09-09T04:33:02Z" user="LaFloresta" uid="10529535" lat="-19.3095929" lon="-47.5360226"/>
 <node id="6778964302" visible="true" version="4" changeset="90630825" timestamp="2020-09-09T08:31:42Z" user="LaFloresta" uid="10529535" lat="-19.3104251" lon="-47.5350899"/>
 <node id="6778964303" visible="true" version="2" changeset="90616376" timestamp="2020-09-09T04:33:02Z" user="LaFloresta" uid="10529535" lat="-19.3099714" lon="-47.5349095"/>
 <node id="6778964304" visible="true" version="4" changeset="174318723" timestamp="2025-11-07T06:47:20Z" user="ShashiRiver" uid="22557307" lat="-19.3120730" lon="-47.5391145"/>
 <node id="6778964305" visible="true" version="3" changeset="90619507" timestamp="2020-09-09T05:35:33Z" user="LaFloresta" uid="10529535" lat="-19.3112066" lon="-47.5360353"/>
 <node id="6778964306" visible="true" version="4" changeset="90619507" timestamp="2020-09-09T05:35:33Z" user="LaFloresta" uid="10529535" lat="-19.3110193" lon="-47.5365718"/>
 <node id="6778964307" visible="true" version="2" changeset="87669471" timestamp="2020-07-07T18:26:59Z" user="DressyPear4" uid="3984659" lat="-19.3120470" lon="-47.5368749"/>
 <node id="6778964308" visible="true" version="4" changeset="90619507" timestamp="2020-09-09T05:35:33Z" user="LaFloresta" uid="10529535" lat="-19.3113104" lon="-47.5366965"/>
 <node id="6778964309" visible="true" version="3" changeset="90619507" timestamp="2020-09-09T05:35:33Z" user="LaFloresta" uid="10529535" lat="-19.3111051" lon="-47.5371605"/>
 <node id="6778964310" visible="true" version="4" changeset="174318723" timestamp="2025-11-07T06:47:20Z" user="ShashiRiver" uid="22557307" lat="-19.3108548" lon="-47.5371283"/>
 <node id="6778964311" visible="true" version="4" changeset="90619507" timestamp="2020-09-09T05:35:33Z" user="LaFloresta" uid="10529535" lat="-19.3105903" lon="-47.5370438"/>
 <node id="6778964313" visible="true" version="1" changeset="74199793" timestamp="2019-09-07T07:56:08Z" user="patodiez" uid="1856060" lat="-19.3121859" lon="-47.5339116"/>
 <node id="6778964314" visible="true" version="2" changeset="90618005" timestamp="2020-09-09T05:08:14Z" user="LaFloresta" uid="10529535" lat="-19.3120279" lon="-47.5344199"/>
 <node id="6778964315" visible="true" version="2" changeset="90616376" timestamp="2020-09-09T04:33:02Z" user="LaFloresta" uid="10529535" lat="-19.3091753" lon="-47.5338976"/>
 <node id="6778964316" visible="true" version="4" changeset="168975721" timestamp="2025-07-15T17:03:14Z" user="MonteRosa1" uid="22220364" lat="-19.3149542" lon="-47.5363103"/>
 <node id="6778964317" visible="true" version="3" changeset="168975721" timestamp="2025-07-15T17:03:14Z" user="MonteRosa1" uid="22220364" lat="-19.3119723" lon="-47.5350845"/>
 <node id="6778964318" visible="true" version="4" changeset="168975721" timestamp="2025-07-15T17:03:14Z" user="MonteRosa1" uid="22220364" lat="-19.3101700" lon="-47.5343348"/>
 <node id="6778964319" visible="true" version="4" changeset="168975721" timestamp="2025-07-15T17:03:14Z" user="MonteRosa1" uid="22220364" lat="-19.3105080" lon="-47.5344676"/>
 <node id="6778964320" visible="true" version="5" changeset="168975721" timestamp="2025-07-15T17:03:14Z" user="MonteRosa1" uid="22220364" lat="-19.3106244" lon="-47.5345152"/>
 <node id="6778964321" visible="true" version="3" changeset="168975721" timestamp="2025-07-15T17:03:14Z" user="MonteRosa1" uid="22220364" lat="-19.3111870" lon="-47.5347841"/>
 <node id="6778964322" visible="true" version="3" changeset="168975721" timestamp="2025-07-15T17:03:14Z" user="MonteRosa1" uid="22220364" lat="-19.3129013" lon="-47.5354674"/>
 <node id="6778964323" visible="true" version="3" changeset="168975721" timestamp="2025-07-15T17:03:14Z" user="MonteRosa1" uid="22220364" lat="-19.3141435" lon="-47.5359998"/>
 <node id="6778964324" visible="true" version="1" changeset="74199793" timestamp="2019-09-07T07:56:08Z" user="patodiez" uid="1856060" lat="-19.3131135" lon="-47.5272290"/>
 <node id="6778964325" visible="true" version="1" changeset="74199793" timestamp="2019-09-07T07:56:08Z" user="patodiez" uid="1856060" lat="-19.3142223" lon="-47.5276274"/>
 <node id="6778964326" visible="true" version="1" changeset="74199793" timestamp="2019-09-07T07:56:08Z" user="patodiez" uid="1856060" lat="-19.3141456" lon="-47.5278470"/>
 <node id="6778964327" visible="true" version="1" changeset="74199793" timestamp="2019-09-07T07:56:08Z" user="patodiez" uid="1856060" lat="-19.3130560" lon="-47.5274323"/>
 <node id="6778964328" visible="true" version="3" changeset="168975721" timestamp="2025-07-15T17:03:14Z" user="MonteRosa1" uid="22220364" lat="-19.3118331" lon="-47.5350248"/>
 <node id="6778964329" visible="true" version="3" changeset="85189433" timestamp="2020-05-14T08:57:53Z" user="CanalBelt" uid="10142300" lat="-19.3170432" lon="-47.5260428"/>
 <node id="6778964330" visible="true" version="2" changeset="85189433" timestamp="2020-05-14T08:57:53Z" user="CanalBelt" uid="10142300" lat="-19.3171875" lon="-47.5251110"/>
 <node id="6778964331" visible="true" version="2" changeset="85189433" timestamp="2020-05-14T08:57:53Z" user="CanalBelt" uid="10142300" lat="-19.3171576" lon="-47.5253353"/>
 <node id="6778964332" visible="true" version="2" changeset="85189433" timestamp="2020-05-14T08:57:53Z" user="CanalBelt" uid="10142300" lat="-19.3173845" lon="-47.5253680"/>
 <node id="6778964333" visible="true" version="3" changeset="173672006" timestamp="2025-10-23T12:31:48Z" user="DressyPear4" uid="3984659" lat="-19.3161869" lon="-47.5328877"/>
 <node id="6778964334" visible="true" version="3" changeset="130601265" timestamp="2022-12-28T13:13:03Z" user="Raphaelkaart" uid="12468685" lat="-19.3143307" lon="-47.5353747"/>
 <node id="6778964335" visible="true" version="3" changeset="89128247" timestamp="2020-08-08T13:25:05Z" user="NorthwestPassage" uid="10409507" lat="-19.3151473" lon="-47.5357019"/>
 <node id="6778964336" visible="true" version="4" changeset="173672006" timestamp="2025-10-23T12:31:48Z" user="DressyPear4" uid="3984659" lat="-19.3168564" lon="-47.5401813"/>
 <node id="6778964337" visible="true" version="5" changeset="173672006" timestamp="2025-10-23T12:31:48Z" user="DressyPear4" uid="3984659" lat="-19.3161949" lon="-47.5385292"/>
 <node id="6778964338" visible="true" version="4" changeset="173672006" timestamp="2025-10-23T12:31:48Z" user="DressyPear4" uid="3984659" lat="-19.3169348" lon="-47.5402350"/>
 <node id="6778964339" visible="true" version="3" changeset="173672006" timestamp="2025-10-23T12:31:48Z" user="DressyPear4" uid="3984659" lat="-19.3169968" lon="-47.5370103"/>
 <node id="6778964340" visible="true" version="3" changeset="173672006" timestamp="2025-10-23T12:31:48Z" user="DressyPear4" uid="3984659" lat="-19.3173499" lon="-47.5378894"/>
 <node id="6778964341" visible="true" version="4" changeset="173672006" timestamp="2025-10-23T12:31:48Z" user="DressyPear4" uid="3984659" lat="-19.3171601" lon="-47.5374352"/>
 <node id="6778964342" visible="true" version="4" changeset="151111086" timestamp="2024-05-09T17:15:57Z" user="ProjetoMapeia" uid="11455881" lat="-19.3156603" lon="-47.5397153"/>
 <node id="6778964343" visible="true" version="4" changeset="146290512" timestamp="2024-01-15T16:57:29Z" user="ProjetoMapeia" uid="11455881" lat="-19.3173582" lon="-47.5389321"/>
 <node id="6778964344" visible="true" version="5" changeset="151111086" timestamp="2024-05-09T17:15:57Z" user="ProjetoMapeia" uid="11455881" lat="-19.3160793" lon="-47.5400305"/>
 <node id="6778964345" visible="true" version="4" changeset="146290512" timestamp="2024-01-15T16:57:29Z" user="ProjetoMapeia" uid="11455881" lat="-19.3174563" lon="-47.5394390"/>
 <node id="6778964346" visible="true" version="6" changeset="151111086" timestamp="2024-05-09T17:15:57Z" user="ProjetoMapeia" uid="11455881" lat="-19.3151098" lon="-47.5394154"/>
 <node id="6778964347" visible="true" version="5" changeset="173672006" timestamp="2025-10-23T12:31:48Z" user="DressyPear4" uid="3984659" lat="-19.3175050" lon="-47.5384426"/>
 <node id="6778964348" visible="true" version="4" changeset="173672006" timestamp="2025-10-23T12:31:48Z" user="DressyPear4" uid="3984659" lat="-19.3166893" lon="-47.5397287"/>
 <node id="6778964349" visible="true" version="3" changeset="173672006" timestamp="2025-10-23T12:31:48Z" user="DressyPear4" uid="3984659" lat="-19.3163349" lon="-47.5388583"/>
 <node id="6778964350" visible="true" version="3" changeset="173672006" timestamp="2025-10-23T12:31:48Z" user="DressyPear4" uid="3984659" lat="-19.3165083" lon="-47.5392902"/>
 <node id="6778964351" visible="true" version="5" changeset="130601497" timestamp="2022-12-28T13:17:48Z" user="Raphaelkaart" uid="12468685" lat="-19.3146542" lon="-47.5382302"/>
 <node id="6778964352" visible="true" version="3" changeset="173672006" timestamp="2025-10-23T12:31:48Z" user="DressyPear4" uid="3984659" lat="-19.3158490" lon="-47.5376567"/>
 <node id="6778964353" visible="true" version="5" changeset="89127735" timestamp="2020-08-08T13:06:27Z" user="NorthwestPassage" uid="10409507" lat="-19.3218128" lon="-47.5269779"/>
 <node id="6778964354" visible="true" version="2" changeset="87669471" timestamp="2020-07-07T18:26:59Z" user="DressyPear4" uid="3984659" lat="-19.3206082" lon="-47.5302155"/>
 <node id="6778964355" visible="true" version="3" changeset="89200529" timestamp="2020-08-10T12:48:38Z" user="NorthwestPassage" uid="10409507" lat="-19.3216362" lon="-47.5274769"/>
 <node id="6778964356" visible="true" version="2" changeset="87669471" timestamp="2020-07-07T18:26:59Z" user="DressyPear4" uid="3984659" lat="-19.3215622" lon="-47.5274624"/>
 <node id="6778964357" visible="true" version="1" changeset="74199793" timestamp="2019-09-07T07:56:08Z" user="patodiez" uid="1856060" lat="-19.3196034" lon="-47.5298578"/>
 <node id="6778964358" visible="true" version="1" changeset="74199793" timestamp="2019-09-07T07:56:08Z" user="patodiez" uid="1856060" lat="-19.3196971" lon="-47.5295601"/>
 <node id="6778964359" visible="true" version="1" changeset="74199793" timestamp="2019-09-07T07:56:08Z" user="patodiez" uid="1856060" lat="-19.3201299" lon="-47.5297156"/>
 <node id="6778964360" visible="true" version="1" changeset="74199793" timestamp="2019-09-07T07:56:08Z" user="patodiez" uid="1856060" lat="-19.3200261" lon="-47.5300241"/>
 <node id="6778964361" visible="true" version="3" changeset="168975721" timestamp="2025-07-15T17:03:14Z" user="MonteRosa1" uid="22220364" lat="-19.3189548" lon="-47.5349155"/>
 <node id="6778964362" visible="true" version="5" changeset="173672006" timestamp="2025-10-23T12:31:48Z" user="DressyPear4" uid="3984659" lat="-19.3192303" lon="-47.5340943"/>
 <node id="6778964363" visible="true" version="3" changeset="89127735" timestamp="2020-08-08T13:06:27Z" user="NorthwestPassage" uid="10409507" lat="-19.3194517" lon="-47.5334459"/>
 <node id="6778964364" visible="true" version="3" changeset="89127735" timestamp="2020-08-08T13:06:27Z" user="NorthwestPassage" uid="10409507" lat="-19.3196865" lon="-47.5327743"/>
 <node id="6778964365" visible="true" version="3" changeset="89127735" timestamp="2020-08-08T13:06:27Z" user="NorthwestPassage" uid="10409507" lat="-19.3199330" lon="-47.5320966"/>
 <node id="6778964366" visible="true" version="2" changeset="87669471" timestamp="2020-07-07T18:26:59Z" user="DressyPear4" uid="3984659" lat="-19.3204358" lon="-47.5307131"/>
 <node id="6778964367" visible="true" version="2" changeset="87669471" timestamp="2020-07-07T18:26:59Z" user="DressyPear4" uid="3984659" lat="-19.3202393" lon="-47.5312803"/>
 <node id="6778964368" visible="true" version="2" changeset="87669471" timestamp="2020-07-07T18:26:59Z" user="DressyPear4" uid="3984659" lat="-19.3205744" lon="-47.5303133"/>
 <node id="6778964369" visible="true" version="2" changeset="87669471" timestamp="2020-07-07T18:26:59Z" user="DressyPear4" uid="3984659" lat="-19.3207171" lon="-47.5299014"/>
 <node id="6778964370" visible="true" version="2" changeset="87669471" timestamp="2020-07-07T18:26:59Z" user="DressyPear4" uid="3984659" lat="-19.3208189" lon="-47.5296076"/>
 <node id="6778964371" visible="true" version="1" changeset="74199793" timestamp="2019-09-07T07:56:08Z" user="patodiez" uid="1856060" lat="-19.3206110" lon="-47.5289282"/>
 <node id="6778964372" visible="true" version="2" changeset="87669471" timestamp="2020-07-07T18:26:59Z" user="DressyPear4" uid="3984659" lat="-19.3210010" lon="-47.5290818"/>
 <node id="6778964373" visible="true" version="1" changeset="74199793" timestamp="2019-09-07T07:56:08Z" user="patodiez" uid="1856060" lat="-19.3205313" lon="-47.5282965"/>
 <node id="6778964374" visible="true" version="2" changeset="87669471" timestamp="2020-07-07T18:26:59Z" user="DressyPear4" uid="3984659" lat="-19.3211887" lon="-47.5285401"/>
 <node id="6778964375" visible="true" version="2" changeset="87669471" timestamp="2020-07-07T18:26:59Z" user="DressyPear4" uid="3984659" lat="-19.3203976" lon="-47.5276457"/>
 <node id="6778964376" visible="true" version="2" changeset="87669471" timestamp="2020-07-07T18:26:59Z" user="DressyPear4" uid="3984659" lat="-19.3213753" lon="-47.5280016"/>
 <node id="6778964377" visible="true" version="1" changeset="74199793" timestamp="2019-09-07T07:56:08Z" user="patodiez" uid="1856060" lat="-19.3215758" lon="-47.5320350"/>
 <node id="6778964378" visible="true" version="1" changeset="74199793" timestamp="2019-09-07T07:56:08Z" user="patodiez" uid="1856060" lat="-19.3208671" lon="-47.5312659"/>
 <node id="7451015103" visible="true" version="2" changeset="87905733" timestamp="2020-07-13T07:21:49Z" user="LaMariscal" uid="10811204" lat="-19.4207080" lon="-47.4883537"/>
 <node id="7451015104" visible="true" version="2" changeset="87905733" timestamp="2020-07-13T07:21:49Z" user="LaMariscal" uid="10811204" lat="-19.4199390" lon="-47.4880097"/>
 <node id="7451015105" visible="true" version="1" changeset="84168307" timestamp="2020-04-27T04:29:22Z" user="OregonDistrict" uid="9625439" lat="-19.4188627" lon="-47.4875370"/>
 <node id="7451015106" visible="true" version="1" changeset="84168307" timestamp="2020-04-27T04:29:22Z" user="OregonDistrict" uid="9625439" lat="-19.4165961" lon="-47.4865499"/>
 <node id="7451015107" visible="true" version="1" changeset="84168307" timestamp="2020-04-27T04:29:22Z" user="OregonDistrict" uid="9625439" lat="-19.4143320" lon="-47.4866384"/>
 <node id="7451015108" visible="true" version="1" changeset="84168307" timestamp="2020-04-27T04:29:22Z" user="OregonDistrict" uid="9625439" lat="-19.4149581" lon="-47.4863876"/>
 <node id="7451015109" visible="true" version="1" changeset="84168307" timestamp="2020-04-27T04:29:22Z" user="OregonDistrict" uid="9625439" lat="-19.4152389" lon="-47.4863420"/>
 <node id="7451015110" visible="true" version="1" changeset="84168307" timestamp="2020-04-27T04:29:22Z" user="OregonDistrict" uid="9625439" lat="-19.4122071" lon="-47.4881203"/>
 <node id="7451015111" visible="true" version="1" changeset="84168307" timestamp="2020-04-27T04:29:22Z" user="OregonDistrict" uid="9625439" lat="-19.4111851" lon="-47.4888593"/>
 <node id="7451015112" visible="true" version="1" changeset="84168307" timestamp="2020-04-27T04:29:22Z" user="OregonDistrict" uid="9625439" lat="-19.4100416" lon="-47.4896640"/>
 <node id="7451015113" visible="true" version="1" changeset="84168307" timestamp="2020-04-27T04:29:22Z" user="OregonDistrict" uid="9625439" lat="-19.4091359" lon="-47.4901468"/>
 <node id="7451015114" visible="true" version="1" changeset="84168307" timestamp="2020-04-27T04:29:22Z" user="OregonDistrict" uid="9625439" lat="-19.4085794" lon="-47.4903359"/>
 <node id="7451015115" visible="true" version="1" changeset="84168307" timestamp="2020-04-27T04:29:22Z" user="OregonDistrict" uid="9625439" lat="-19.4074941" lon="-47.4906644"/>
 <node id="7451015116" visible="true" version="1" changeset="84168307" timestamp="2020-04-27T04:29:22Z" user="OregonDistrict" uid="9625439" lat="-19.4070830" lon="-47.4908294"/>
 <node id="7451015117" visible="true" version="1" changeset="84168307" timestamp="2020-04-27T04:29:22Z" user="OregonDistrict" uid="9625439" lat="-19.3997502" lon="-47.4937248"/>
 <node id="7451015118" visible="true" version="1" changeset="84168307" timestamp="2020-04-27T04:29:22Z" user="OregonDistrict" uid="9625439" lat="-19.3981791" lon="-47.4942961"/>
 <node id="7451015119" visible="true" version="1" changeset="84168307" timestamp="2020-04-27T04:29:22Z" user="OregonDistrict" uid="9625439" lat="-19.3945612" lon="-47.4954119"/>
 <node id="7451015120" visible="true" version="1" changeset="84168307" timestamp="2020-04-27T04:29:22Z" user="OregonDistrict" uid="9625439" lat="-19.3911204" lon="-47.4960208"/>
 <node id="7451015121" visible="true" version="1" changeset="84168307" timestamp="2020-04-27T04:29:22Z" user="OregonDistrict" uid="9625439" lat="-19.3895062" lon="-47.4962381"/>
 <node id="7451015122" visible="true" version="1" changeset="84168307" timestamp="2020-04-27T04:29:22Z" user="OregonDistrict" uid="9625439" lat="-19.3865941" lon="-47.4965599"/>
 <node id="7451015123" visible="true" version="1" changeset="84168307" timestamp="2020-04-27T04:29:22Z" user="OregonDistrict" uid="9625439" lat="-19.3821157" lon="-47.4968550"/>
 <node id="7451015124" visible="true" version="1" changeset="84168307" timestamp="2020-04-27T04:29:22Z" user="OregonDistrict" uid="9625439" lat="-19.3785215" lon="-47.4970856"/>
 <node id="7451015125" visible="true" version="1" changeset="84168307" timestamp="2020-04-27T04:29:22Z" user="OregonDistrict" uid="9625439" lat="-19.3766731" lon="-47.4971741"/>
 <node id="7451015126" visible="true" version="1" changeset="84168307" timestamp="2020-04-27T04:29:22Z" user="OregonDistrict" uid="9625439" lat="-19.3725715" lon="-47.4972600"/>
 <node id="7451015127" visible="true" version="1" changeset="84168307" timestamp="2020-04-27T04:29:22Z" user="OregonDistrict" uid="9625439" lat="-19.3689303" lon="-47.4972761"/>
 <node id="7451015128" visible="true" version="1" changeset="84168307" timestamp="2020-04-27T04:29:22Z" user="OregonDistrict" uid="9625439" lat="-19.3648107" lon="-47.4972305"/>
 <node id="7451052582" visible="true" version="1" changeset="84169451" timestamp="2020-04-27T04:54:27Z" user="OregonDistrict" uid="9625439" lat="-19.4092188" lon="-47.4901095"/>
 <node id="7451054527" visible="true" version="1" changeset="84169165" timestamp="2020-04-27T04:47:46Z" user="OregonDistrict" uid="9625439" lat="-19.3835600" lon="-47.4967547"/>
 <node id="7451061053" visible="true" version="1" changeset="84169165" timestamp="2020-04-27T04:47:46Z" user="OregonDistrict" uid="9625439" lat="-19.3685937" lon="-47.4972730"/>
 <node id="7451268103" visible="true" version="1" changeset="84173012" timestamp="2020-04-27T05:58:17Z" user="OregonDistrict" uid="9625439" lat="-19.4119678" lon="-47.4882817"/>
 <node id="7451268166" visible="true" version="1" changeset="84173012" timestamp="2020-04-27T05:58:17Z" user="OregonDistrict" uid="9625439" lat="-19.4134291" lon="-47.4872750"/>
 <node id="7451268282" visible="true" version="1" changeset="84173012" timestamp="2020-04-27T05:58:17Z" user="OregonDistrict" uid="9625439" lat="-19.4063984" lon="-47.4911008"/>
 <node id="7451268324" visible="true" version="1" changeset="84173012" timestamp="2020-04-27T05:58:17Z" user="OregonDistrict" uid="9625439" lat="-19.3874708" lon="-47.4964894"/>
 <node id="7451308360" visible="true" version="3" changeset="85188183" timestamp="2020-05-14T08:39:45Z" user="CanalBelt" uid="10142300" lat="-19.3551668" lon="-47.4976744"/>
 <node id="7516548640" visible="true" version="1" changeset="85176786" timestamp="2020-05-14T05:39:00Z" user="CanalBelt" uid="10142300" lat="-19.3141075" lon="-47.5221529"/>
 <node id="7516548641" visible="true" version="1" changeset="85176786" timestamp="2020-05-14T05:39:00Z" user="CanalBelt" uid="10142300" lat="-19.3143144" lon="-47.5216097"/>
 <node id="7516548642" visible="true" version="1" changeset="85176786" timestamp="2020-05-14T05:39:00Z" user="CanalBelt" uid="10142300" lat="-19.3144941" lon="-47.5213201"/>
 <node id="7516548643" visible="true" version="1" changeset="85176786" timestamp="2020-05-14T05:39:00Z" user="CanalBelt" uid="10142300" lat="-19.3148618" lon="-47.5209399"/>
 <node id="7516548644" visible="true" version="1" changeset="85176786" timestamp="2020-05-14T05:39:00Z" user="CanalBelt" uid="10142300" lat="-19.3150048" lon="-47.5208125"/>
 <node id="7516548645" visible="true" version="1" changeset="85176786" timestamp="2020-05-14T05:39:00Z" user="CanalBelt" uid="10142300" lat="-19.3155414" lon="-47.5204638"/>
 <node id="7516548646" visible="true" version="1" changeset="85176786" timestamp="2020-05-14T05:39:00Z" user="CanalBelt" uid="10142300" lat="-19.3157705" lon="-47.5203645"/>
 <node id="7516548647" visible="true" version="1" changeset="85176786" timestamp="2020-05-14T05:39:00Z" user="CanalBelt" uid="10142300" lat="-19.3185232" lon="-47.5196832"/>
 <node id="7516548648" visible="true" version="1" changeset="85176786" timestamp="2020-05-14T05:39:00Z" user="CanalBelt" uid="10142300" lat="-19.3189598" lon="-47.5195853"/>
 <node id="7516548649" visible="true" version="1" changeset="85176786" timestamp="2020-05-14T05:39:00Z" user="CanalBelt" uid="10142300" lat="-19.3248523" lon="-47.5157297"/>
 <node id="7516548650" visible="true" version="1" changeset="85176786" timestamp="2020-05-14T05:39:00Z" user="CanalBelt" uid="10142300" lat="-19.3336033" lon="-47.5098717"/>
 <node id="7516548651" visible="true" version="1" changeset="85176786" timestamp="2020-05-14T05:39:00Z" user="CanalBelt" uid="10142300" lat="-19.3389865" lon="-47.5066423"/>
 <node id="7516548652" visible="true" version="1" changeset="85176786" timestamp="2020-05-14T05:39:00Z" user="CanalBelt" uid="10142300" lat="-19.3557134" lon="-47.4974826"/>
 <node id="7516548653" visible="true" version="1" changeset="85176786" timestamp="2020-05-14T05:39:00Z" user="CanalBelt" uid="10142300" lat="-19.3562816" lon="-47.4973123"/>
 <node id="7516548654" visible="true" version="1" changeset="85176786" timestamp="2020-05-14T05:39:00Z" user="CanalBelt" uid="10142300" lat="-19.3565156" lon="-47.4972613"/>
 <node id="7516548655" visible="true" version="1" changeset="85176786" timestamp="2020-05-14T05:39:00Z" user="CanalBelt" uid="10142300" lat="-19.3578379" lon="-47.4971513"/>
 <node id="7516594951" visible="true" version="1" changeset="85177430" timestamp="2020-05-14T05:51:17Z" user="CanalBelt" uid="10142300" lat="-19.3203089" lon="-47.5255868"/>
 <node id="7516594952" visible="true" version="1" changeset="85177430" timestamp="2020-05-14T05:51:17Z" user="CanalBelt" uid="10142300" lat="-19.3202077" lon="-47.5263539"/>
 <node id="7516594953" visible="true" version="1" changeset="85177430" timestamp="2020-05-14T05:51:17Z" user="CanalBelt" uid="10142300" lat="-19.3157401" lon="-47.5255103"/>
 <node id="7516594954" visible="true" version="1" changeset="85177430" timestamp="2020-05-14T05:51:17Z" user="CanalBelt" uid="10142300" lat="-19.3161916" lon="-47.5260151"/>
 <node id="7516594955" visible="true" version="1" changeset="85177430" timestamp="2020-05-14T05:51:17Z" user="CanalBelt" uid="10142300" lat="-19.3117971" lon="-47.5241122"/>
 <node id="7516594956" visible="true" version="1" changeset="85177430" timestamp="2020-05-14T05:51:17Z" user="CanalBelt" uid="10142300" lat="-19.3117104" lon="-47.5242417"/>
 <node id="7516594957" visible="true" version="1" changeset="85177430" timestamp="2020-05-14T05:51:17Z" user="CanalBelt" uid="10142300" lat="-19.3111256" lon="-47.5245501"/>
 <node id="7516594958" visible="true" version="1" changeset="85177430" timestamp="2020-05-14T05:51:17Z" user="CanalBelt" uid="10142300" lat="-19.3110915" lon="-47.5245783"/>
 <node id="7516809925" visible="true" version="1" changeset="85180950" timestamp="2020-05-14T06:51:08Z" user="CanalBelt" uid="10142300" lat="-19.3194297" lon="-47.5265500"/>
 <node id="7516809926" visible="true" version="1" changeset="85180950" timestamp="2020-05-14T06:51:08Z" user="CanalBelt" uid="10142300" lat="-19.3194670" lon="-47.5265507"/>
 <node id="7516809927" visible="true" version="1" changeset="85180950" timestamp="2020-05-14T06:51:08Z" user="CanalBelt" uid="10142300" lat="-19.3194680" lon="-47.5264783"/>
 <node id="7516809928" visible="true" version="1" changeset="85180950" timestamp="2020-05-14T06:51:08Z" user="CanalBelt" uid="10142300" lat="-19.3194955" lon="-47.5264843"/>
 <node id="7516914332" visible="true" version="1" changeset="85182615" timestamp="2020-05-14T07:19:14Z" user="CanalBelt" uid="10142300" lat="-19.3119546" lon="-47.5220302"/>
 <node id="7516914333" visible="true" version="1" changeset="85182615" timestamp="2020-05-14T07:19:14Z" user="CanalBelt" uid="10142300" lat="-19.3124204" lon="-47.5221871"/>
 <node id="7516914334" visible="true" version="1" changeset="85182615" timestamp="2020-05-14T07:19:14Z" user="CanalBelt" uid="10142300" lat="-19.3130950" lon="-47.5224526"/>
 <node id="7516914335" visible="true" version="1" changeset="85182615" timestamp="2020-05-14T07:19:14Z" user="CanalBelt" uid="10142300" lat="-19.3117952" lon="-47.5220074"/>
 <node id="7516914336" visible="true" version="1" changeset="85182615" timestamp="2020-05-14T07:19:14Z" user="CanalBelt" uid="10142300" lat="-19.3120951" lon="-47.5220677"/>
 <node id="7517026934" visible="true" version="1" changeset="85184811" timestamp="2020-05-14T07:51:28Z" user="CanalBelt" uid="10142300" lat="-19.3407927" lon="-47.5056337"/>
 <node id="7517075842" visible="true" version="1" changeset="85185645" timestamp="2020-05-14T08:02:25Z" user="CanalBelt" uid="10142300" lat="-19.3603646" lon="-47.4971604"/>
 <node id="7517075850" visible="true" version="1" changeset="85185645" timestamp="2020-05-14T08:02:25Z" user="CanalBelt" uid="10142300" lat="-19.3409657" lon="-47.5055371"/>
 <node id="7517210423" visible="true" version="1" changeset="85188183" timestamp="2020-05-14T08:39:45Z" user="CanalBelt" uid="10142300" lat="-19.3357440" lon="-47.5085339"/>
 <node id="7517228664" visible="true" version="1" changeset="85189355" timestamp="2020-05-14T08:56:44Z" user="CanalBelt" uid="10142300" lat="-19.3199704" lon="-47.5270725"/>
 <node id="7517228665" visible="true" version="1" changeset="85189355" timestamp="2020-05-14T08:56:44Z" user="CanalBelt" uid="10142300" lat="-19.3200399" lon="-47.5270904"/>
 <node id="7517234431" visible="true" version="2" changeset="87112605" timestamp="2020-06-25T04:23:26Z" user="Laccadive" uid="10811047" lat="-19.3095018" lon="-47.5053509"/>
 <node id="7517234432" visible="true" version="2" changeset="87112605" timestamp="2020-06-25T04:23:26Z" user="Laccadive" uid="10811047" lat="-19.3074071" lon="-47.5046414"/>
 <node id="7517234433" visible="true" version="2" changeset="87112605" timestamp="2020-06-25T04:23:26Z" user="Laccadive" uid="10811047" lat="-19.3078564" lon="-47.5046937"/>
 <node id="7517234434" visible="true" version="2" changeset="87112605" timestamp="2020-06-25T04:23:26Z" user="Laccadive" uid="10811047" lat="-19.3071261" lon="-47.5046401"/>
 <node id="7517234435" visible="true" version="2" changeset="87112605" timestamp="2020-06-25T04:23:26Z" user="Laccadive" uid="10811047" lat="-19.3061908" lon="-47.5047568"/>
 <node id="7517234436" visible="true" version="2" changeset="87112605" timestamp="2020-06-25T04:23:26Z" user="Laccadive" uid="10811047" lat="-19.3058383" lon="-47.5049063"/>
 <node id="7517234437" visible="true" version="2" changeset="87112605" timestamp="2020-06-25T04:23:26Z" user="Laccadive" uid="10811047" lat="-19.3056162" lon="-47.5051966"/>
 <node id="7517234438" visible="true" version="2" changeset="87112605" timestamp="2020-06-25T04:23:26Z" user="Laccadive" uid="10811047" lat="-19.3039973" lon="-47.5085869"/>
 <node id="7517234439" visible="true" version="2" changeset="87112605" timestamp="2020-06-25T04:23:26Z" user="Laccadive" uid="10811047" lat="-19.3031835" lon="-47.5101346"/>
 <node id="7517234440" visible="true" version="2" changeset="87112605" timestamp="2020-06-25T04:23:26Z" user="Laccadive" uid="10811047" lat="-19.3025570" lon="-47.5108293"/>
 <node id="7517234441" visible="true" version="2" changeset="87112605" timestamp="2020-06-25T04:23:26Z" user="Laccadive" uid="10811047" lat="-19.3102460" lon="-47.5056674"/>
 <node id="7517234442" visible="true" version="2" changeset="87112605" timestamp="2020-06-25T04:23:26Z" user="Laccadive" uid="10811047" lat="-19.3105384" lon="-47.5057854"/>
 <node id="7517234443" visible="true" version="2" changeset="87112605" timestamp="2020-06-25T04:23:26Z" user="Laccadive" uid="10811047" lat="-19.3106776" lon="-47.5058290"/>
 <node id="7517234444" visible="true" version="2" changeset="87112605" timestamp="2020-06-25T04:23:26Z" user="Laccadive" uid="10811047" lat="-19.3107662" lon="-47.5058397"/>
 <node id="7517234445" visible="true" version="2" changeset="87112605" timestamp="2020-06-25T04:23:26Z" user="Laccadive" uid="10811047" lat="-19.3108402" lon="-47.5058384"/>
 <node id="7517234446" visible="true" version="2" changeset="87112605" timestamp="2020-06-25T04:23:26Z" user="Laccadive" uid="10811047" lat="-19.3109320" lon="-47.5058296"/>
 <node id="7517234447" visible="true" version="2" changeset="87112605" timestamp="2020-06-25T04:23:26Z" user="Laccadive" uid="10811047" lat="-19.3110105" lon="-47.5058068"/>
 <node id="7517234448" visible="true" version="2" changeset="87112605" timestamp="2020-06-25T04:23:26Z" user="Laccadive" uid="10811047" lat="-19.3111193" lon="-47.5057854"/>
 <node id="7517234449" visible="true" version="2" changeset="87112605" timestamp="2020-06-25T04:23:26Z" user="Laccadive" uid="10811047" lat="-19.3112003" lon="-47.5057726"/>
 <node id="7517234450" visible="true" version="2" changeset="87112605" timestamp="2020-06-25T04:23:26Z" user="Laccadive" uid="10811047" lat="-19.3113636" lon="-47.5057928"/>
 <node id="7517234451" visible="true" version="2" changeset="87112605" timestamp="2020-06-25T04:23:26Z" user="Laccadive" uid="10811047" lat="-19.3114534" lon="-47.5058337"/>
 <node id="7517234452" visible="true" version="2" changeset="87112605" timestamp="2020-06-25T04:23:26Z" user="Laccadive" uid="10811047" lat="-19.3116135" lon="-47.5059329"/>
 <node id="7517234453" visible="true" version="2" changeset="87112605" timestamp="2020-06-25T04:23:26Z" user="Laccadive" uid="10811047" lat="-19.3116800" lon="-47.5060053"/>
 <node id="7517234454" visible="true" version="2" changeset="87112605" timestamp="2020-06-25T04:23:26Z" user="Laccadive" uid="10811047" lat="-19.3117199" lon="-47.5060469"/>
 <node id="7517234455" visible="true" version="2" changeset="87112605" timestamp="2020-06-25T04:23:26Z" user="Laccadive" uid="10811047" lat="-19.3117597" lon="-47.5060657"/>
 <node id="7517234456" visible="true" version="2" changeset="87112605" timestamp="2020-06-25T04:23:26Z" user="Laccadive" uid="10811047" lat="-19.3119065" lon="-47.5060858"/>
 <node id="7517234457" visible="true" version="2" changeset="87112605" timestamp="2020-06-25T04:23:26Z" user="Laccadive" uid="10811047" lat="-19.3018077" lon="-47.5113241"/>
 <node id="7517234458" visible="true" version="2" changeset="87112100" timestamp="2020-06-25T04:10:30Z" user="Laccadive" uid="10811047" lat="-19.2997483" lon="-47.5108789"/>
 <node id="7517476296" visible="true" version="6" changeset="178084739" timestamp="2026-02-04T09:01:39Z" user="MonteTitano" uid="23310648" lat="-19.3170459" lon="-47.5408959"/>
 <node id="7517476303" visible="true" version="1" changeset="85192143" timestamp="2020-05-14T09:39:50Z" user="CanalBelt" uid="10142300" lat="-19.3202710" lon="-47.5258523"/>
 <node id="7517476304" visible="true" version="3" changeset="89127735" timestamp="2020-08-08T13:06:27Z" user="NorthwestPassage" uid="10409507" lat="-19.3217260" lon="-47.5269636"/>
 <node id="7517476305" visible="true" version="3" changeset="89127735" timestamp="2020-08-08T13:06:27Z" user="NorthwestPassage" uid="10409507" lat="-19.3217335" lon="-47.5269516"/>
 <node id="7517476306" visible="true" version="3" changeset="89127735" timestamp="2020-08-08T13:06:27Z" user="NorthwestPassage" uid="10409507" lat="-19.3217441" lon="-47.5269463"/>
 <node id="7517476307" visible="true" version="4" changeset="89127735" timestamp="2020-08-08T13:06:27Z" user="NorthwestPassage" uid="10409507" lat="-19.3218088" lon="-47.5269643"/>
 <node id="7517476308" visible="true" version="4" changeset="89127735" timestamp="2020-08-08T13:06:27Z" user="NorthwestPassage" uid="10409507" lat="-19.3218103" lon="-47.5270018"/>
 <node id="7517909064" visible="true" version="1" changeset="85199690" timestamp="2020-05-14T11:44:57Z" user="Tyrifjorden" uid="9625508" lat="-19.3200617" lon="-47.5270368"/>
 <node id="7517909065" visible="true" version="1" changeset="85199690" timestamp="2020-05-14T11:44:57Z" user="Tyrifjorden" uid="9625508" lat="-19.3199755" lon="-47.5270148"/>
 <node id="7517947418" visible="true" version="1" changeset="85199910" timestamp="2020-05-14T11:48:38Z" user="Tyrifjorden" uid="9625508" lat="-19.3174436" lon="-47.5257356"/>
 <node id="7517947419" visible="true" version="1" changeset="85199910" timestamp="2020-05-14T11:48:38Z" user="Tyrifjorden" uid="9625508" lat="-19.3171018" lon="-47.5256804"/>
 <node id="7561645449" visible="true" version="2" changeset="90619790" timestamp="2020-09-09T05:40:50Z" user="LaFloresta" uid="10529535" lat="-19.2572267" lon="-47.5601564"/>
 <node id="7651047919" visible="true" version="2" changeset="87112177" timestamp="2020-06-25T04:12:12Z" user="Laccadive" uid="10811047" lat="-19.2969709" lon="-47.4917826"/>
 <node id="7651047929" visible="true" version="2" changeset="87112177" timestamp="2020-06-25T04:12:12Z" user="Laccadive" uid="10811047" lat="-19.3000015" lon="-47.5033982"/>
 <node id="7651047930" visible="true" version="2" changeset="87112177" timestamp="2020-06-25T04:12:12Z" user="Laccadive" uid="10811047" lat="-19.3001090" lon="-47.5038770"/>
 <node id="7651047931" visible="true" version="1" changeset="87112100" timestamp="2020-06-25T04:10:30Z" user="Laccadive" uid="10811047" lat="-19.3001863" lon="-47.5042994"/>
 <node id="7651047932" visible="true" version="1" changeset="87112100" timestamp="2020-06-25T04:10:30Z" user="Laccadive" uid="10811047" lat="-19.3002698" lon="-47.5048774"/>
 <node id="7651047933" visible="true" version="1" changeset="87112100" timestamp="2020-06-25T04:10:30Z" user="Laccadive" uid="10811047" lat="-19.3003052" lon="-47.5052731"/>
 <node id="7651047934" visible="true" version="1" changeset="87112100" timestamp="2020-06-25T04:10:30Z" user="Laccadive" uid="10811047" lat="-19.3003432" lon="-47.5060482"/>
 <node id="7651047935" visible="true" version="1" changeset="87112100" timestamp="2020-06-25T04:10:30Z" user="Laccadive" uid="10811047" lat="-19.3003141" lon="-47.5069588"/>
 <node id="7651047936" visible="true" version="1" changeset="87112100" timestamp="2020-06-25T04:10:30Z" user="Laccadive" uid="10811047" lat="-19.3002698" lon="-47.5074698"/>
 <node id="7651047937" visible="true" version="1" changeset="87112100" timestamp="2020-06-25T04:10:30Z" user="Laccadive" uid="10811047" lat="-19.3000407" lon="-47.5089946"/>
 <node id="7651047938" visible="true" version="1" changeset="87112100" timestamp="2020-06-25T04:10:30Z" user="Laccadive" uid="10811047" lat="-19.2995585" lon="-47.5120778"/>
 <node id="7651047939" visible="true" version="1" changeset="87112100" timestamp="2020-06-25T04:10:30Z" user="Laccadive" uid="10811047" lat="-19.2992851" lon="-47.5136764"/>
 <node id="7651047940" visible="true" version="1" changeset="87112100" timestamp="2020-06-25T04:10:30Z" user="Laccadive" uid="10811047" lat="-19.2979497" lon="-47.5224660"/>
 <node id="7651047941" visible="true" version="1" changeset="87112100" timestamp="2020-06-25T04:10:30Z" user="Laccadive" uid="10811047" lat="-19.2979180" lon="-47.5230655"/>
 <node id="7651047942" visible="true" version="1" changeset="87112100" timestamp="2020-06-25T04:10:30Z" user="Laccadive" uid="10811047" lat="-19.2979294" lon="-47.5233458"/>
 <node id="7651047943" visible="true" version="1" changeset="87112100" timestamp="2020-06-25T04:10:30Z" user="Laccadive" uid="10811047" lat="-19.2979965" lon="-47.5238581"/>
 <node id="7651047944" visible="true" version="1" changeset="87112100" timestamp="2020-06-25T04:10:30Z" user="Laccadive" uid="10811047" lat="-19.2980459" lon="-47.5240780"/>
 <node id="7651047945" visible="true" version="1" changeset="87112100" timestamp="2020-06-25T04:10:30Z" user="Laccadive" uid="10811047" lat="-19.2981851" lon="-47.5245152"/>
 <node id="7651047946" visible="true" version="1" changeset="87112100" timestamp="2020-06-25T04:10:30Z" user="Laccadive" uid="10811047" lat="-19.2982725" lon="-47.5247379"/>
 <node id="7651047947" visible="true" version="1" changeset="87112100" timestamp="2020-06-25T04:10:30Z" user="Laccadive" uid="10811047" lat="-19.2985066" lon="-47.5251938"/>
 <node id="7651047948" visible="true" version="1" changeset="87112100" timestamp="2020-06-25T04:10:30Z" user="Laccadive" uid="10811047" lat="-19.2986965" lon="-47.5255077"/>
 <node id="7651083490" visible="true" version="1" changeset="87112605" timestamp="2020-06-25T04:23:26Z" user="Laccadive" uid="10811047" lat="-19.3058889" lon="-47.5048761"/>
 <node id="7651083491" visible="true" version="1" changeset="87112605" timestamp="2020-06-25T04:23:26Z" user="Laccadive" uid="10811047" lat="-19.3086703" lon="-47.5049941"/>
 <node id="7651083492" visible="true" version="1" changeset="87112605" timestamp="2020-06-25T04:23:26Z" user="Laccadive" uid="10811047" lat="-19.3085234" lon="-47.5049311"/>
 <node id="7651083493" visible="true" version="1" changeset="87112605" timestamp="2020-06-25T04:23:26Z" user="Laccadive" uid="10811047" lat="-19.3112800" lon="-47.5057746"/>
 <node id="7651083494" visible="true" version="1" changeset="87112605" timestamp="2020-06-25T04:23:26Z" user="Laccadive" uid="10811047" lat="-19.3115268" lon="-47.5058739"/>
 <node id="7651083495" visible="true" version="1" changeset="87112605" timestamp="2020-06-25T04:23:26Z" user="Laccadive" uid="10811047" lat="-19.3117363" lon="-47.5060570"/>
 <node id="7651083496" visible="true" version="1" changeset="87112605" timestamp="2020-06-25T04:23:26Z" user="Laccadive" uid="10811047" lat="-19.3096866" lon="-47.5054206"/>
 <node id="7651083497" visible="true" version="1" changeset="87112605" timestamp="2020-06-25T04:23:26Z" user="Laccadive" uid="10811047" lat="-19.3099612" lon="-47.5055279"/>
 <node id="7651083498" visible="true" version="1" changeset="87112605" timestamp="2020-06-25T04:23:26Z" user="Laccadive" uid="10811047" lat="-19.3083336" lon="-47.5048667"/>
 <node id="7651083499" visible="true" version="1" changeset="87112605" timestamp="2020-06-25T04:23:26Z" user="Laccadive" uid="10811047" lat="-19.3091423" lon="-47.5052033"/>
 <node id="7651083500" visible="true" version="1" changeset="87112605" timestamp="2020-06-25T04:23:26Z" user="Laccadive" uid="10811047" lat="-19.3088753" lon="-47.5050893"/>
 <node id="7651083501" visible="true" version="1" changeset="87112605" timestamp="2020-06-25T04:23:26Z" user="Laccadive" uid="10811047" lat="-19.3081703" lon="-47.5048104"/>
 <node id="7651083502" visible="true" version="1" changeset="87112605" timestamp="2020-06-25T04:23:26Z" user="Laccadive" uid="10811047" lat="-19.3077653" lon="-47.5046656"/>
 <node id="7651083503" visible="true" version="1" changeset="87112605" timestamp="2020-06-25T04:23:26Z" user="Laccadive" uid="10811047" lat="-19.3076425" lon="-47.5046454"/>
 <node id="7651083504" visible="true" version="1" changeset="87112605" timestamp="2020-06-25T04:23:26Z" user="Laccadive" uid="10811047" lat="-19.3067072" lon="-47.5046320"/>
 <node id="7651083505" visible="true" version="1" changeset="87112605" timestamp="2020-06-25T04:23:26Z" user="Laccadive" uid="10811047" lat="-19.3065781" lon="-47.5046374"/>
 <node id="7651083506" visible="true" version="1" changeset="87112605" timestamp="2020-06-25T04:23:26Z" user="Laccadive" uid="10811047" lat="-19.3064110" lon="-47.5046696"/>
 <node id="7651083507" visible="true" version="1" changeset="87112605" timestamp="2020-06-25T04:23:26Z" user="Laccadive" uid="10811047" lat="-19.3059604" lon="-47.5048412"/>
 <node id="7651083508" visible="true" version="1" changeset="87112605" timestamp="2020-06-25T04:23:26Z" user="Laccadive" uid="10811047" lat="-19.3057731" lon="-47.5049593"/>
 <node id="7651083509" visible="true" version="1" changeset="87112605" timestamp="2020-06-25T04:23:26Z" user="Laccadive" uid="10811047" lat="-19.3057111" lon="-47.5050424"/>
 <node id="7651083510" visible="true" version="1" changeset="87112605" timestamp="2020-06-25T04:23:26Z" user="Laccadive" uid="10811047" lat="-19.3045821" lon="-47.5074001"/>
 <node id="7651083511" visible="true" version="1" changeset="87112605" timestamp="2020-06-25T04:23:26Z" user="Laccadive" uid="10811047" lat="-19.3037113" lon="-47.5091583"/>
 <node id="7651083512" visible="true" version="1" changeset="87112605" timestamp="2020-06-25T04:23:26Z" user="Laccadive" uid="10811047" lat="-19.3034847" lon="-47.5096236"/>
 <node id="7651083513" visible="true" version="1" changeset="87112605" timestamp="2020-06-25T04:23:26Z" user="Laccadive" uid="10811047" lat="-19.3032569" lon="-47.5100353"/>
 <node id="7651083514" visible="true" version="1" changeset="87112605" timestamp="2020-06-25T04:23:26Z" user="Laccadive" uid="10811047" lat="-19.3033354" lon="-47.5099093"/>
 <node id="7651083515" visible="true" version="1" changeset="87112605" timestamp="2020-06-25T04:23:26Z" user="Laccadive" uid="10811047" lat="-19.3028291" lon="-47.5105342"/>
 <node id="7651083516" visible="true" version="1" changeset="87112605" timestamp="2020-06-25T04:23:26Z" user="Laccadive" uid="10811047" lat="-19.3023798" lon="-47.5110023"/>
 <node id="7651083517" visible="true" version="1" changeset="87112605" timestamp="2020-06-25T04:23:26Z" user="Laccadive" uid="10811047" lat="-19.3021975" lon="-47.5111391"/>
 <node id="7651083518" visible="true" version="1" changeset="87112605" timestamp="2020-06-25T04:23:26Z" user="Laccadive" uid="10811047" lat="-19.3002647" lon="-47.5110157"/>
 <node id="7651083519" visible="true" version="1" changeset="87112605" timestamp="2020-06-25T04:23:26Z" user="Laccadive" uid="10811047" lat="-19.3000799" lon="-47.5109594"/>
 <node id="7651083520" visible="true" version="1" changeset="87112605" timestamp="2020-06-25T04:23:26Z" user="Laccadive" uid="10811047" lat="-19.3004457" lon="-47.5110586"/>
 <node id="7651083521" visible="true" version="1" changeset="87112605" timestamp="2020-06-25T04:23:26Z" user="Laccadive" uid="10811047" lat="-19.3007660" lon="-47.5111257"/>
 <node id="7651083522" visible="true" version="1" changeset="87112605" timestamp="2020-06-25T04:23:26Z" user="Laccadive" uid="10811047" lat="-19.3011305" lon="-47.5112142"/>
 <node id="7651083523" visible="true" version="1" changeset="87112605" timestamp="2020-06-25T04:23:26Z" user="Laccadive" uid="10811047" lat="-19.3020861" lon="-47.5112034"/>
 <node id="7651083524" visible="true" version="1" changeset="87112605" timestamp="2020-06-25T04:23:26Z" user="Laccadive" uid="10811047" lat="-19.3019355" lon="-47.5112799"/>
 <node id="7651083525" visible="true" version="1" changeset="87112605" timestamp="2020-06-25T04:23:26Z" user="Laccadive" uid="10811047" lat="-19.3017115" lon="-47.5113456"/>
 <node id="7651083526" visible="true" version="1" changeset="87112605" timestamp="2020-06-25T04:23:26Z" user="Laccadive" uid="10811047" lat="-19.3016064" lon="-47.5113483"/>
 <node id="7651083527" visible="true" version="1" changeset="87112605" timestamp="2020-06-25T04:23:26Z" user="Laccadive" uid="10811047" lat="-19.3015203" lon="-47.5113349"/>
 <node id="7651118679" visible="true" version="3" changeset="90630328" timestamp="2020-09-09T08:24:40Z" user="LaFloresta" uid="10529535" lat="-19.3001297" lon="-47.5040003"/>
 <node id="7651120884" visible="true" version="2" changeset="87129127" timestamp="2020-06-25T09:17:33Z" user="Laccadive" uid="10811047" lat="-19.2983345" lon="-47.5177963"/>
 <node id="7651151285" visible="true" version="2" changeset="87129127" timestamp="2020-06-25T09:17:33Z" user="Laccadive" uid="10811047" lat="-19.2984054" lon="-47.5178352"/>
 <node id="7651151286" visible="true" version="2" changeset="87129127" timestamp="2020-06-25T09:17:33Z" user="Laccadive" uid="10811047" lat="-19.2946625" lon="-47.5145562"/>
 <node id="7651151287" visible="true" version="2" changeset="87129127" timestamp="2020-06-25T09:17:33Z" user="Laccadive" uid="10811047" lat="-19.2948941" lon="-47.5152107"/>
 <node id="7651151288" visible="true" version="2" changeset="87129127" timestamp="2020-06-25T09:17:33Z" user="Laccadive" uid="10811047" lat="-19.2942663" lon="-47.5137582"/>
 <node id="7651151289" visible="true" version="2" changeset="87129127" timestamp="2020-06-25T09:17:33Z" user="Laccadive" uid="10811047" lat="-19.2947157" lon="-47.5146836"/>
 <node id="7651151290" visible="true" version="2" changeset="87129127" timestamp="2020-06-25T09:17:33Z" user="Laccadive" uid="10811047" lat="-19.2947929" lon="-47.5149049"/>
 <node id="7651151291" visible="true" version="2" changeset="87129127" timestamp="2020-06-25T09:17:33Z" user="Laccadive" uid="10811047" lat="-19.2948422" lon="-47.5150564"/>
 <node id="7651151292" visible="true" version="2" changeset="87129127" timestamp="2020-06-25T09:17:33Z" user="Laccadive" uid="10811047" lat="-19.2949524" lon="-47.5153568"/>
 <node id="7651151293" visible="true" version="3" changeset="87129475" timestamp="2020-06-25T09:23:26Z" user="Laccadive" uid="10811047" lat="-19.2950536" lon="-47.5155500"/>
 <node id="7651151294" visible="true" version="2" changeset="87129127" timestamp="2020-06-25T09:17:33Z" user="Laccadive" uid="10811047" lat="-19.2951574" lon="-47.5156854"/>
 <node id="7651151295" visible="true" version="2" changeset="87129127" timestamp="2020-06-25T09:17:33Z" user="Laccadive" uid="10811047" lat="-19.2952979" lon="-47.5158571"/>
 <node id="7651151296" visible="true" version="2" changeset="87129127" timestamp="2020-06-25T09:17:33Z" user="Laccadive" uid="10811047" lat="-19.2954245" lon="-47.5159751"/>
 <node id="7651151297" visible="true" version="2" changeset="87129127" timestamp="2020-06-25T09:17:33Z" user="Laccadive" uid="10811047" lat="-19.2955384" lon="-47.5160663"/>
 <node id="7651151298" visible="true" version="2" changeset="87129127" timestamp="2020-06-25T09:17:33Z" user="Laccadive" uid="10811047" lat="-19.2957080" lon="-47.5161843"/>
 <node id="7651151299" visible="true" version="2" changeset="87129127" timestamp="2020-06-25T09:17:33Z" user="Laccadive" uid="10811047" lat="-19.2960371" lon="-47.5163801"/>
 <node id="7651151300" visible="true" version="2" changeset="87129127" timestamp="2020-06-25T09:17:33Z" user="Laccadive" uid="10811047" lat="-19.2964637" lon="-47.5166363"/>
 <node id="7651151301" visible="true" version="2" changeset="87129127" timestamp="2020-06-25T09:17:33Z" user="Laccadive" uid="10811047" lat="-19.2968751" lon="-47.5168750"/>
 <node id="7651151302" visible="true" version="2" changeset="87129127" timestamp="2020-06-25T09:17:33Z" user="Laccadive" uid="10811047" lat="-19.2974130" lon="-47.5172317"/>
 <node id="7651151303" visible="true" version="2" changeset="87129127" timestamp="2020-06-25T09:17:33Z" user="Laccadive" uid="10811047" lat="-19.2978927" lon="-47.5175603"/>
 <node id="7651151304" visible="true" version="2" changeset="87129127" timestamp="2020-06-25T09:17:33Z" user="Laccadive" uid="10811047" lat="-19.2981307" lon="-47.5176971"/>
 <node id="7651151305" visible="true" version="2" changeset="87129127" timestamp="2020-06-25T09:17:33Z" user="Laccadive" uid="10811047" lat="-19.2984509" lon="-47.5178728"/>
 <node id="7651151306" visible="true" version="2" changeset="87129127" timestamp="2020-06-25T09:17:33Z" user="Laccadive" uid="10811047" lat="-19.2984889" lon="-47.5179452"/>
 <node id="7651151307" visible="true" version="1" changeset="87113969" timestamp="2020-06-25T04:53:41Z" user="Laccadive" uid="10811047" lat="-19.2985167" lon="-47.5180431"/>
 <node id="7651151308" visible="true" version="1" changeset="87113969" timestamp="2020-06-25T04:53:41Z" user="Laccadive" uid="10811047" lat="-19.2985713" lon="-47.5183423"/>
 <node id="7651151352" visible="true" version="1" changeset="87113969" timestamp="2020-06-25T04:53:41Z" user="Laccadive" uid="10811047" lat="-19.2979942" lon="-47.5238435"/>
 <node id="7651151353" visible="true" version="1" changeset="87113969" timestamp="2020-06-25T04:53:41Z" user="Laccadive" uid="10811047" lat="-19.2979712" lon="-47.5240016"/>
 <node id="7651151354" visible="true" version="1" changeset="87113969" timestamp="2020-06-25T04:53:41Z" user="Laccadive" uid="10811047" lat="-19.2979421" lon="-47.5240941"/>
 <node id="7651151355" visible="true" version="1" changeset="87113969" timestamp="2020-06-25T04:53:41Z" user="Laccadive" uid="10811047" lat="-19.2978927" lon="-47.5241880"/>
 <node id="7651151356" visible="true" version="1" changeset="87113969" timestamp="2020-06-25T04:53:41Z" user="Laccadive" uid="10811047" lat="-19.2978972" lon="-47.5242604"/>
 <node id="7651151357" visible="true" version="1" changeset="87113969" timestamp="2020-06-25T04:53:41Z" user="Laccadive" uid="10811047" lat="-19.2966561" lon="-47.5252461"/>
 <node id="7651151358" visible="true" version="2" changeset="87114476" timestamp="2020-06-25T05:04:09Z" user="Laccadive" uid="10811047" lat="-19.2969529" lon="-47.5253078"/>
 <node id="7651151359" visible="true" version="2" changeset="90630825" timestamp="2020-09-09T08:31:42Z" user="LaFloresta" uid="10529535" lat="-19.2955258" lon="-47.5265202"/>
 <node id="7651151360" visible="true" version="2" changeset="90630825" timestamp="2020-09-09T08:31:42Z" user="LaFloresta" uid="10529535" lat="-19.2947922" lon="-47.5268380"/>
 <node id="7651151361" visible="true" version="2" changeset="90630825" timestamp="2020-09-09T08:31:42Z" user="LaFloresta" uid="10529535" lat="-19.2944359" lon="-47.5269125"/>
 <node id="7651151362" visible="true" version="2" changeset="90630825" timestamp="2020-09-09T08:31:42Z" user="LaFloresta" uid="10529535" lat="-19.2942594" lon="-47.5270030"/>
 <node id="7651151363" visible="true" version="2" changeset="90630825" timestamp="2020-09-09T08:31:42Z" user="LaFloresta" uid="10529535" lat="-19.2916373" lon="-47.5269265"/>
 <node id="7651151364" visible="true" version="2" changeset="90630825" timestamp="2020-09-09T08:31:42Z" user="LaFloresta" uid="10529535" lat="-19.2917752" lon="-47.5269319"/>
 <node id="7651151365" visible="true" version="1" changeset="87113969" timestamp="2020-06-25T04:53:41Z" user="Laccadive" uid="10811047" lat="-19.2914094" lon="-47.5269923"/>
 <node id="7651151366" visible="true" version="2" changeset="90630825" timestamp="2020-09-09T08:31:42Z" user="LaFloresta" uid="10529535" lat="-19.2910816" lon="-47.5275086"/>
 <node id="7651151367" visible="true" version="2" changeset="90630825" timestamp="2020-09-09T08:31:42Z" user="LaFloresta" uid="10529535" lat="-19.2912613" lon="-47.5271049"/>
 <node id="7651151368" visible="true" version="2" changeset="90630825" timestamp="2020-09-09T08:31:42Z" user="LaFloresta" uid="10529535" lat="-19.2913246" lon="-47.5270432"/>
 <node id="7651151369" visible="true" version="1" changeset="87113969" timestamp="2020-06-25T04:53:41Z" user="Laccadive" uid="10811047" lat="-19.2915069" lon="-47.5269534"/>
 <node id="7651151370" visible="true" version="1" changeset="87113969" timestamp="2020-06-25T04:53:41Z" user="Laccadive" uid="10811047" lat="-19.2915866" lon="-47.5269359"/>
 <node id="7651151371" visible="true" version="2" changeset="90630825" timestamp="2020-09-09T08:31:42Z" user="LaFloresta" uid="10529535" lat="-19.2916980" lon="-47.5269265"/>
 <node id="7651151372" visible="true" version="2" changeset="90630825" timestamp="2020-09-09T08:31:42Z" user="LaFloresta" uid="10529535" lat="-19.2918803" lon="-47.5269628"/>
 <node id="7651151373" visible="true" version="2" changeset="90630825" timestamp="2020-09-09T08:31:42Z" user="LaFloresta" uid="10529535" lat="-19.2921297" lon="-47.5270459"/>
 <node id="7651151374" visible="true" version="2" changeset="90630825" timestamp="2020-09-09T08:31:42Z" user="LaFloresta" uid="10529535" lat="-19.2927296" lon="-47.5271881"/>
 <node id="7651151375" visible="true" version="2" changeset="90630825" timestamp="2020-09-09T08:31:42Z" user="LaFloresta" uid="10529535" lat="-19.2932993" lon="-47.5272752"/>
 <node id="7651151376" visible="true" version="2" changeset="90630825" timestamp="2020-09-09T08:31:42Z" user="LaFloresta" uid="10529535" lat="-19.2934524" lon="-47.5272860"/>
 <node id="7651151377" visible="true" version="2" changeset="90630825" timestamp="2020-09-09T08:31:42Z" user="LaFloresta" uid="10529535" lat="-19.2937651" lon="-47.5272524"/>
 <node id="7651151378" visible="true" version="2" changeset="90630825" timestamp="2020-09-09T08:31:42Z" user="LaFloresta" uid="10529535" lat="-19.2939043" lon="-47.5272042"/>
 <node id="7651151379" visible="true" version="2" changeset="90630825" timestamp="2020-09-09T08:31:42Z" user="LaFloresta" uid="10529535" lat="-19.2940208" lon="-47.5271398"/>
 <node id="7651151380" visible="true" version="2" changeset="90630825" timestamp="2020-09-09T08:31:42Z" user="LaFloresta" uid="10529535" lat="-19.2941802" lon="-47.5270466"/>
 <node id="7651151381" visible="true" version="2" changeset="90630825" timestamp="2020-09-09T08:31:42Z" user="LaFloresta" uid="10529535" lat="-19.2943543" lon="-47.5269561"/>
 <node id="7651151382" visible="true" version="2" changeset="90630825" timestamp="2020-09-09T08:31:42Z" user="LaFloresta" uid="10529535" lat="-19.2946049" lon="-47.5268877"/>
 <node id="7651151383" visible="true" version="2" changeset="90630825" timestamp="2020-09-09T08:31:42Z" user="LaFloresta" uid="10529535" lat="-19.2947049" lon="-47.5268696"/>
 <node id="7651151384" visible="true" version="2" changeset="90630825" timestamp="2020-09-09T08:31:42Z" user="LaFloresta" uid="10529535" lat="-19.2948891" lon="-47.5267944"/>
 <node id="7651151385" visible="true" version="2" changeset="90630825" timestamp="2020-09-09T08:31:42Z" user="LaFloresta" uid="10529535" lat="-19.2951340" lon="-47.5266865"/>
 <node id="7651151386" visible="true" version="2" changeset="90630825" timestamp="2020-09-09T08:31:42Z" user="LaFloresta" uid="10529535" lat="-19.2954359" lon="-47.5265671"/>
 <node id="7651151387" visible="true" version="2" changeset="90630825" timestamp="2020-09-09T08:31:42Z" user="LaFloresta" uid="10529535" lat="-19.2956156" lon="-47.5264578"/>
 <node id="7651151388" visible="true" version="1" changeset="87113969" timestamp="2020-06-25T04:53:41Z" user="Laccadive" uid="10811047" lat="-19.2959549" lon="-47.5261447"/>
 <node id="7651151389" visible="true" version="1" changeset="87113969" timestamp="2020-06-25T04:53:41Z" user="Laccadive" uid="10811047" lat="-19.2961270" lon="-47.5259811"/>
 <node id="7651151390" visible="true" version="1" changeset="87113969" timestamp="2020-06-25T04:53:41Z" user="Laccadive" uid="10811047" lat="-19.2963295" lon="-47.5258362"/>
 <node id="7651151391" visible="true" version="1" changeset="87113969" timestamp="2020-06-25T04:53:41Z" user="Laccadive" uid="10811047" lat="-19.2964207" lon="-47.5257263"/>
 <node id="7651151392" visible="true" version="1" changeset="87113969" timestamp="2020-06-25T04:53:41Z" user="Laccadive" uid="10811047" lat="-19.2964763" lon="-47.5256163"/>
 <node id="7651151393" visible="true" version="1" changeset="87113969" timestamp="2020-06-25T04:53:41Z" user="Laccadive" uid="10811047" lat="-19.2965485" lon="-47.5253655"/>
 <node id="7651151394" visible="true" version="1" changeset="87113969" timestamp="2020-06-25T04:53:41Z" user="Laccadive" uid="10811047" lat="-19.2965776" lon="-47.5253025"/>
 <node id="7651151395" visible="true" version="1" changeset="87113969" timestamp="2020-06-25T04:53:41Z" user="Laccadive" uid="10811047" lat="-19.2966137" lon="-47.5252676"/>
 <node id="7651151396" visible="true" version="1" changeset="87113969" timestamp="2020-06-25T04:53:41Z" user="Laccadive" uid="10811047" lat="-19.2967168" lon="-47.5252461"/>
 <node id="7651151397" visible="true" version="1" changeset="87113969" timestamp="2020-06-25T04:53:41Z" user="Laccadive" uid="10811047" lat="-19.2968054" lon="-47.5252810"/>
 <node id="7651151398" visible="true" version="2" changeset="87114476" timestamp="2020-06-25T05:04:09Z" user="Laccadive" uid="10811047" lat="-19.2968871" lon="-47.5253038"/>
 <node id="7651151399" visible="true" version="1" changeset="87113969" timestamp="2020-06-25T04:53:41Z" user="Laccadive" uid="10811047" lat="-19.2971295" lon="-47.5252649"/>
 <node id="7651151400" visible="true" version="2" changeset="87114476" timestamp="2020-06-25T05:04:09Z" user="Laccadive" uid="10811047" lat="-19.2972738" lon="-47.5251784"/>
 <node id="7651151401" visible="true" version="1" changeset="87113969" timestamp="2020-06-25T04:53:41Z" user="Laccadive" uid="10811047" lat="-19.2974307" lon="-47.5250343"/>
 <node id="7651151402" visible="true" version="2" changeset="87114476" timestamp="2020-06-25T05:04:09Z" user="Laccadive" uid="10811047" lat="-19.2975592" lon="-47.5248646"/>
 <node id="7651151403" visible="true" version="2" changeset="87114476" timestamp="2020-06-25T05:04:09Z" user="Laccadive" uid="10811047" lat="-19.2976117" lon="-47.5247593"/>
 <node id="7651151404" visible="true" version="1" changeset="87113969" timestamp="2020-06-25T04:53:41Z" user="Laccadive" uid="10811047" lat="-19.2976991" lon="-47.5245622"/>
 <node id="7651151405" visible="true" version="1" changeset="87113969" timestamp="2020-06-25T04:53:41Z" user="Laccadive" uid="10811047" lat="-19.2978079" lon="-47.5243261"/>
 <node id="7651151406" visible="true" version="1" changeset="87113969" timestamp="2020-06-25T04:53:41Z" user="Laccadive" uid="10811047" lat="-19.2978415" lon="-47.5242832"/>
 <node id="7651151407" visible="true" version="1" changeset="87113969" timestamp="2020-06-25T04:53:41Z" user="Laccadive" uid="10811047" lat="-19.2979623" lon="-47.5242591"/>
 <node id="7651151408" visible="true" version="1" changeset="87113969" timestamp="2020-06-25T04:53:41Z" user="Laccadive" uid="10811047" lat="-19.2980067" lon="-47.5242671"/>
 <node id="7651163408" visible="true" version="1" changeset="87114476" timestamp="2020-06-25T05:04:09Z" user="Laccadive" uid="10811047" lat="-19.3049808" lon="-47.5245890"/>
 <node id="7651163409" visible="true" version="1" changeset="87114476" timestamp="2020-06-25T05:04:09Z" user="Laccadive" uid="10811047" lat="-19.3050884" lon="-47.5245702"/>
 <node id="7651163410" visible="true" version="1" changeset="87114476" timestamp="2020-06-25T05:04:09Z" user="Laccadive" uid="10811047" lat="-19.3062338" lon="-47.5240257"/>
 <node id="7651163411" visible="true" version="1" changeset="87114476" timestamp="2020-06-25T05:04:09Z" user="Laccadive" uid="10811047" lat="-19.2975060" lon="-47.5249464"/>
 <node id="7651163412" visible="true" version="1" changeset="87114476" timestamp="2020-06-25T05:04:09Z" user="Laccadive" uid="10811047" lat="-19.2970339" lon="-47.5252964"/>
 <node id="7651163413" visible="true" version="1" changeset="87114476" timestamp="2020-06-25T05:04:09Z" user="Laccadive" uid="10811047" lat="-19.2971156" lon="-47.5253729"/>
 <node id="7651163414" visible="true" version="1" changeset="87114476" timestamp="2020-06-25T05:04:09Z" user="Laccadive" uid="10811047" lat="-19.2968611" lon="-47.5264531"/>
 <node id="7651163415" visible="true" version="2" changeset="87117700" timestamp="2020-06-25T06:10:54Z" user="Laccadive" uid="10811047" lat="-19.2967206" lon="-47.5268950"/>
 <node id="7651163416" visible="true" version="2" changeset="87117700" timestamp="2020-06-25T06:10:54Z" user="Laccadive" uid="10811047" lat="-19.2964751" lon="-47.5268957"/>
 <node id="7651163417" visible="true" version="3" changeset="90626112" timestamp="2020-09-09T07:15:46Z" user="LaFloresta" uid="10529535" lat="-19.2965763" lon="-47.5269366"/>
 <node id="7651163418" visible="true" version="2" changeset="87117700" timestamp="2020-06-25T06:10:54Z" user="Laccadive" uid="10811047" lat="-19.2967447" lon="-47.5268394"/>
 <node id="7651163419" visible="true" version="1" changeset="87114476" timestamp="2020-06-25T05:04:09Z" user="Laccadive" uid="10811047" lat="-19.2967738" lon="-47.5267053"/>
 <node id="7651163420" visible="true" version="1" changeset="87114476" timestamp="2020-06-25T05:04:09Z" user="Laccadive" uid="10811047" lat="-19.2968143" lon="-47.5265712"/>
 <node id="7651163421" visible="true" version="1" changeset="87114476" timestamp="2020-06-25T05:04:09Z" user="Laccadive" uid="10811047" lat="-19.2969067" lon="-47.5263727"/>
 <node id="7651163422" visible="true" version="2" changeset="90626112" timestamp="2020-09-09T07:15:46Z" user="LaFloresta" uid="10529535" lat="-19.2969535" lon="-47.5262721"/>
 <node id="7651163423" visible="true" version="1" changeset="87114476" timestamp="2020-06-25T05:04:09Z" user="Laccadive" uid="10811047" lat="-19.2969902" lon="-47.5261299"/>
 <node id="7651163424" visible="true" version="1" changeset="87114476" timestamp="2020-06-25T05:04:09Z" user="Laccadive" uid="10811047" lat="-19.2970586" lon="-47.5256592"/>
 <node id="7651163425" visible="true" version="1" changeset="87114476" timestamp="2020-06-25T05:04:09Z" user="Laccadive" uid="10811047" lat="-19.2970966" lon="-47.5254366"/>
 <node id="7651163426" visible="true" version="1" changeset="87114476" timestamp="2020-06-25T05:04:09Z" user="Laccadive" uid="10811047" lat="-19.2971409" lon="-47.5253166"/>
 <node id="7651163427" visible="true" version="1" changeset="87114476" timestamp="2020-06-25T05:04:09Z" user="Laccadive" uid="10811047" lat="-19.2971934" lon="-47.5252361"/>
 <node id="7651163428" visible="true" version="1" changeset="87114476" timestamp="2020-06-25T05:04:09Z" user="Laccadive" uid="10811047" lat="-19.3052934" lon="-47.5233378"/>
 <node id="7651163429" visible="true" version="1" changeset="87114476" timestamp="2020-06-25T05:04:09Z" user="Laccadive" uid="10811047" lat="-19.3050124" lon="-47.5236328"/>
 <node id="7651163430" visible="true" version="1" changeset="87114476" timestamp="2020-06-25T05:04:09Z" user="Laccadive" uid="10811047" lat="-19.3048352" lon="-47.5237910"/>
 <node id="7651163431" visible="true" version="2" changeset="87116424" timestamp="2020-06-25T05:45:29Z" user="Laccadive" uid="10811047" lat="-19.3046372" lon="-47.5244723"/>
 <node id="7651163432" visible="true" version="1" changeset="87114476" timestamp="2020-06-25T05:04:09Z" user="Laccadive" uid="10811047" lat="-19.3046631" lon="-47.5245112"/>
 <node id="7651163433" visible="true" version="1" changeset="87114476" timestamp="2020-06-25T05:04:09Z" user="Laccadive" uid="10811047" lat="-19.3048213" lon="-47.5245662"/>
 <node id="7651163434" visible="true" version="1" changeset="87114476" timestamp="2020-06-25T05:04:09Z" user="Laccadive" uid="10811047" lat="-19.3046985" lon="-47.5245367"/>
 <node id="7651163435" visible="true" version="2" changeset="87118769" timestamp="2020-06-25T06:29:09Z" user="Laccadive" uid="10811047" lat="-19.3046315" lon="-47.5244053"/>
 <node id="7651163436" visible="true" version="2" changeset="87118769" timestamp="2020-06-25T06:29:09Z" user="Laccadive" uid="10811047" lat="-19.3046568" lon="-47.5242819"/>
 <node id="7651163437" visible="true" version="2" changeset="87118769" timestamp="2020-06-25T06:29:09Z" user="Laccadive" uid="10811047" lat="-19.3047087" lon="-47.5240941"/>
 <node id="7651163438" visible="true" version="1" changeset="87114476" timestamp="2020-06-25T05:04:09Z" user="Laccadive" uid="10811047" lat="-19.3047720" lon="-47.5238930"/>
 <node id="7651163439" visible="true" version="1" changeset="87114476" timestamp="2020-06-25T05:04:09Z" user="Laccadive" uid="10811047" lat="-19.3049200" lon="-47.5236999"/>
 <node id="7651163440" visible="true" version="2" changeset="87118769" timestamp="2020-06-25T06:29:09Z" user="Laccadive" uid="10811047" lat="-19.3051580" lon="-47.5235309"/>
 <node id="7651163441" visible="true" version="1" changeset="87114476" timestamp="2020-06-25T05:04:09Z" user="Laccadive" uid="10811047" lat="-19.3052403" lon="-47.5234424"/>
 <node id="7651163442" visible="true" version="2" changeset="87118769" timestamp="2020-06-25T06:29:09Z" user="Laccadive" uid="10811047" lat="-19.3053175" lon="-47.5232010"/>
 <node id="7651163443" visible="true" version="1" changeset="87114476" timestamp="2020-06-25T05:04:09Z" user="Laccadive" uid="10811047" lat="-19.3052479" lon="-47.5221334"/>
 <node id="7651163444" visible="true" version="1" changeset="87114476" timestamp="2020-06-25T05:04:09Z" user="Laccadive" uid="10811047" lat="-19.3053073" lon="-47.5230642"/>
 <node id="7651163445" visible="true" version="1" changeset="87114476" timestamp="2020-06-25T05:04:09Z" user="Laccadive" uid="10811047" lat="-19.3052580" lon="-47.5228751"/>
 <node id="7651163446" visible="true" version="1" changeset="87114476" timestamp="2020-06-25T05:04:09Z" user="Laccadive" uid="10811047" lat="-19.3052073" lon="-47.5226364"/>
 <node id="7651163447" visible="true" version="1" changeset="87114476" timestamp="2020-06-25T05:04:09Z" user="Laccadive" uid="10811047" lat="-19.3051985" lon="-47.5224432"/>
 <node id="7651163448" visible="true" version="1" changeset="87114476" timestamp="2020-06-25T05:04:09Z" user="Laccadive" uid="10811047" lat="-19.3052149" lon="-47.5222662"/>
 <node id="7651163449" visible="true" version="1" changeset="87114476" timestamp="2020-06-25T05:04:09Z" user="Laccadive" uid="10811047" lat="-19.3053162" lon="-47.5220087"/>
 <node id="7651163450" visible="true" version="1" changeset="87114476" timestamp="2020-06-25T05:04:09Z" user="Laccadive" uid="10811047" lat="-19.3054466" lon="-47.5218371"/>
 <node id="7651163451" visible="true" version="1" changeset="87114476" timestamp="2020-06-25T05:04:09Z" user="Laccadive" uid="10811047" lat="-19.3056301" lon="-47.5216225"/>
 <node id="7651163452" visible="true" version="1" changeset="87114476" timestamp="2020-06-25T05:04:09Z" user="Laccadive" uid="10811047" lat="-19.3057541" lon="-47.5214964"/>
 <node id="7651163453" visible="true" version="1" changeset="87114476" timestamp="2020-06-25T05:04:09Z" user="Laccadive" uid="10811047" lat="-19.3060250" lon="-47.5212765"/>
 <node id="7651163454" visible="true" version="1" changeset="87114476" timestamp="2020-06-25T05:04:09Z" user="Laccadive" uid="10811047" lat="-19.3068376" lon="-47.5204933"/>
 <node id="7651163455" visible="true" version="1" changeset="87114476" timestamp="2020-06-25T05:04:09Z" user="Laccadive" uid="10811047" lat="-19.3064047" lon="-47.5209358"/>
 <node id="7651163456" visible="true" version="1" changeset="87114476" timestamp="2020-06-25T05:04:09Z" user="Laccadive" uid="10811047" lat="-19.3066502" lon="-47.5206757"/>
 <node id="7651163457" visible="true" version="1" changeset="87114476" timestamp="2020-06-25T05:04:09Z" user="Laccadive" uid="10811047" lat="-19.3070755" lon="-47.5203055"/>
 <node id="7651163458" visible="true" version="1" changeset="87114476" timestamp="2020-06-25T05:04:09Z" user="Laccadive" uid="10811047" lat="-19.3072881" lon="-47.5201848"/>
 <node id="7651163459" visible="true" version="1" changeset="87114476" timestamp="2020-06-25T05:04:09Z" user="Laccadive" uid="10811047" lat="-19.3074881" lon="-47.5200990"/>
 <node id="7651163460" visible="true" version="1" changeset="87114476" timestamp="2020-06-25T05:04:09Z" user="Laccadive" uid="10811047" lat="-19.3077514" lon="-47.5199381"/>
 <node id="7651163461" visible="true" version="1" changeset="87114476" timestamp="2020-06-25T05:04:09Z" user="Laccadive" uid="10811047" lat="-19.3079286" lon="-47.5197718"/>
 <node id="7651163462" visible="true" version="1" changeset="87114476" timestamp="2020-06-25T05:04:09Z" user="Laccadive" uid="10811047" lat="-19.3081032" lon="-47.5195277"/>
 <node id="7651163463" visible="true" version="1" changeset="87114476" timestamp="2020-06-25T05:04:09Z" user="Laccadive" uid="10811047" lat="-19.3084703" lon="-47.5184870"/>
 <node id="7651163464" visible="true" version="1" changeset="87114476" timestamp="2020-06-25T05:04:09Z" user="Laccadive" uid="10811047" lat="-19.3082412" lon="-47.5192675"/>
 <node id="7651163465" visible="true" version="1" changeset="87114476" timestamp="2020-06-25T05:04:09Z" user="Laccadive" uid="10811047" lat="-19.3083716" lon="-47.5189818"/>
 <node id="7651163466" visible="true" version="1" changeset="87114476" timestamp="2020-06-25T05:04:09Z" user="Laccadive" uid="10811047" lat="-19.3084197" lon="-47.5188290"/>
 <node id="7651163467" visible="true" version="1" changeset="87114476" timestamp="2020-06-25T05:04:09Z" user="Laccadive" uid="10811047" lat="-19.3084564" lon="-47.5186761"/>
 <node id="7651163468" visible="true" version="1" changeset="87114476" timestamp="2020-06-25T05:04:09Z" user="Laccadive" uid="10811047" lat="-19.3084602" lon="-47.5183462"/>
 <node id="7651163469" visible="true" version="1" changeset="87114476" timestamp="2020-06-25T05:04:09Z" user="Laccadive" uid="10811047" lat="-19.3084298" lon="-47.5182322"/>
 <node id="7651163470" visible="true" version="1" changeset="87114476" timestamp="2020-06-25T05:04:09Z" user="Laccadive" uid="10811047" lat="-19.3083602" lon="-47.5180686"/>
 <node id="7651163471" visible="true" version="1" changeset="87114476" timestamp="2020-06-25T05:04:09Z" user="Laccadive" uid="10811047" lat="-19.3082450" lon="-47.5178272"/>
 <node id="7651163472" visible="true" version="1" changeset="87114476" timestamp="2020-06-25T05:04:09Z" user="Laccadive" uid="10811047" lat="-19.3081766" lon="-47.5176997"/>
 <node id="7651163473" visible="true" version="1" changeset="87114476" timestamp="2020-06-25T05:04:09Z" user="Laccadive" uid="10811047" lat="-19.3080931" lon="-47.5175710"/>
 <node id="7651163474" visible="true" version="1" changeset="87114476" timestamp="2020-06-25T05:04:09Z" user="Laccadive" uid="10811047" lat="-19.3076463" lon="-47.5170560"/>
 <node id="7651163475" visible="true" version="1" changeset="87114476" timestamp="2020-06-25T05:04:09Z" user="Laccadive" uid="10811047" lat="-19.3074742" lon="-47.5170949"/>
 <node id="7651163476" visible="true" version="1" changeset="87114476" timestamp="2020-06-25T05:04:09Z" user="Laccadive" uid="10811047" lat="-19.3079615" lon="-47.5173980"/>
 <node id="7651163477" visible="true" version="1" changeset="87114476" timestamp="2020-06-25T05:04:09Z" user="Laccadive" uid="10811047" lat="-19.3077235" lon="-47.5171003"/>
 <node id="7651163478" visible="true" version="1" changeset="87114476" timestamp="2020-06-25T05:04:09Z" user="Laccadive" uid="10811047" lat="-19.3075868" lon="-47.5170520"/>
 <node id="7651163479" visible="true" version="1" changeset="87114476" timestamp="2020-06-25T05:04:09Z" user="Laccadive" uid="10811047" lat="-19.3075387" lon="-47.5170547"/>
 <node id="7651163480" visible="true" version="1" changeset="87114476" timestamp="2020-06-25T05:04:09Z" user="Laccadive" uid="10811047" lat="-19.3074236" lon="-47.5171566"/>
 <node id="7651163481" visible="true" version="1" changeset="87114476" timestamp="2020-06-25T05:04:09Z" user="Laccadive" uid="10811047" lat="-19.3073135" lon="-47.5173363"/>
 <node id="7651163482" visible="true" version="1" changeset="87114476" timestamp="2020-06-25T05:04:09Z" user="Laccadive" uid="10811047" lat="-19.3069996" lon="-47.5177346"/>
 <node id="7651163483" visible="true" version="1" changeset="87114476" timestamp="2020-06-25T05:04:09Z" user="Laccadive" uid="10811047" lat="-19.3068945" lon="-47.5178245"/>
 <node id="7651163484" visible="true" version="1" changeset="87114476" timestamp="2020-06-25T05:04:09Z" user="Laccadive" uid="10811047" lat="-19.3067641" lon="-47.5178996"/>
 <node id="7651176685" visible="true" version="1" changeset="87114476" timestamp="2020-06-25T05:04:09Z" user="Laccadive" uid="10811047" lat="-19.3066869" lon="-47.5179264"/>
 <node id="7651176686" visible="true" version="1" changeset="87114476" timestamp="2020-06-25T05:04:09Z" user="Laccadive" uid="10811047" lat="-19.3066047" lon="-47.5179465"/>
 <node id="7651176687" visible="true" version="1" changeset="87114476" timestamp="2020-06-25T05:04:09Z" user="Laccadive" uid="10811047" lat="-19.3062490" lon="-47.5179680"/>
 <node id="7651176688" visible="true" version="1" changeset="87114476" timestamp="2020-06-25T05:04:09Z" user="Laccadive" uid="10811047" lat="-19.3056263" lon="-47.5180230"/>
 <node id="7651176689" visible="true" version="1" changeset="87114476" timestamp="2020-06-25T05:04:09Z" user="Laccadive" uid="10811047" lat="-19.3054149" lon="-47.5180498"/>
 <node id="7651176690" visible="true" version="1" changeset="87114476" timestamp="2020-06-25T05:04:09Z" user="Laccadive" uid="10811047" lat="-19.3053099" lon="-47.5180471"/>
 <node id="7651176691" visible="true" version="1" changeset="87114476" timestamp="2020-06-25T05:04:09Z" user="Laccadive" uid="10811047" lat="-19.3051593" lon="-47.5180216"/>
 <node id="7651176692" visible="true" version="1" changeset="87114476" timestamp="2020-06-25T05:04:09Z" user="Laccadive" uid="10811047" lat="-19.3050833" lon="-47.5180136"/>
 <node id="7651176693" visible="true" version="1" changeset="87114476" timestamp="2020-06-25T05:04:09Z" user="Laccadive" uid="10811047" lat="-19.3050048" lon="-47.5180176"/>
 <node id="7651176694" visible="true" version="1" changeset="87114476" timestamp="2020-06-25T05:04:09Z" user="Laccadive" uid="10811047" lat="-19.3049251" lon="-47.5180444"/>
 <node id="7651176695" visible="true" version="1" changeset="87114476" timestamp="2020-06-25T05:04:09Z" user="Laccadive" uid="10811047" lat="-19.3042847" lon="-47.5184038"/>
 <node id="7651176696" visible="true" version="1" changeset="87114476" timestamp="2020-06-25T05:04:09Z" user="Laccadive" uid="10811047" lat="-19.3041467" lon="-47.5184856"/>
 <node id="7651176697" visible="true" version="1" changeset="87114476" timestamp="2020-06-25T05:04:09Z" user="Laccadive" uid="10811047" lat="-19.3040606" lon="-47.5185165"/>
 <node id="7651176698" visible="true" version="1" changeset="87114476" timestamp="2020-06-25T05:04:09Z" user="Laccadive" uid="10811047" lat="-19.3039859" lon="-47.5185312"/>
 <node id="7651176699" visible="true" version="1" changeset="87114476" timestamp="2020-06-25T05:04:09Z" user="Laccadive" uid="10811047" lat="-19.3039037" lon="-47.5185366"/>
 <node id="7651176700" visible="true" version="1" changeset="87114476" timestamp="2020-06-25T05:04:09Z" user="Laccadive" uid="10811047" lat="-19.3033101" lon="-47.5185393"/>
 <node id="7651176701" visible="true" version="1" changeset="87114476" timestamp="2020-06-25T05:04:09Z" user="Laccadive" uid="10811047" lat="-19.3032253" lon="-47.5185299"/>
 <node id="7651176702" visible="true" version="1" changeset="87114476" timestamp="2020-06-25T05:04:09Z" user="Laccadive" uid="10811047" lat="-19.3031632" lon="-47.5185058"/>
 <node id="7651176703" visible="true" version="1" changeset="87114476" timestamp="2020-06-25T05:04:09Z" user="Laccadive" uid="10811047" lat="-19.3031101" lon="-47.5184588"/>
 <node id="7651176704" visible="true" version="1" changeset="87114476" timestamp="2020-06-25T05:04:09Z" user="Laccadive" uid="10811047" lat="-19.3030797" lon="-47.5184052"/>
 <node id="7651176705" visible="true" version="1" changeset="87114476" timestamp="2020-06-25T05:04:09Z" user="Laccadive" uid="10811047" lat="-19.3029924" lon="-47.5166671"/>
 <node id="7651176706" visible="true" version="1" changeset="87114476" timestamp="2020-06-25T05:04:09Z" user="Laccadive" uid="10811047" lat="-19.3030645" lon="-47.5172170"/>
 <node id="7651176707" visible="true" version="1" changeset="87114476" timestamp="2020-06-25T05:04:09Z" user="Laccadive" uid="10811047" lat="-19.3030898" lon="-47.5174248"/>
 <node id="7651176708" visible="true" version="1" changeset="87114476" timestamp="2020-06-25T05:04:09Z" user="Laccadive" uid="10811047" lat="-19.3030911" lon="-47.5175764"/>
 <node id="7651176709" visible="true" version="1" changeset="87114476" timestamp="2020-06-25T05:04:09Z" user="Laccadive" uid="10811047" lat="-19.3030683" lon="-47.5183408"/>
 <node id="7651176710" visible="true" version="1" changeset="87114476" timestamp="2020-06-25T05:04:09Z" user="Laccadive" uid="10811047" lat="-19.3027506" lon="-47.5147627"/>
 <node id="7651176711" visible="true" version="1" changeset="87114476" timestamp="2020-06-25T05:04:09Z" user="Laccadive" uid="10811047" lat="-19.3026329" lon="-47.5138454"/>
 <node id="7651176712" visible="true" version="1" changeset="87114476" timestamp="2020-06-25T05:04:09Z" user="Laccadive" uid="10811047" lat="-19.3025899" lon="-47.5135772"/>
 <node id="7651176713" visible="true" version="1" changeset="87114476" timestamp="2020-06-25T05:04:09Z" user="Laccadive" uid="10811047" lat="-19.3025468" lon="-47.5133505"/>
 <node id="7651176714" visible="true" version="1" changeset="87114476" timestamp="2020-06-25T05:04:09Z" user="Laccadive" uid="10811047" lat="-19.3025025" lon="-47.5131413"/>
 <node id="7651176715" visible="true" version="1" changeset="87114476" timestamp="2020-06-25T05:04:09Z" user="Laccadive" uid="10811047" lat="-19.3024646" lon="-47.5129965"/>
 <node id="7651176716" visible="true" version="1" changeset="87114476" timestamp="2020-06-25T05:04:09Z" user="Laccadive" uid="10811047" lat="-19.3020235" lon="-47.5114710"/>
 <node id="7651176717" visible="true" version="1" changeset="87114476" timestamp="2020-06-25T05:04:09Z" user="Laccadive" uid="10811047" lat="-19.3019735" lon="-47.5113315"/>
 <node id="7651176718" visible="true" version="1" changeset="87114476" timestamp="2020-06-25T05:04:09Z" user="Laccadive" uid="10811047" lat="-19.3023013" lon="-47.5124681"/>
 <node id="7651176719" visible="true" version="1" changeset="87114476" timestamp="2020-06-25T05:04:09Z" user="Laccadive" uid="10811047" lat="-19.3020709" lon="-47.5116527"/>
 <node id="7651176720" visible="true" version="1" changeset="87114476" timestamp="2020-06-25T05:04:09Z" user="Laccadive" uid="10811047" lat="-19.3019975" lon="-47.5113865"/>
 <node id="7651228787" visible="true" version="1" changeset="87115485" timestamp="2020-06-25T05:26:12Z" user="Laccadive" uid="10811047" lat="-19.2999508" lon="-47.5112571"/>
 <node id="7651228788" visible="true" version="1" changeset="87115485" timestamp="2020-06-25T05:26:12Z" user="Laccadive" uid="10811047" lat="-19.2999103" lon="-47.5111954"/>
 <node id="7651228789" visible="true" version="1" changeset="87115485" timestamp="2020-06-25T05:26:12Z" user="Laccadive" uid="10811047" lat="-19.3013520" lon="-47.5124037"/>
 <node id="7651228790" visible="true" version="1" changeset="87115485" timestamp="2020-06-25T05:26:12Z" user="Laccadive" uid="10811047" lat="-19.3001141" lon="-47.5114328"/>
 <node id="7651228791" visible="true" version="1" changeset="87115485" timestamp="2020-06-25T05:26:12Z" user="Laccadive" uid="10811047" lat="-19.3000242" lon="-47.5113469"/>
 <node id="7651228792" visible="true" version="1" changeset="87115485" timestamp="2020-06-25T05:26:12Z" user="Laccadive" uid="10811047" lat="-19.2998572" lon="-47.5111404"/>
 <node id="7651228793" visible="true" version="1" changeset="87115485" timestamp="2020-06-25T05:26:12Z" user="Laccadive" uid="10811047" lat="-19.2997254" lon="-47.5110235"/>
 <node id="7651228794" visible="true" version="1" changeset="87115485" timestamp="2020-06-25T05:26:12Z" user="Laccadive" uid="10811047" lat="-19.2991762" lon="-47.5186721"/>
 <node id="7651228795" visible="true" version="1" changeset="87115485" timestamp="2020-06-25T05:26:12Z" user="Laccadive" uid="10811047" lat="-19.2987383" lon="-47.5185245"/>
 <node id="7651228796" visible="true" version="1" changeset="87115485" timestamp="2020-06-25T05:26:12Z" user="Laccadive" uid="10811047" lat="-19.2995344" lon="-47.5184843"/>
 <node id="7651228797" visible="true" version="1" changeset="87115485" timestamp="2020-06-25T05:26:12Z" user="Laccadive" uid="10811047" lat="-19.2992597" lon="-47.5186318"/>
 <node id="7651228798" visible="true" version="1" changeset="87115485" timestamp="2020-06-25T05:26:12Z" user="Laccadive" uid="10811047" lat="-19.2990939" lon="-47.5186881"/>
 <node id="7651228799" visible="true" version="1" changeset="87115485" timestamp="2020-06-25T05:26:12Z" user="Laccadive" uid="10811047" lat="-19.2990028" lon="-47.5186721"/>
 <node id="7651228800" visible="true" version="1" changeset="87115485" timestamp="2020-06-25T05:26:12Z" user="Laccadive" uid="10811047" lat="-19.2988800" lon="-47.5186037"/>
 <node id="7651228801" visible="true" version="1" changeset="87115485" timestamp="2020-06-25T05:26:12Z" user="Laccadive" uid="10811047" lat="-19.2987686" lon="-47.5185346"/>
 <node id="7651228802" visible="true" version="1" changeset="87115485" timestamp="2020-06-25T05:26:12Z" user="Laccadive" uid="10811047" lat="-19.2987066" lon="-47.5185245"/>
 <node id="7651228803" visible="true" version="1" changeset="87115485" timestamp="2020-06-25T05:26:12Z" user="Laccadive" uid="10811047" lat="-19.2985378" lon="-47.5185618"/>
 <node id="7651269229" visible="true" version="1" changeset="87116424" timestamp="2020-06-25T05:45:29Z" user="Laccadive" uid="10811047" lat="-19.3020190" lon="-47.5231366"/>
 <node id="7651269266" visible="true" version="1" changeset="87116424" timestamp="2020-06-25T05:45:29Z" user="Laccadive" uid="10811047" lat="-19.2987904" lon="-47.4987917"/>
 <node id="7651269267" visible="true" version="1" changeset="87116424" timestamp="2020-06-25T05:45:29Z" user="Laccadive" uid="10811047" lat="-19.3020228" lon="-47.5229770"/>
 <node id="7651269268" visible="true" version="1" changeset="87116424" timestamp="2020-06-25T05:45:29Z" user="Laccadive" uid="10811047" lat="-19.3020114" lon="-47.5211283"/>
 <node id="7651269269" visible="true" version="1" changeset="87116424" timestamp="2020-06-25T05:45:29Z" user="Laccadive" uid="10811047" lat="-19.3019374" lon="-47.5209714"/>
 <node id="7651269270" visible="true" version="1" changeset="87116424" timestamp="2020-06-25T05:45:29Z" user="Laccadive" uid="10811047" lat="-19.3019399" lon="-47.5210015"/>
 <node id="7651269271" visible="true" version="1" changeset="87116424" timestamp="2020-06-25T05:45:29Z" user="Laccadive" uid="10811047" lat="-19.3019557" lon="-47.5210391"/>
 <node id="7651269272" visible="true" version="1" changeset="87116424" timestamp="2020-06-25T05:45:29Z" user="Laccadive" uid="10811047" lat="-19.3020203" lon="-47.5211792"/>
 <node id="7651269273" visible="true" version="1" changeset="87116424" timestamp="2020-06-25T05:45:29Z" user="Laccadive" uid="10811047" lat="-19.3019962" lon="-47.5207843"/>
 <node id="7651269274" visible="true" version="1" changeset="87116424" timestamp="2020-06-25T05:45:29Z" user="Laccadive" uid="10811047" lat="-19.3022367" lon="-47.5199622"/>
 <node id="7651269275" visible="true" version="1" changeset="87116424" timestamp="2020-06-25T05:45:29Z" user="Laccadive" uid="10811047" lat="-19.3026278" lon="-47.5187002"/>
 <node id="7651269276" visible="true" version="1" changeset="87116424" timestamp="2020-06-25T05:45:29Z" user="Laccadive" uid="10811047" lat="-19.3027152" lon="-47.5181410"/>
 <node id="7651269277" visible="true" version="1" changeset="87116424" timestamp="2020-06-25T05:45:29Z" user="Laccadive" uid="10811047" lat="-19.3027253" lon="-47.5179277"/>
 <node id="7651269278" visible="true" version="1" changeset="87116424" timestamp="2020-06-25T05:45:29Z" user="Laccadive" uid="10811047" lat="-19.3028012" lon="-47.5167798"/>
 <node id="7651269279" visible="true" version="1" changeset="87116424" timestamp="2020-06-25T05:45:29Z" user="Laccadive" uid="10811047" lat="-19.3026367" lon="-47.5153488"/>
 <node id="7651269280" visible="true" version="1" changeset="87116424" timestamp="2020-06-25T05:45:29Z" user="Laccadive" uid="10811047" lat="-19.3016456" lon="-47.5126518"/>
 <node id="7651269281" visible="true" version="1" changeset="87116424" timestamp="2020-06-25T05:45:29Z" user="Laccadive" uid="10811047" lat="-19.3017659" lon="-47.5127725"/>
 <node id="7651269282" visible="true" version="1" changeset="87116424" timestamp="2020-06-25T05:45:29Z" user="Laccadive" uid="10811047" lat="-19.3018292" lon="-47.5128704"/>
 <node id="7651269283" visible="true" version="1" changeset="87116424" timestamp="2020-06-25T05:45:29Z" user="Laccadive" uid="10811047" lat="-19.3018684" lon="-47.5129576"/>
 <node id="7651269284" visible="true" version="1" changeset="87116424" timestamp="2020-06-25T05:45:29Z" user="Laccadive" uid="10811047" lat="-19.3019089" lon="-47.5130716"/>
 <node id="7651279085" visible="true" version="1" changeset="87116424" timestamp="2020-06-25T05:45:29Z" user="Laccadive" uid="10811047" lat="-19.3020557" lon="-47.5135008"/>
 <node id="7651279086" visible="true" version="1" changeset="87116424" timestamp="2020-06-25T05:45:29Z" user="Laccadive" uid="10811047" lat="-19.3022469" lon="-47.5140814"/>
 <node id="7651279087" visible="true" version="1" changeset="87116424" timestamp="2020-06-25T05:45:29Z" user="Laccadive" uid="10811047" lat="-19.3025823" lon="-47.5151557"/>
 <node id="7651279088" visible="true" version="1" changeset="87116424" timestamp="2020-06-25T05:45:29Z" user="Laccadive" uid="10811047" lat="-19.3026734" lon="-47.5155205"/>
 <node id="7651279089" visible="true" version="1" changeset="87116424" timestamp="2020-06-25T05:45:29Z" user="Laccadive" uid="10811047" lat="-19.3026975" lon="-47.5156707"/>
 <node id="7651279090" visible="true" version="1" changeset="87116424" timestamp="2020-06-25T05:45:29Z" user="Laccadive" uid="10811047" lat="-19.3027380" lon="-47.5160542"/>
 <node id="7651279091" visible="true" version="1" changeset="87116424" timestamp="2020-06-25T05:45:29Z" user="Laccadive" uid="10811047" lat="-19.3027861" lon="-47.5165518"/>
 <node id="7651279092" visible="true" version="1" changeset="87116424" timestamp="2020-06-25T05:45:29Z" user="Laccadive" uid="10811047" lat="-19.3028012" lon="-47.5170131"/>
 <node id="7651279093" visible="true" version="1" changeset="87116424" timestamp="2020-06-25T05:45:29Z" user="Laccadive" uid="10811047" lat="-19.3027886" lon="-47.5172304"/>
 <node id="7651279094" visible="true" version="1" changeset="87116424" timestamp="2020-06-25T05:45:29Z" user="Laccadive" uid="10811047" lat="-19.3027468" lon="-47.5176381"/>
 <node id="7651279095" visible="true" version="1" changeset="87116424" timestamp="2020-06-25T05:45:29Z" user="Laccadive" uid="10811047" lat="-19.3027025" lon="-47.5183073"/>
 <node id="7651279096" visible="true" version="1" changeset="87116424" timestamp="2020-06-25T05:45:29Z" user="Laccadive" uid="10811047" lat="-19.3026772" lon="-47.5184856"/>
 <node id="7651279097" visible="true" version="1" changeset="87116424" timestamp="2020-06-25T05:45:29Z" user="Laccadive" uid="10811047" lat="-19.3024177" lon="-47.5193708"/>
 <node id="7651279098" visible="true" version="1" changeset="87116424" timestamp="2020-06-25T05:45:29Z" user="Laccadive" uid="10811047" lat="-19.3020621" lon="-47.5205724"/>
 <node id="7651279099" visible="true" version="1" changeset="87116424" timestamp="2020-06-25T05:45:29Z" user="Laccadive" uid="10811047" lat="-19.3019444" lon="-47.5209332"/>
 <node id="7651279100" visible="true" version="1" changeset="87116424" timestamp="2020-06-25T05:45:29Z" user="Laccadive" uid="10811047" lat="-19.3019880" lon="-47.5210820"/>
 <node id="7651279101" visible="true" version="1" changeset="87116424" timestamp="2020-06-25T05:45:29Z" user="Laccadive" uid="10811047" lat="-19.3020279" lon="-47.5212329"/>
 <node id="7651279102" visible="true" version="1" changeset="87116424" timestamp="2020-06-25T05:45:29Z" user="Laccadive" uid="10811047" lat="-19.3020203" lon="-47.5215876"/>
 <node id="7651279103" visible="true" version="1" changeset="87116424" timestamp="2020-06-25T05:45:29Z" user="Laccadive" uid="10811047" lat="-19.3020507" lon="-47.5222206"/>
 <node id="7651279104" visible="true" version="1" changeset="87116424" timestamp="2020-06-25T05:45:29Z" user="Laccadive" uid="10811047" lat="-19.3020494" lon="-47.5225277"/>
 <node id="7651279105" visible="true" version="1" changeset="87116424" timestamp="2020-06-25T05:45:29Z" user="Laccadive" uid="10811047" lat="-19.3020304" lon="-47.5233364"/>
 <node id="7651279106" visible="true" version="1" changeset="87116424" timestamp="2020-06-25T05:45:29Z" user="Laccadive" uid="10811047" lat="-19.3020722" lon="-47.5237817"/>
 <node id="7651279107" visible="true" version="1" changeset="87116424" timestamp="2020-06-25T05:45:29Z" user="Laccadive" uid="10811047" lat="-19.3021013" lon="-47.5239158"/>
 <node id="7651279108" visible="true" version="1" changeset="87116424" timestamp="2020-06-25T05:45:29Z" user="Laccadive" uid="10811047" lat="-19.3021418" lon="-47.5240070"/>
 <node id="7651279109" visible="true" version="1" changeset="87116424" timestamp="2020-06-25T05:45:29Z" user="Laccadive" uid="10811047" lat="-19.3022140" lon="-47.5240982"/>
 <node id="7651279110" visible="true" version="1" changeset="87116424" timestamp="2020-06-25T05:45:29Z" user="Laccadive" uid="10811047" lat="-19.3022975" lon="-47.5241679"/>
 <node id="7651279111" visible="true" version="1" changeset="87116424" timestamp="2020-06-25T05:45:29Z" user="Laccadive" uid="10811047" lat="-19.3024215" lon="-47.5242269"/>
 <node id="7651279112" visible="true" version="1" changeset="87116424" timestamp="2020-06-25T05:45:29Z" user="Laccadive" uid="10811047" lat="-19.3025544" lon="-47.5242645"/>
 <node id="7651279113" visible="true" version="1" changeset="87116424" timestamp="2020-06-25T05:45:29Z" user="Laccadive" uid="10811047" lat="-19.3026734" lon="-47.5243047"/>
 <node id="7651279114" visible="true" version="1" changeset="87116424" timestamp="2020-06-25T05:45:29Z" user="Laccadive" uid="10811047" lat="-19.3029519" lon="-47.5244308"/>
 <node id="7651279115" visible="true" version="2" changeset="164957876" timestamp="2025-04-14T21:11:38Z" user="NittyGrittyInTheCity" uid="15652980" lat="-19.3031520" lon="-47.5245194"/>
 <node id="7651279116" visible="true" version="1" changeset="87116424" timestamp="2020-06-25T05:45:29Z" user="Laccadive" uid="10811047" lat="-19.3035645" lon="-47.5247124"/>
 <node id="7651279117" visible="true" version="1" changeset="87116424" timestamp="2020-06-25T05:45:29Z" user="Laccadive" uid="10811047" lat="-19.3037088" lon="-47.5247499"/>
 <node id="7651279118" visible="true" version="1" changeset="87116424" timestamp="2020-06-25T05:45:29Z" user="Laccadive" uid="10811047" lat="-19.3038834" lon="-47.5247768"/>
 <node id="7651279119" visible="true" version="1" changeset="87116424" timestamp="2020-06-25T05:45:29Z" user="Laccadive" uid="10811047" lat="-19.3040644" lon="-47.5247660"/>
 <node id="7651279120" visible="true" version="1" changeset="87116424" timestamp="2020-06-25T05:45:29Z" user="Laccadive" uid="10811047" lat="-19.3042214" lon="-47.5247110"/>
 <node id="7651279121" visible="true" version="1" changeset="87116424" timestamp="2020-06-25T05:45:29Z" user="Laccadive" uid="10811047" lat="-19.3043771" lon="-47.5246373"/>
 <node id="7651337600" visible="true" version="1" changeset="87117700" timestamp="2020-06-25T06:10:54Z" user="Laccadive" uid="10811047" lat="-19.2969582" lon="-47.4917397"/>
 <node id="7651337601" visible="true" version="1" changeset="87117700" timestamp="2020-06-25T06:10:54Z" user="Laccadive" uid="10811047" lat="-19.2964365" lon="-47.5268186"/>
 <node id="7651337602" visible="true" version="1" changeset="87117700" timestamp="2020-06-25T06:10:54Z" user="Laccadive" uid="10811047" lat="-19.2964358" lon="-47.5268427"/>
 <node id="7651337603" visible="true" version="1" changeset="87117700" timestamp="2020-06-25T06:10:54Z" user="Laccadive" uid="10811047" lat="-19.2964466" lon="-47.5268722"/>
 <node id="7651337604" visible="true" version="1" changeset="87117700" timestamp="2020-06-25T06:10:54Z" user="Laccadive" uid="10811047" lat="-19.2969242" lon="-47.5253061"/>
 <node id="7651337605" visible="true" version="1" changeset="87117700" timestamp="2020-06-25T06:10:54Z" user="Laccadive" uid="10811047" lat="-19.2969016" lon="-47.5253896"/>
 <node id="7651337606" visible="true" version="1" changeset="87117700" timestamp="2020-06-25T06:10:54Z" user="Laccadive" uid="10811047" lat="-19.2968700" lon="-47.5255305"/>
 <node id="7651337607" visible="true" version="1" changeset="87117700" timestamp="2020-06-25T06:10:54Z" user="Laccadive" uid="10811047" lat="-19.2968384" lon="-47.5256860"/>
 <node id="7651337608" visible="true" version="1" changeset="87117700" timestamp="2020-06-25T06:10:54Z" user="Laccadive" uid="10811047" lat="-19.2968067" lon="-47.5259100"/>
 <node id="7651337609" visible="true" version="1" changeset="87117700" timestamp="2020-06-25T06:10:54Z" user="Laccadive" uid="10811047" lat="-19.2967662" lon="-47.5260589"/>
 <node id="7651337610" visible="true" version="1" changeset="87117700" timestamp="2020-06-25T06:10:54Z" user="Laccadive" uid="10811047" lat="-19.2967055" lon="-47.5262412"/>
 <node id="7651337611" visible="true" version="1" changeset="87117700" timestamp="2020-06-25T06:10:54Z" user="Laccadive" uid="10811047" lat="-19.2965434" lon="-47.5266181"/>
 <node id="7651337612" visible="true" version="1" changeset="87117700" timestamp="2020-06-25T06:10:54Z" user="Laccadive" uid="10811047" lat="-19.2964510" lon="-47.5267750"/>
 <node id="7651337613" visible="true" version="2" changeset="90626112" timestamp="2020-09-09T07:15:46Z" user="LaFloresta" uid="10529535" lat="-19.2966251" lon="-47.5269386"/>
 <node id="7651337614" visible="true" version="2" changeset="90626112" timestamp="2020-09-09T07:15:46Z" user="LaFloresta" uid="10529535" lat="-19.2966694" lon="-47.5269359"/>
 <node id="7651337615" visible="true" version="1" changeset="87117700" timestamp="2020-06-25T06:10:54Z" user="Laccadive" uid="10811047" lat="-19.2966953" lon="-47.5269198"/>
 <node id="7651364213" visible="true" version="1" changeset="87118169" timestamp="2020-06-25T06:19:06Z" user="Laccadive" uid="10811047" lat="-19.3035670" lon="-47.5251482"/>
 <node id="7651364214" visible="true" version="1" changeset="87118169" timestamp="2020-06-25T06:19:06Z" user="Laccadive" uid="10811047" lat="-19.3039442" lon="-47.5249605"/>
 <node id="7651364215" visible="true" version="1" changeset="87118169" timestamp="2020-06-25T06:19:06Z" user="Laccadive" uid="10811047" lat="-19.3027164" lon="-47.5253829"/>
 <node id="7651364216" visible="true" version="1" changeset="87118169" timestamp="2020-06-25T06:19:06Z" user="Laccadive" uid="10811047" lat="-19.3037493" lon="-47.5250839"/>
 <node id="7651364217" visible="true" version="1" changeset="87118169" timestamp="2020-06-25T06:19:06Z" user="Laccadive" uid="10811047" lat="-19.3038746" lon="-47.5250088"/>
 <node id="7651364218" visible="true" version="1" changeset="87118169" timestamp="2020-06-25T06:19:06Z" user="Laccadive" uid="10811047" lat="-19.3040037" lon="-47.5248921"/>
 <node id="7651412387" visible="true" version="2" changeset="151112136" timestamp="2024-05-09T17:38:48Z" user="ProjetoMapeia" uid="11455881" lat="-19.3079616" lon="-47.5251066"/>
 <node id="7651912916" visible="true" version="1" changeset="87129475" timestamp="2020-06-25T09:23:26Z" user="Laccadive" uid="10811047" lat="-19.2949967" lon="-47.5154507"/>
 <node id="7692140695" visible="true" version="2" changeset="90619790" timestamp="2020-09-09T05:40:50Z" user="LaFloresta" uid="10529535" lat="-19.2974510" lon="-47.5387685"/>
 <node id="7692140696" visible="true" version="2" changeset="90619790" timestamp="2020-09-09T05:40:50Z" user="LaFloresta" uid="10529535" lat="-19.2980636" lon="-47.5384212"/>
 <node id="7692140697" visible="true" version="2" changeset="90619790" timestamp="2020-09-09T05:40:50Z" user="LaFloresta" uid="10529535" lat="-19.3001331" lon="-47.5373362"/>
 <node id="7692140698" visible="true" version="2" changeset="90619790" timestamp="2020-09-09T05:40:50Z" user="LaFloresta" uid="10529535" lat="-19.3006622" lon="-47.5370479"/>
 <node id="7692140699" visible="true" version="2" changeset="90619790" timestamp="2020-09-09T05:40:50Z" user="LaFloresta" uid="10529535" lat="-19.3007501" lon="-47.5369815"/>
 <node id="7692140700" visible="true" version="2" changeset="90619790" timestamp="2020-09-09T05:40:50Z" user="LaFloresta" uid="10529535" lat="-19.3007381" lon="-47.5367575"/>
 <node id="7692140701" visible="true" version="1" changeset="87663059" timestamp="2020-07-07T15:32:30Z" user="erickdeoliveiraleal" uid="463504" lat="-19.2999749" lon="-47.5354976"/>
 <node id="7692140702" visible="true" version="2" changeset="90619790" timestamp="2020-09-09T05:40:50Z" user="LaFloresta" uid="10529535" lat="-19.2997546" lon="-47.5350375"/>
 <node id="7692140703" visible="true" version="2" changeset="90619790" timestamp="2020-09-09T05:40:50Z" user="LaFloresta" uid="10529535" lat="-19.2992914" lon="-47.5331613"/>
 <node id="7692140704" visible="true" version="2" changeset="90619790" timestamp="2020-09-09T05:40:50Z" user="LaFloresta" uid="10529535" lat="-19.2992129" lon="-47.5325713"/>
 <node id="7692140705" visible="true" version="2" changeset="90619790" timestamp="2020-09-09T05:40:50Z" user="LaFloresta" uid="10529535" lat="-19.2992509" lon="-47.5320885"/>
 <node id="7692140706" visible="true" version="2" changeset="90619790" timestamp="2020-09-09T05:40:50Z" user="LaFloresta" uid="10529535" lat="-19.2994939" lon="-47.5315399"/>
 <node id="7692140707" visible="true" version="2" changeset="90619790" timestamp="2020-09-09T05:40:50Z" user="LaFloresta" uid="10529535" lat="-19.2996458" lon="-47.5311135"/>
 <node id="7692140708" visible="true" version="2" changeset="90619790" timestamp="2020-09-09T05:40:50Z" user="LaFloresta" uid="10529535" lat="-19.3002711" lon="-47.5303356"/>
 <node id="7692140709" visible="true" version="2" changeset="90619790" timestamp="2020-09-09T05:40:50Z" user="LaFloresta" uid="10529535" lat="-19.3005926" lon="-47.5301103"/>
 <node id="7692140712" visible="true" version="2" changeset="90615668" timestamp="2020-09-09T04:18:05Z" user="LaFloresta" uid="10529535" lat="-19.3018988" lon="-47.5302351"/>
 <node id="7692623253" visible="true" version="1" changeset="87669471" timestamp="2020-07-07T18:26:59Z" user="DressyPear4" uid="3984659" lat="-19.3122820" lon="-47.5371501"/>
 <node id="7692623254" visible="true" version="1" changeset="87669471" timestamp="2020-07-07T18:26:59Z" user="DressyPear4" uid="3984659" lat="-19.3122599" lon="-47.5371422"/>
 <node id="7692623255" visible="true" version="1" changeset="87669471" timestamp="2020-07-07T18:26:59Z" user="DressyPear4" uid="3984659" lat="-19.3122414" lon="-47.5371271"/>
 <node id="7692623256" visible="true" version="1" changeset="87669471" timestamp="2020-07-07T18:26:59Z" user="DressyPear4" uid="3984659" lat="-19.3122286" lon="-47.5371065"/>
 <node id="7692623257" visible="true" version="1" changeset="87669471" timestamp="2020-07-07T18:26:59Z" user="DressyPear4" uid="3984659" lat="-19.3122228" lon="-47.5370825"/>
 <node id="7692623258" visible="true" version="1" changeset="87669471" timestamp="2020-07-07T18:26:59Z" user="DressyPear4" uid="3984659" lat="-19.3122246" lon="-47.5370579"/>
 <node id="7692623259" visible="true" version="1" changeset="87669471" timestamp="2020-07-07T18:26:59Z" user="DressyPear4" uid="3984659" lat="-19.3122339" lon="-47.5370352"/>
 <node id="7692623260" visible="true" version="1" changeset="87669471" timestamp="2020-07-07T18:26:59Z" user="DressyPear4" uid="3984659" lat="-19.3122496" lon="-47.5370169"/>
 <node id="7692623261" visible="true" version="1" changeset="87669471" timestamp="2020-07-07T18:26:59Z" user="DressyPear4" uid="3984659" lat="-19.3122701" lon="-47.5370050"/>
 <node id="7692623262" visible="true" version="1" changeset="87669471" timestamp="2020-07-07T18:26:59Z" user="DressyPear4" uid="3984659" lat="-19.3122931" lon="-47.5370009"/>
 <node id="7692623263" visible="true" version="3" changeset="166610116" timestamp="2025-05-22T12:07:27Z" user="MountAgung" uid="22557240" lat="-19.3159755" lon="-47.5358932"/>
 <node id="7692623265" visible="true" version="2" changeset="89127194" timestamp="2020-08-08T12:47:56Z" user="NorthwestPassage" uid="10409507" lat="-19.3151396" lon="-47.5370204"/>
 <node id="7692623266" visible="true" version="3" changeset="173672006" timestamp="2025-10-23T12:31:48Z" user="DressyPear4" uid="3984659" lat="-19.3158666" lon="-47.5366496"/>
 <node id="7692623267" visible="true" version="4" changeset="173672006" timestamp="2025-10-23T12:31:48Z" user="DressyPear4" uid="3984659" lat="-19.3158320" lon="-47.5372090"/>
 <node id="7692623268" visible="true" version="2" changeset="173672006" timestamp="2025-10-23T12:31:48Z" user="DressyPear4" uid="3984659" lat="-19.3158161" lon="-47.5374234"/>
 <node id="7692623269" visible="true" version="3" changeset="168975721" timestamp="2025-07-15T17:03:14Z" user="MonteRosa1" uid="22220364" lat="-19.3169019" lon="-47.5366790"/>
 <node id="7692623270" visible="true" version="3" changeset="173672006" timestamp="2025-10-23T12:31:48Z" user="DressyPear4" uid="3984659" lat="-19.3168248" lon="-47.5367555"/>
 <node id="7692623271" visible="true" version="3" changeset="89127735" timestamp="2020-08-08T13:06:27Z" user="NorthwestPassage" uid="10409507" lat="-19.3176721" lon="-47.5345152"/>
 <node id="7692623272" visible="true" version="3" changeset="173672006" timestamp="2025-10-23T12:31:48Z" user="DressyPear4" uid="3984659" lat="-19.3175512" lon="-47.5349477"/>
 <node id="7692623273" visible="true" version="3" changeset="173672006" timestamp="2025-10-23T12:31:48Z" user="DressyPear4" uid="3984659" lat="-19.3174114" lon="-47.5353950"/>
 <node id="7692623274" visible="true" version="3" changeset="166610116" timestamp="2025-05-22T12:07:27Z" user="MountAgung" uid="22557240" lat="-19.3172919" lon="-47.5358338"/>
 <node id="7692623275" visible="true" version="3" changeset="166610116" timestamp="2025-05-22T12:07:27Z" user="MountAgung" uid="22557240" lat="-19.3171437" lon="-47.5362996"/>
 <node id="7692623276" visible="true" version="3" changeset="168975721" timestamp="2025-07-15T17:03:14Z" user="MonteRosa1" uid="22220364" lat="-19.3170210" lon="-47.5366174"/>
 <node id="7692623280" visible="true" version="3" changeset="168975721" timestamp="2025-07-15T17:03:14Z" user="MonteRosa1" uid="22220364" lat="-19.3174271" lon="-47.5368011"/>
 <node id="7692623281" visible="true" version="3" changeset="168975721" timestamp="2025-07-15T17:03:14Z" user="MonteRosa1" uid="22220364" lat="-19.3174491" lon="-47.5367439"/>
 <node id="7692623282" visible="true" version="4" changeset="168975721" timestamp="2025-07-15T17:03:14Z" user="MonteRosa1" uid="22220364" lat="-19.3158818" lon="-47.5364980"/>
 <node id="7692623283" visible="true" version="4" changeset="168975721" timestamp="2025-07-15T17:03:14Z" user="MonteRosa1" uid="22220364" lat="-19.3158944" lon="-47.5364203"/>
 <node id="7692623284" visible="true" version="3" changeset="168975721" timestamp="2025-07-15T17:03:14Z" user="MonteRosa1" uid="22220364" lat="-19.3172519" lon="-47.5366703"/>
 <node id="7692668385" visible="true" version="3" changeset="168975721" timestamp="2025-07-15T17:03:14Z" user="MonteRosa1" uid="22220364" lat="-19.3171399" lon="-47.5366422"/>
 <node id="7692668386" visible="true" version="3" changeset="168975721" timestamp="2025-07-15T17:03:14Z" user="MonteRosa1" uid="22220364" lat="-19.3151403" lon="-47.5362901"/>
 <node id="7692668387" visible="true" version="3" changeset="168975721" timestamp="2025-07-15T17:03:14Z" user="MonteRosa1" uid="22220364" lat="-19.3172512" lon="-47.5367461"/>
 <node id="7692668388" visible="true" version="3" changeset="168975721" timestamp="2025-07-15T17:03:14Z" user="MonteRosa1" uid="22220364" lat="-19.3170842" lon="-47.5367099"/>
 <node id="7692668389" visible="true" version="3" changeset="168975721" timestamp="2025-07-15T17:03:14Z" user="MonteRosa1" uid="22220364" lat="-19.3151782" lon="-47.5363753"/>
 <node id="7692668390" visible="true" version="3" changeset="168975721" timestamp="2025-07-15T17:03:14Z" user="MonteRosa1" uid="22220364" lat="-19.3136683" lon="-47.5358060"/>
 <node id="7692668391" visible="true" version="3" changeset="168975721" timestamp="2025-07-15T17:03:14Z" user="MonteRosa1" uid="22220364" lat="-19.3136873" lon="-47.5357416"/>
 <node id="7692668392" visible="true" version="3" changeset="173672006" timestamp="2025-10-23T12:31:48Z" user="DressyPear4" uid="3984659" lat="-19.3187667" lon="-47.5358759"/>
 <node id="7692668393" visible="true" version="4" changeset="173672006" timestamp="2025-10-23T12:31:48Z" user="DressyPear4" uid="3984659" lat="-19.3181574" lon="-47.5375561"/>
 <node id="7692668394" visible="true" version="3" changeset="173672006" timestamp="2025-10-23T12:31:48Z" user="DressyPear4" uid="3984659" lat="-19.3180195" lon="-47.5380094"/>
 <node id="7692668395" visible="true" version="3" changeset="146290512" timestamp="2024-01-15T16:57:29Z" user="ProjetoMapeia" uid="11455881" lat="-19.3178512" lon="-47.5385620"/>
 <node id="7692668396" visible="true" version="3" changeset="146290512" timestamp="2024-01-15T16:57:29Z" user="ProjetoMapeia" uid="11455881" lat="-19.3177196" lon="-47.5390273"/>
 <node id="7692668397" visible="true" version="3" changeset="146290512" timestamp="2024-01-15T16:57:29Z" user="ProjetoMapeia" uid="11455881" lat="-19.3176528" lon="-47.5395100"/>
 <node id="7692668398" visible="true" version="3" changeset="146290512" timestamp="2024-01-15T16:57:29Z" user="ProjetoMapeia" uid="11455881" lat="-19.3175721" lon="-47.5394780"/>
 <node id="7692668399" visible="true" version="3" changeset="146290512" timestamp="2024-01-15T16:57:29Z" user="ProjetoMapeia" uid="11455881" lat="-19.3173734" lon="-47.5403949"/>
 <node id="7692668400" visible="true" version="3" changeset="146290512" timestamp="2024-01-15T16:57:29Z" user="ProjetoMapeia" uid="11455881" lat="-19.3172937" lon="-47.5403658"/>
 <node id="7692668401" visible="true" version="4" changeset="146290512" timestamp="2024-01-15T16:57:29Z" user="ProjetoMapeia" uid="11455881" lat="-19.3175089" lon="-47.5408103"/>
 <node id="7692668402" visible="true" version="3" changeset="146290512" timestamp="2024-01-15T16:57:29Z" user="ProjetoMapeia" uid="11455881" lat="-19.3172614" lon="-47.5407258"/>
 <node id="7692668403" visible="true" version="4" changeset="146290512" timestamp="2024-01-15T16:57:29Z" user="ProjetoMapeia" uid="11455881" lat="-19.3176315" lon="-47.5402632"/>
 <node id="7692668404" visible="true" version="3" changeset="146290512" timestamp="2024-01-15T16:57:29Z" user="ProjetoMapeia" uid="11455881" lat="-19.3174316" lon="-47.5401916"/>
 <node id="7692668405" visible="true" version="3" changeset="146290512" timestamp="2024-01-15T16:57:29Z" user="ProjetoMapeia" uid="11455881" lat="-19.3178753" lon="-47.5397703"/>
 <node id="7692668406" visible="true" version="3" changeset="146290512" timestamp="2024-01-15T16:57:29Z" user="ProjetoMapeia" uid="11455881" lat="-19.3176031" lon="-47.5396652"/>
 <node id="7692668407" visible="true" version="3" changeset="146290512" timestamp="2024-01-15T16:57:29Z" user="ProjetoMapeia" uid="11455881" lat="-19.3180157" lon="-47.5391346"/>
 <node id="7692668408" visible="true" version="3" changeset="146290512" timestamp="2024-01-15T16:57:29Z" user="ProjetoMapeia" uid="11455881" lat="-19.3177915" lon="-47.5390528"/>
 <node id="7692668409" visible="true" version="3" changeset="146290512" timestamp="2024-01-15T16:57:29Z" user="ProjetoMapeia" uid="11455881" lat="-19.3181245" lon="-47.5386879"/>
 <node id="7692668410" visible="true" version="4" changeset="168975721" timestamp="2025-07-15T17:03:14Z" user="MonteRosa1" uid="22220364" lat="-19.3179335" lon="-47.5385991"/>
 <node id="7692668411" visible="true" version="4" changeset="173672006" timestamp="2025-10-23T12:31:48Z" user="DressyPear4" uid="3984659" lat="-19.3183423" lon="-47.5381371"/>
 <node id="7692668412" visible="true" version="3" changeset="173672006" timestamp="2025-10-23T12:31:48Z" user="DressyPear4" uid="3984659" lat="-19.3181093" lon="-47.5380456"/>
 <node id="7692668413" visible="true" version="3" changeset="173672006" timestamp="2025-10-23T12:31:48Z" user="DressyPear4" uid="3984659" lat="-19.3184536" lon="-47.5376533"/>
 <node id="7692668414" visible="true" version="3" changeset="173672006" timestamp="2025-10-23T12:31:48Z" user="DressyPear4" uid="3984659" lat="-19.3182347" lon="-47.5375782"/>
 <node id="7692668415" visible="true" version="3" changeset="168975721" timestamp="2025-07-15T17:03:14Z" user="MonteRosa1" uid="22220364" lat="-19.3183861" lon="-47.5371496"/>
 <node id="7692668416" visible="true" version="4" changeset="168975721" timestamp="2025-07-15T17:03:14Z" user="MonteRosa1" uid="22220364" lat="-19.3184090" lon="-47.5370771"/>
 <node id="7692668418" visible="true" version="3" changeset="168975721" timestamp="2025-07-15T17:03:14Z" user="MonteRosa1" uid="22220364" lat="-19.3183003" lon="-47.5371194"/>
 <node id="7692668420" visible="true" version="3" changeset="168975721" timestamp="2025-07-15T17:03:14Z" user="MonteRosa1" uid="22220364" lat="-19.3183232" lon="-47.5370469"/>
 <node id="7692668421" visible="true" version="3" changeset="168975721" timestamp="2025-07-15T17:03:14Z" user="MonteRosa1" uid="22220364" lat="-19.3185705" lon="-47.5365216"/>
 <node id="7692668423" visible="true" version="3" changeset="166610116" timestamp="2025-05-22T12:07:27Z" user="MountAgung" uid="22557240" lat="-19.3173614" lon="-47.5363847"/>
 <node id="7692668424" visible="true" version="3" changeset="168975721" timestamp="2025-07-15T17:03:14Z" user="MonteRosa1" uid="22220364" lat="-19.3184023" lon="-47.5367508"/>
 <node id="7692668425" visible="true" version="4" changeset="166610116" timestamp="2025-05-22T12:07:27Z" user="MountAgung" uid="22557240" lat="-19.3165539" lon="-47.5355887"/>
 <node id="7692668426" visible="true" version="3" changeset="168975721" timestamp="2025-07-15T17:03:14Z" user="MonteRosa1" uid="22220364" lat="-19.3185383" lon="-47.5363187"/>
 <node id="7692668427" visible="true" version="3" changeset="168975721" timestamp="2025-07-15T17:03:14Z" user="MonteRosa1" uid="22220364" lat="-19.3189377" lon="-47.5360956"/>
 <node id="7692668428" visible="true" version="3" changeset="168975721" timestamp="2025-07-15T17:03:14Z" user="MonteRosa1" uid="22220364" lat="-19.3187303" lon="-47.5359902"/>
 <node id="7692668429" visible="true" version="3" changeset="168975721" timestamp="2025-07-15T17:03:14Z" user="MonteRosa1" uid="22220364" lat="-19.3188828" lon="-47.5355098"/>
 <node id="7692668430" visible="true" version="3" changeset="168975721" timestamp="2025-07-15T17:03:14Z" user="MonteRosa1" uid="22220364" lat="-19.3190744" lon="-47.5355726"/>
 <node id="7692668431" visible="true" version="3" changeset="173672006" timestamp="2025-10-23T12:31:48Z" user="DressyPear4" uid="3984659" lat="-19.3186799" lon="-47.5358363"/>
 <node id="7692668432" visible="true" version="5" changeset="173672006" timestamp="2025-10-23T12:31:48Z" user="DressyPear4" uid="3984659" lat="-19.3162058" lon="-47.5349598"/>
 <node id="7692668433" visible="true" version="3" changeset="173672006" timestamp="2025-10-23T12:31:48Z" user="DressyPear4" uid="3984659" lat="-19.3166109" lon="-47.5346285"/>
 <node id="7692668434" visible="true" version="3" changeset="173672006" timestamp="2025-10-23T12:31:48Z" user="DressyPear4" uid="3984659" lat="-19.3188181" lon="-47.5353929"/>
 <node id="7692668440" visible="true" version="3" changeset="173672006" timestamp="2025-10-23T12:31:48Z" user="DressyPear4" uid="3984659" lat="-19.3215687" lon="-47.5389494"/>
 <node id="7692668441" visible="true" version="3" changeset="168975721" timestamp="2025-07-15T17:03:14Z" user="MonteRosa1" uid="22220364" lat="-19.3213163" lon="-47.5388838"/>
 <node id="7692668442" visible="true" version="3" changeset="173672006" timestamp="2025-10-23T12:31:48Z" user="DressyPear4" uid="3984659" lat="-19.3214113" lon="-47.5388986"/>
 <node id="7692668443" visible="true" version="3" changeset="173672006" timestamp="2025-10-23T12:31:48Z" user="DressyPear4" uid="3984659" lat="-19.3220516" lon="-47.5391534"/>
 <node id="7692668444" visible="true" version="3" changeset="166610116" timestamp="2025-05-22T12:07:27Z" user="MountAgung" uid="22557240" lat="-19.3172165" lon="-47.5360494"/>
 <node id="7692668445" visible="true" version="3" changeset="166610116" timestamp="2025-05-22T12:07:27Z" user="MountAgung" uid="22557240" lat="-19.3170962" lon="-47.5364491"/>
 <node id="7692668448" visible="true" version="3" changeset="90619507" timestamp="2020-09-09T05:35:33Z" user="LaFloresta" uid="10529535" lat="-19.3116180" lon="-47.5368118"/>
 <node id="7692668452" visible="true" version="2" changeset="89127194" timestamp="2020-08-08T12:47:56Z" user="NorthwestPassage" uid="10409507" lat="-19.3169880" lon="-47.5396295"/>
 <node id="7692668453" visible="true" version="3" changeset="173672006" timestamp="2025-10-23T12:31:48Z" user="DressyPear4" uid="3984659" lat="-19.3169994" lon="-47.5396884"/>
 <node id="7692668454" visible="true" version="3" changeset="173672006" timestamp="2025-10-23T12:31:48Z" user="DressyPear4" uid="3984659" lat="-19.3168969" lon="-47.5400009"/>
 <node id="7692668455" visible="true" version="4" changeset="173672006" timestamp="2025-10-23T12:31:48Z" user="DressyPear4" uid="3984659" lat="-19.3168538" lon="-47.5401076"/>
 <node id="7692668456" visible="true" version="3" changeset="146290512" timestamp="2024-01-15T16:57:29Z" user="ProjetoMapeia" uid="11455881" lat="-19.3165159" lon="-47.5403711"/>
 <node id="7692668458" visible="true" version="4" changeset="151111086" timestamp="2024-05-09T17:15:57Z" user="ProjetoMapeia" uid="11455881" lat="-19.3150162" lon="-47.5394639"/>
 <node id="7692668463" visible="true" version="2" changeset="90619507" timestamp="2020-09-09T05:35:33Z" user="LaFloresta" uid="10529535" lat="-19.3113648" lon="-47.5357631"/>
 <node id="7692668464" visible="true" version="1" changeset="87669471" timestamp="2020-07-07T18:26:59Z" user="DressyPear4" uid="3984659" lat="-19.3109088" lon="-47.5350705"/>
 <node id="7692668465" visible="true" version="2" changeset="89126554" timestamp="2020-08-08T12:24:20Z" user="NorthwestPassage" uid="10409507" lat="-19.3105909" lon="-47.5346010"/>
 <node id="7692668466" visible="true" version="1" changeset="87669471" timestamp="2020-07-07T18:26:59Z" user="DressyPear4" uid="3984659" lat="-19.3123054" lon="-47.5371500"/>
 <node id="7692668467" visible="true" version="1" changeset="87669471" timestamp="2020-07-07T18:26:59Z" user="DressyPear4" uid="3984659" lat="-19.3123621" lon="-47.5370573"/>
 <node id="7692668468" visible="true" version="1" changeset="87669471" timestamp="2020-07-07T18:26:59Z" user="DressyPear4" uid="3984659" lat="-19.3123584" lon="-47.5371059"/>
 <node id="7692668469" visible="true" version="1" changeset="87669471" timestamp="2020-07-07T18:26:59Z" user="DressyPear4" uid="3984659" lat="-19.3123161" lon="-47.5370048"/>
 <node id="7692668470" visible="true" version="1" changeset="87669471" timestamp="2020-07-07T18:26:59Z" user="DressyPear4" uid="3984659" lat="-19.3123526" lon="-47.5370346"/>
 <node id="7692668471" visible="true" version="1" changeset="87669471" timestamp="2020-07-07T18:26:59Z" user="DressyPear4" uid="3984659" lat="-19.3123458" lon="-47.5371266"/>
 <node id="7692668472" visible="true" version="1" changeset="87669471" timestamp="2020-07-07T18:26:59Z" user="DressyPear4" uid="3984659" lat="-19.3123367" lon="-47.5370165"/>
 <node id="7709741468" visible="true" version="2" changeset="87906505" timestamp="2020-07-13T07:33:00Z" user="LaMariscal" uid="10811204" lat="-19.4722334" lon="-47.4958538"/>
 <node id="7709741469" visible="true" version="2" changeset="87906505" timestamp="2020-07-13T07:33:00Z" user="LaMariscal" uid="10811204" lat="-19.4724781" lon="-47.4962615"/>
 <node id="7709741470" visible="true" version="2" changeset="87906505" timestamp="2020-07-13T07:33:00Z" user="LaMariscal" uid="10811204" lat="-19.4728511" lon="-47.4971017"/>
 <node id="7709741471" visible="true" version="2" changeset="87906505" timestamp="2020-07-13T07:33:00Z" user="LaMariscal" uid="10811204" lat="-19.4725872" lon="-47.4964748"/>
 <node id="7709741472" visible="true" version="2" changeset="87906505" timestamp="2020-07-13T07:33:00Z" user="LaMariscal" uid="10811204" lat="-19.4723738" lon="-47.4960798"/>
 <node id="7709741473" visible="true" version="1" changeset="87905733" timestamp="2020-07-13T07:21:49Z" user="LaMariscal" uid="10811204" lat="-19.4713806" lon="-47.4946663"/>
 <node id="7709741474" visible="true" version="2" changeset="87906505" timestamp="2020-07-13T07:33:00Z" user="LaMariscal" uid="10811204" lat="-19.4711543" lon="-47.4944235"/>
 <node id="7709741475" visible="true" version="1" changeset="87905733" timestamp="2020-07-13T07:21:49Z" user="LaMariscal" uid="10811204" lat="-19.4709210" lon="-47.4942512"/>
 <node id="7709741476" visible="true" version="1" changeset="87905733" timestamp="2020-07-13T07:21:49Z" user="LaMariscal" uid="10811204" lat="-19.4705828" lon="-47.4940460"/>
 <node id="7709741477" visible="true" version="1" changeset="87905733" timestamp="2020-07-13T07:21:49Z" user="LaMariscal" uid="10811204" lat="-19.4703874" lon="-47.4939649"/>
 <node id="7709741478" visible="true" version="1" changeset="87905733" timestamp="2020-07-13T07:21:49Z" user="LaMariscal" uid="10811204" lat="-19.4700448" lon="-47.4938656"/>
 <node id="7709741479" visible="true" version="1" changeset="87905733" timestamp="2020-07-13T07:21:49Z" user="LaMariscal" uid="10811204" lat="-19.4637131" lon="-47.4923462"/>
 <node id="7709741480" visible="true" version="1" changeset="87905733" timestamp="2020-07-13T07:21:49Z" user="LaMariscal" uid="10811204" lat="-19.4628216" lon="-47.4920940"/>
 <node id="7709741481" visible="true" version="1" changeset="87905733" timestamp="2020-07-13T07:21:49Z" user="LaMariscal" uid="10811204" lat="-19.4616223" lon="-47.4917842"/>
 <node id="7709741482" visible="true" version="1" changeset="87905733" timestamp="2020-07-13T07:21:49Z" user="LaMariscal" uid="10811204" lat="-19.4603432" lon="-47.4915026"/>
 <node id="7709741483" visible="true" version="1" changeset="87905733" timestamp="2020-07-13T07:21:49Z" user="LaMariscal" uid="10811204" lat="-19.4566926" lon="-47.4906939"/>
 <node id="7709741484" visible="true" version="1" changeset="87905733" timestamp="2020-07-13T07:21:49Z" user="LaMariscal" uid="10811204" lat="-19.4563133" lon="-47.4906135"/>
 <node id="7709757485" visible="true" version="1" changeset="87905733" timestamp="2020-07-13T07:21:49Z" user="LaMariscal" uid="10811204" lat="-19.4558138" lon="-47.4906094"/>
 <node id="7709757486" visible="true" version="1" changeset="87905733" timestamp="2020-07-13T07:21:49Z" user="LaMariscal" uid="10811204" lat="-19.4554420" lon="-47.4906349"/>
 <node id="7709757487" visible="true" version="1" changeset="87905733" timestamp="2020-07-13T07:21:49Z" user="LaMariscal" uid="10811204" lat="-19.4548413" lon="-47.4908669"/>
 <node id="7709757488" visible="true" version="1" changeset="87905733" timestamp="2020-07-13T07:21:49Z" user="LaMariscal" uid="10811204" lat="-19.4542963" lon="-47.4911392"/>
 <node id="7709757489" visible="true" version="1" changeset="87905733" timestamp="2020-07-13T07:21:49Z" user="LaMariscal" uid="10811204" lat="-19.4540586" lon="-47.4913216"/>
 <node id="7709757490" visible="true" version="1" changeset="87905733" timestamp="2020-07-13T07:21:49Z" user="LaMariscal" uid="10811204" lat="-19.4534529" lon="-47.4920082"/>
 <node id="7709757491" visible="true" version="1" changeset="87905733" timestamp="2020-07-13T07:21:49Z" user="LaMariscal" uid="10811204" lat="-19.4521618" lon="-47.4939072"/>
 <node id="7709757492" visible="true" version="1" changeset="87905733" timestamp="2020-07-13T07:21:49Z" user="LaMariscal" uid="10811204" lat="-19.4519557" lon="-47.4941687"/>
 <node id="7709757493" visible="true" version="1" changeset="87905733" timestamp="2020-07-13T07:21:49Z" user="LaMariscal" uid="10811204" lat="-19.4512178" lon="-47.4948071"/>
 <node id="7709757494" visible="true" version="1" changeset="87905733" timestamp="2020-07-13T07:21:49Z" user="LaMariscal" uid="10811204" lat="-19.4471313" lon="-47.4971715"/>
 <node id="7709757495" visible="true" version="1" changeset="87905733" timestamp="2020-07-13T07:21:49Z" user="LaMariscal" uid="10811204" lat="-19.4469593" lon="-47.4972238"/>
 <node id="7709757496" visible="true" version="1" changeset="87905733" timestamp="2020-07-13T07:21:49Z" user="LaMariscal" uid="10811204" lat="-19.4466078" lon="-47.4972197"/>
 <node id="7709757497" visible="true" version="1" changeset="87905733" timestamp="2020-07-13T07:21:49Z" user="LaMariscal" uid="10811204" lat="-19.4421702" lon="-47.4965559"/>
 <node id="7709757498" visible="true" version="1" changeset="87905733" timestamp="2020-07-13T07:21:49Z" user="LaMariscal" uid="10811204" lat="-19.4408310" lon="-47.4964044"/>
 <node id="7709757499" visible="true" version="1" changeset="87905733" timestamp="2020-07-13T07:21:49Z" user="LaMariscal" uid="10811204" lat="-19.4361404" lon="-47.4968576"/>
 <node id="7709757500" visible="true" version="1" changeset="87905733" timestamp="2020-07-13T07:21:49Z" user="LaMariscal" uid="10811204" lat="-19.4317051" lon="-47.4954978"/>
 <node id="7709757501" visible="true" version="1" changeset="87905733" timestamp="2020-07-13T07:21:49Z" user="LaMariscal" uid="10811204" lat="-19.4307654" lon="-47.4951705"/>
 <node id="7709757502" visible="true" version="1" changeset="87905733" timestamp="2020-07-13T07:21:49Z" user="LaMariscal" uid="10811204" lat="-19.4304201" lon="-47.4950109"/>
 <node id="7709757503" visible="true" version="1" changeset="87905733" timestamp="2020-07-13T07:21:49Z" user="LaMariscal" uid="10811204" lat="-19.4297321" lon="-47.4944034"/>
 <node id="7709757504" visible="true" version="1" changeset="87905733" timestamp="2020-07-13T07:21:49Z" user="LaMariscal" uid="10811204" lat="-19.4284446" lon="-47.4924856"/>
 <node id="7709757505" visible="true" version="1" changeset="87905733" timestamp="2020-07-13T07:21:49Z" user="LaMariscal" uid="10811204" lat="-19.4280209" lon="-47.4919774"/>
 <node id="7709757506" visible="true" version="1" changeset="87905733" timestamp="2020-07-13T07:21:49Z" user="LaMariscal" uid="10811204" lat="-19.4276364" lon="-47.4916475"/>
 <node id="7709757507" visible="true" version="1" changeset="87905733" timestamp="2020-07-13T07:21:49Z" user="LaMariscal" uid="10811204" lat="-19.4250323" lon="-47.4901991"/>
 <node id="7709757508" visible="true" version="1" changeset="87905733" timestamp="2020-07-13T07:21:49Z" user="LaMariscal" uid="10811204" lat="-19.4259227" lon="-47.4906296"/>
 <node id="7709784891" visible="true" version="1" changeset="87906505" timestamp="2020-07-13T07:33:00Z" user="LaMariscal" uid="10811204" lat="-19.4694979" lon="-47.4937309"/>
 <node id="7709784892" visible="true" version="1" changeset="87906505" timestamp="2020-07-13T07:33:00Z" user="LaMariscal" uid="10811204" lat="-19.4717953" lon="-47.4952255"/>
 <node id="7709844504" visible="true" version="1" changeset="87907814" timestamp="2020-07-13T07:53:15Z" user="LaMariscal" uid="10811204" lat="-19.4529018" lon="-47.4927972"/>
 <node id="7709923933" visible="true" version="1" changeset="87909367" timestamp="2020-07-13T08:19:50Z" user="LaMariscal" uid="10811204" lat="-19.4501806" lon="-47.4954118"/>
 <node id="7709923967" visible="true" version="1" changeset="87909367" timestamp="2020-07-13T08:19:50Z" user="LaMariscal" uid="10811204" lat="-19.4379729" lon="-47.4966902"/>
 <node id="7709972429" visible="true" version="1" changeset="87910416" timestamp="2020-07-13T08:37:32Z" user="LaMariscal" uid="10811204" lat="-19.4271203" lon="-47.4913014"/>
 <node id="7710006018" visible="true" version="1" changeset="87911168" timestamp="2020-07-13T08:49:12Z" user="LaMariscal" uid="10811204" lat="-19.4296978" lon="-47.4943524"/>
 <node id="7710147465" visible="true" version="1" changeset="87914479" timestamp="2020-07-13T09:41:43Z" user="LaMariscal" uid="10811204" lat="-19.4394288" lon="-47.4965268"/>
 <node id="7796559453" visible="true" version="3" changeset="173672006" timestamp="2025-10-23T12:31:48Z" user="DressyPear4" uid="3984659" lat="-19.3170649" lon="-47.5342938"/>
 <node id="7796559454" visible="true" version="3" changeset="173672006" timestamp="2025-10-23T12:31:48Z" user="DressyPear4" uid="3984659" lat="-19.3171155" lon="-47.5343089"/>
 <node id="7796559455" visible="true" version="1" changeset="89126554" timestamp="2020-08-08T12:24:20Z" user="NorthwestPassage" uid="10409507" lat="-19.3226041" lon="-47.5290042"/>
 <node id="7796559456" visible="true" version="1" changeset="89126554" timestamp="2020-08-08T12:24:20Z" user="NorthwestPassage" uid="10409507" lat="-19.3135845" lon="-47.5375360"/>
 <node id="7796559457" visible="true" version="1" changeset="89126554" timestamp="2020-08-08T12:24:20Z" user="NorthwestPassage" uid="10409507" lat="-19.3135671" lon="-47.5375424"/>
 <node id="7796559458" visible="true" version="1" changeset="89126554" timestamp="2020-08-08T12:24:20Z" user="NorthwestPassage" uid="10409507" lat="-19.3135430" lon="-47.5375400"/>
 <node id="7796559459" visible="true" version="1" changeset="89126554" timestamp="2020-08-08T12:24:20Z" user="NorthwestPassage" uid="10409507" lat="-19.3127362" lon="-47.5361855"/>
 <node id="7796559460" visible="true" version="1" changeset="89126554" timestamp="2020-08-08T12:24:20Z" user="NorthwestPassage" uid="10409507" lat="-19.3128284" lon="-47.5364578"/>
 <node id="7796559461" visible="true" version="1" changeset="89126554" timestamp="2020-08-08T12:24:20Z" user="NorthwestPassage" uid="10409507" lat="-19.3128422" lon="-47.5366278"/>
 <node id="7796559462" visible="true" version="1" changeset="89126554" timestamp="2020-08-08T12:24:20Z" user="NorthwestPassage" uid="10409507" lat="-19.3128672" lon="-47.5366610"/>
 <node id="7796559463" visible="true" version="1" changeset="89126554" timestamp="2020-08-08T12:24:20Z" user="NorthwestPassage" uid="10409507" lat="-19.3136443" lon="-47.5408942"/>
 <node id="7796559464" visible="true" version="1" changeset="89126554" timestamp="2020-08-08T12:24:20Z" user="NorthwestPassage" uid="10409507" lat="-19.3160692" lon="-47.5441705"/>
 <node id="7796559465" visible="true" version="1" changeset="89126554" timestamp="2020-08-08T12:24:20Z" user="NorthwestPassage" uid="10409507" lat="-19.3156844" lon="-47.5433457"/>
 <node id="7796559466" visible="true" version="3" changeset="173672006" timestamp="2025-10-23T12:31:48Z" user="DressyPear4" uid="3984659" lat="-19.3221136" lon="-47.5407131"/>
 <node id="7796559467" visible="true" version="3" changeset="173672006" timestamp="2025-10-23T12:31:48Z" user="DressyPear4" uid="3984659" lat="-19.3222437" lon="-47.5414160"/>
 <node id="7796559468" visible="true" version="1" changeset="89126554" timestamp="2020-08-08T12:24:20Z" user="NorthwestPassage" uid="10409507" lat="-19.3252978" lon="-47.5520468"/>
 <node id="7796559469" visible="true" version="1" changeset="89126554" timestamp="2020-08-08T12:24:20Z" user="NorthwestPassage" uid="10409507" lat="-19.3257610" lon="-47.5527602"/>
 <node id="7796559470" visible="true" version="1" changeset="89126554" timestamp="2020-08-08T12:24:20Z" user="NorthwestPassage" uid="10409507" lat="-19.3263380" lon="-47.5536963"/>
 <node id="7796559471" visible="true" version="1" changeset="89126554" timestamp="2020-08-08T12:24:20Z" user="NorthwestPassage" uid="10409507" lat="-19.3230869" lon="-47.5317243"/>
 <node id="7796559472" visible="true" version="1" changeset="89126554" timestamp="2020-08-08T12:24:20Z" user="NorthwestPassage" uid="10409507" lat="-19.3230647" lon="-47.5317337"/>
 <node id="7796559473" visible="true" version="1" changeset="89126554" timestamp="2020-08-08T12:24:20Z" user="NorthwestPassage" uid="10409507" lat="-19.3231065" lon="-47.5317016"/>
 <node id="7796591394" visible="true" version="2" changeset="173672006" timestamp="2025-10-23T12:31:48Z" user="DressyPear4" uid="3984659" lat="-19.3219994" lon="-47.5324972"/>
 <node id="7796591395" visible="true" version="2" changeset="173672006" timestamp="2025-10-23T12:31:48Z" user="DressyPear4" uid="3984659" lat="-19.3225240" lon="-47.5326986"/>
 <node id="7796591396" visible="true" version="2" changeset="173672006" timestamp="2025-10-23T12:31:48Z" user="DressyPear4" uid="3984659" lat="-19.3218542" lon="-47.5324264"/>
 <node id="7796591398" visible="true" version="2" changeset="168975721" timestamp="2025-07-15T17:03:14Z" user="MonteRosa1" uid="22220364" lat="-19.3192858" lon="-47.5350814"/>
 <node id="7796596186" visible="true" version="1" changeset="89126554" timestamp="2020-08-08T12:24:20Z" user="NorthwestPassage" uid="10409507" lat="-19.3130912" lon="-47.5373603"/>
 <node id="7796596187" visible="true" version="1" changeset="89126554" timestamp="2020-08-08T12:24:20Z" user="NorthwestPassage" uid="10409507" lat="-19.3124451" lon="-47.5370854"/>
 <node id="7796596188" visible="true" version="1" changeset="89126554" timestamp="2020-08-08T12:24:20Z" user="NorthwestPassage" uid="10409507" lat="-19.3198723" lon="-47.5272739"/>
 <node id="7796596189" visible="true" version="1" changeset="89126554" timestamp="2020-08-08T12:24:20Z" user="NorthwestPassage" uid="10409507" lat="-19.3190459" lon="-47.5286807"/>
 <node id="7796596190" visible="true" version="1" changeset="89126554" timestamp="2020-08-08T12:24:20Z" user="NorthwestPassage" uid="10409507" lat="-19.3193686" lon="-47.5276829"/>
 <node id="7796596192" visible="true" version="2" changeset="89198363" timestamp="2020-08-10T12:05:23Z" user="NorthwestPassage" uid="10409507" lat="-19.3115133" lon="-47.5301110"/>
 <node id="7796605131" visible="true" version="2" changeset="173672006" timestamp="2025-10-23T12:31:48Z" user="DressyPear4" uid="3984659" lat="-19.3229183" lon="-47.5409876"/>
 <node id="7796605132" visible="true" version="2" changeset="173672006" timestamp="2025-10-23T12:31:48Z" user="DressyPear4" uid="3984659" lat="-19.3237753" lon="-47.5384734"/>
 <node id="7796605133" visible="true" version="2" changeset="166610116" timestamp="2025-05-22T12:07:27Z" user="MountAgung" uid="22557240" lat="-19.3164052" lon="-47.5355478"/>
 <node id="7796605135" visible="true" version="2" changeset="166610116" timestamp="2025-05-22T12:07:27Z" user="MountAgung" uid="22557240" lat="-19.3160553" lon="-47.5354279"/>
 <node id="7796605137" visible="true" version="2" changeset="173672006" timestamp="2025-10-23T12:31:48Z" user="DressyPear4" uid="3984659" lat="-19.3233649" lon="-47.5396647"/>
 <node id="7796605138" visible="true" version="2" changeset="173672006" timestamp="2025-10-23T12:31:48Z" user="DressyPear4" uid="3984659" lat="-19.3239682" lon="-47.5379027"/>
 <node id="7796605139" visible="true" version="2" changeset="173672006" timestamp="2025-10-23T12:31:48Z" user="DressyPear4" uid="3984659" lat="-19.3241749" lon="-47.5373023"/>
 <node id="7796605140" visible="true" version="2" changeset="173672006" timestamp="2025-10-23T12:31:48Z" user="DressyPear4" uid="3984659" lat="-19.3245728" lon="-47.5361370"/>
 <node id="7796608137" visible="true" version="2" changeset="173672006" timestamp="2025-10-23T12:31:48Z" user="DressyPear4" uid="3984659" lat="-19.3265000" lon="-47.5371123"/>
 <node id="7796608138" visible="true" version="2" changeset="173672006" timestamp="2025-10-23T12:31:48Z" user="DressyPear4" uid="3984659" lat="-19.3241139" lon="-47.5346298"/>
 <node id="7796608139" visible="true" version="2" changeset="173672006" timestamp="2025-10-23T12:31:48Z" user="DressyPear4" uid="3984659" lat="-19.3238165" lon="-47.5345179"/>
 <node id="7796608147" visible="true" version="2" changeset="166610116" timestamp="2025-05-22T12:07:27Z" user="MountAgung" uid="22557240" lat="-19.3160059" lon="-47.5356538"/>
 <node id="7796608152" visible="true" version="2" changeset="146290512" timestamp="2024-01-15T16:57:29Z" user="ProjetoMapeia" uid="11455881" lat="-19.3174063" lon="-47.5394377"/>
 <node id="7796608153" visible="true" version="2" changeset="146290512" timestamp="2024-01-15T16:57:29Z" user="ProjetoMapeia" uid="11455881" lat="-19.3173380" lon="-47.5394605"/>
 <node id="7796608154" visible="true" version="2" changeset="146290512" timestamp="2024-01-15T16:57:29Z" user="ProjetoMapeia" uid="11455881" lat="-19.3174588" lon="-47.5389281"/>
 <node id="7796608155" visible="true" version="2" changeset="146290512" timestamp="2024-01-15T16:57:29Z" user="ProjetoMapeia" uid="11455881" lat="-19.3174171" lon="-47.5389227"/>
 <node id="7796608156" visible="true" version="2" changeset="146290512" timestamp="2024-01-15T16:57:29Z" user="ProjetoMapeia" uid="11455881" lat="-19.3175120" lon="-47.5389495"/>
 <node id="7796608157" visible="true" version="2" changeset="146290512" timestamp="2024-01-15T16:57:29Z" user="ProjetoMapeia" uid="11455881" lat="-19.3174158" lon="-47.5384158"/>
 <node id="7796608158" visible="true" version="2" changeset="146290512" timestamp="2024-01-15T16:57:29Z" user="ProjetoMapeia" uid="11455881" lat="-19.3173494" lon="-47.5384212"/>
 <node id="7796608159" visible="true" version="2" changeset="146290512" timestamp="2024-01-15T16:57:29Z" user="ProjetoMapeia" uid="11455881" lat="-19.3172918" lon="-47.5384413"/>
 <node id="7796608160" visible="true" version="2" changeset="173672006" timestamp="2025-10-23T12:31:48Z" user="DressyPear4" uid="3984659" lat="-19.3175746" lon="-47.5378469"/>
 <node id="7796608161" visible="true" version="2" changeset="173672006" timestamp="2025-10-23T12:31:48Z" user="DressyPear4" uid="3984659" lat="-19.3174360" lon="-47.5378512"/>
 <node id="7796608162" visible="true" version="2" changeset="173672006" timestamp="2025-10-23T12:31:48Z" user="DressyPear4" uid="3984659" lat="-19.3174885" lon="-47.5378368"/>
 <node id="7796608163" visible="true" version="2" changeset="173672006" timestamp="2025-10-23T12:31:48Z" user="DressyPear4" uid="3984659" lat="-19.3174797" lon="-47.5373168"/>
 <node id="7796608164" visible="true" version="2" changeset="173672006" timestamp="2025-10-23T12:31:48Z" user="DressyPear4" uid="3984659" lat="-19.3175373" lon="-47.5373242"/>
 <node id="7796608165" visible="true" version="2" changeset="173672006" timestamp="2025-10-23T12:31:48Z" user="DressyPear4" uid="3984659" lat="-19.3174069" lon="-47.5373362"/>
 <node id="7796608166" visible="true" version="2" changeset="173672006" timestamp="2025-10-23T12:31:48Z" user="DressyPear4" uid="3984659" lat="-19.3159781" lon="-47.5379731"/>
 <node id="7796608173" visible="true" version="2" changeset="90619507" timestamp="2020-09-09T05:35:33Z" user="LaFloresta" uid="10529535" lat="-19.3112611" lon="-47.5359200"/>
 <node id="7796608174" visible="true" version="2" changeset="90619507" timestamp="2020-09-09T05:35:33Z" user="LaFloresta" uid="10529535" lat="-19.3110462" lon="-47.5371971"/>
 <node id="7800027712" visible="true" version="1" changeset="89177520" timestamp="2020-08-10T06:03:09Z" user="NorthwestPassage" uid="10409507" lat="-19.3236950" lon="-47.5314786"/>
 <node id="7800027713" visible="true" version="1" changeset="89177520" timestamp="2020-08-10T06:03:09Z" user="NorthwestPassage" uid="10409507" lat="-19.3237171" lon="-47.5314709"/>
 <node id="7800027714" visible="true" version="1" changeset="89177520" timestamp="2020-08-10T06:03:09Z" user="NorthwestPassage" uid="10409507" lat="-19.3236627" lon="-47.5314756"/>
 <node id="7800027715" visible="true" version="1" changeset="89177520" timestamp="2020-08-10T06:03:09Z" user="NorthwestPassage" uid="10409507" lat="-19.3241600" lon="-47.5311832"/>
 <node id="7800027716" visible="true" version="1" changeset="89177520" timestamp="2020-08-10T06:03:09Z" user="NorthwestPassage" uid="10409507" lat="-19.3254256" lon="-47.5298844"/>
 <node id="7800027717" visible="true" version="1" changeset="89177520" timestamp="2020-08-10T06:03:09Z" user="NorthwestPassage" uid="10409507" lat="-19.3254091" lon="-47.5298321"/>
 <node id="7800027718" visible="true" version="1" changeset="89177520" timestamp="2020-08-10T06:03:09Z" user="NorthwestPassage" uid="10409507" lat="-19.3254250" lon="-47.5299702"/>
 <node id="7800027719" visible="true" version="1" changeset="89177520" timestamp="2020-08-10T06:03:09Z" user="NorthwestPassage" uid="10409507" lat="-19.3253838" lon="-47.5301720"/>
 <node id="7800027720" visible="true" version="1" changeset="89177520" timestamp="2020-08-10T06:03:09Z" user="NorthwestPassage" uid="10409507" lat="-19.3251826" lon="-47.5307903"/>
 <node id="7800027721" visible="true" version="1" changeset="89177520" timestamp="2020-08-10T06:03:09Z" user="NorthwestPassage" uid="10409507" lat="-19.3250118" lon="-47.5309820"/>
 <node id="7800027722" visible="true" version="1" changeset="89177520" timestamp="2020-08-10T06:03:09Z" user="NorthwestPassage" uid="10409507" lat="-19.3232581" lon="-47.5312600"/>
 <node id="7800027723" visible="true" version="1" changeset="89177520" timestamp="2020-08-10T06:03:09Z" user="NorthwestPassage" uid="10409507" lat="-19.3238013" lon="-47.5314052"/>
 <node id="7800027724" visible="true" version="1" changeset="89177520" timestamp="2020-08-10T06:03:09Z" user="NorthwestPassage" uid="10409507" lat="-19.3240550" lon="-47.5312302"/>
 <node id="7800027725" visible="true" version="1" changeset="89177520" timestamp="2020-08-10T06:03:09Z" user="NorthwestPassage" uid="10409507" lat="-19.3251060" lon="-47.5309297"/>
 <node id="7800027726" visible="true" version="1" changeset="89177520" timestamp="2020-08-10T06:03:09Z" user="NorthwestPassage" uid="10409507" lat="-19.3253775" lon="-47.5297784"/>
 <node id="7800027727" visible="true" version="2" changeset="130608764" timestamp="2022-12-28T16:00:57Z" user="Raphaelkaart" uid="12468685" lat="-19.3244102" lon="-47.5293239"/>
 <node id="7800027728" visible="true" version="1" changeset="89177520" timestamp="2020-08-10T06:03:09Z" user="NorthwestPassage" uid="10409507" lat="-19.3271397" lon="-47.5383635"/>
 <node id="7800027729" visible="true" version="1" changeset="89177520" timestamp="2020-08-10T06:03:09Z" user="NorthwestPassage" uid="10409507" lat="-19.3271942" lon="-47.5385740"/>
 <node id="7800027730" visible="true" version="1" changeset="89177520" timestamp="2020-08-10T06:03:09Z" user="NorthwestPassage" uid="10409507" lat="-19.3273467" lon="-47.5391728"/>
 <node id="7800027731" visible="true" version="1" changeset="89177520" timestamp="2020-08-10T06:03:09Z" user="NorthwestPassage" uid="10409507" lat="-19.3272771" lon="-47.5389428"/>
 <node id="7800027732" visible="true" version="1" changeset="89177520" timestamp="2020-08-10T06:03:09Z" user="NorthwestPassage" uid="10409507" lat="-19.3273834" lon="-47.5393385"/>
 <node id="7800027733" visible="true" version="1" changeset="89177520" timestamp="2020-08-10T06:03:09Z" user="NorthwestPassage" uid="10409507" lat="-19.3274188" lon="-47.5396375"/>
 <node id="7800027734" visible="true" version="1" changeset="89177520" timestamp="2020-08-10T06:03:09Z" user="NorthwestPassage" uid="10409507" lat="-19.3275403" lon="-47.5402732"/>
 <node id="7800027735" visible="true" version="1" changeset="89177520" timestamp="2020-08-10T06:03:09Z" user="NorthwestPassage" uid="10409507" lat="-19.3276542" lon="-47.5407118"/>
 <node id="7800027736" visible="true" version="1" changeset="89177520" timestamp="2020-08-10T06:03:09Z" user="NorthwestPassage" uid="10409507" lat="-19.3277035" lon="-47.5409625"/>
 <node id="7800027737" visible="true" version="1" changeset="89177520" timestamp="2020-08-10T06:03:09Z" user="NorthwestPassage" uid="10409507" lat="-19.3280762" lon="-47.5415640"/>
 <node id="7800027738" visible="true" version="1" changeset="89177520" timestamp="2020-08-10T06:03:09Z" user="NorthwestPassage" uid="10409507" lat="-19.3281743" lon="-47.5415768"/>
 <node id="7800027739" visible="true" version="1" changeset="89177520" timestamp="2020-08-10T06:03:09Z" user="NorthwestPassage" uid="10409507" lat="-19.3282850" lon="-47.5415546"/>
 <node id="7800027740" visible="true" version="1" changeset="89177520" timestamp="2020-08-10T06:03:09Z" user="NorthwestPassage" uid="10409507" lat="-19.3280098" lon="-47.5415231"/>
 <node id="7800027741" visible="true" version="1" changeset="89177520" timestamp="2020-08-10T06:03:09Z" user="NorthwestPassage" uid="10409507" lat="-19.3279263" lon="-47.5414507"/>
 <node id="7800027742" visible="true" version="1" changeset="89177520" timestamp="2020-08-10T06:03:09Z" user="NorthwestPassage" uid="10409507" lat="-19.3288602" lon="-47.5411456"/>
 <node id="7800027743" visible="true" version="1" changeset="89177520" timestamp="2020-08-10T06:03:09Z" user="NorthwestPassage" uid="10409507" lat="-19.3289539" lon="-47.5411020"/>
 <node id="7800027744" visible="true" version="1" changeset="89177520" timestamp="2020-08-10T06:03:09Z" user="NorthwestPassage" uid="10409507" lat="-19.3290823" lon="-47.5410665"/>
 <node id="7800027745" visible="true" version="1" changeset="89177520" timestamp="2020-08-10T06:03:09Z" user="NorthwestPassage" uid="10409507" lat="-19.3287261" lon="-47.5412267"/>
 <node id="7800027746" visible="true" version="1" changeset="89177520" timestamp="2020-08-10T06:03:09Z" user="NorthwestPassage" uid="10409507" lat="-19.3293310" lon="-47.5410309"/>
 <node id="7800027747" visible="true" version="1" changeset="89177520" timestamp="2020-08-10T06:03:09Z" user="NorthwestPassage" uid="10409507" lat="-19.3298612" lon="-47.5409438"/>
 <node id="7800027748" visible="true" version="1" changeset="89177520" timestamp="2020-08-10T06:03:09Z" user="NorthwestPassage" uid="10409507" lat="-19.3302497" lon="-47.5408928"/>
 <node id="7800027749" visible="true" version="1" changeset="89177520" timestamp="2020-08-10T06:03:09Z" user="NorthwestPassage" uid="10409507" lat="-19.3304940" lon="-47.5408901"/>
 <node id="7800027750" visible="true" version="1" changeset="89177520" timestamp="2020-08-10T06:03:09Z" user="NorthwestPassage" uid="10409507" lat="-19.3306674" lon="-47.5409196"/>
 <node id="7800027751" visible="true" version="1" changeset="89177520" timestamp="2020-08-10T06:03:09Z" user="NorthwestPassage" uid="10409507" lat="-19.3311343" lon="-47.5413448"/>
 <node id="7800027752" visible="true" version="1" changeset="89177520" timestamp="2020-08-10T06:03:09Z" user="NorthwestPassage" uid="10409507" lat="-19.3315336" lon="-47.5416606"/>
 <node id="7800027753" visible="true" version="1" changeset="89177520" timestamp="2020-08-10T06:03:09Z" user="NorthwestPassage" uid="10409507" lat="-19.3313495" lon="-47.5415258"/>
 <node id="7800027754" visible="true" version="1" changeset="89177520" timestamp="2020-08-10T06:03:09Z" user="NorthwestPassage" uid="10409507" lat="-19.3316886" lon="-47.5417873"/>
 <node id="7800027755" visible="true" version="1" changeset="89177520" timestamp="2020-08-10T06:03:09Z" user="NorthwestPassage" uid="10409507" lat="-19.3320740" lon="-47.5421481"/>
 <node id="7800027756" visible="true" version="1" changeset="89177520" timestamp="2020-08-10T06:03:09Z" user="NorthwestPassage" uid="10409507" lat="-19.3319873" lon="-47.5420515"/>
 <node id="7800027757" visible="true" version="1" changeset="89177520" timestamp="2020-08-10T06:03:09Z" user="NorthwestPassage" uid="10409507" lat="-19.3321784" lon="-47.5422969"/>
 <node id="7800027758" visible="true" version="1" changeset="89177520" timestamp="2020-08-10T06:03:09Z" user="NorthwestPassage" uid="10409507" lat="-19.3325131" lon="-47.5427100"/>
 <node id="7800027759" visible="true" version="1" changeset="89177520" timestamp="2020-08-10T06:03:09Z" user="NorthwestPassage" uid="10409507" lat="-19.3323657" lon="-47.5426047"/>
 <node id="7800027760" visible="true" version="1" changeset="89177520" timestamp="2020-08-10T06:03:09Z" user="NorthwestPassage" uid="10409507" lat="-19.3326112" lon="-47.5427040"/>
 <node id="7800027761" visible="true" version="1" changeset="89177520" timestamp="2020-08-10T06:03:09Z" user="NorthwestPassage" uid="10409507" lat="-19.3328579" lon="-47.5426725"/>
 <node id="7800027762" visible="true" version="1" changeset="89177520" timestamp="2020-08-10T06:03:09Z" user="NorthwestPassage" uid="10409507" lat="-19.3338614" lon="-47.5423184"/>
 <node id="7800027763" visible="true" version="1" changeset="89177520" timestamp="2020-08-10T06:03:09Z" user="NorthwestPassage" uid="10409507" lat="-19.3345701" lon="-47.5421052"/>
 <node id="7800027764" visible="true" version="1" changeset="89177520" timestamp="2020-08-10T06:03:09Z" user="NorthwestPassage" uid="10409507" lat="-19.3350523" lon="-47.5419080"/>
 <node id="7800027765" visible="true" version="1" changeset="89177520" timestamp="2020-08-10T06:03:09Z" user="NorthwestPassage" uid="10409507" lat="-19.3331490" lon="-47.5425679"/>
 <node id="7800027766" visible="true" version="1" changeset="89177520" timestamp="2020-08-10T06:03:09Z" user="NorthwestPassage" uid="10409507" lat="-19.3324340" lon="-47.5426728"/>
 <node id="7800027767" visible="true" version="1" changeset="89177520" timestamp="2020-08-10T06:03:09Z" user="NorthwestPassage" uid="10409507" lat="-19.3308787" lon="-47.5410631"/>
 <node id="7800027768" visible="true" version="1" changeset="89177520" timestamp="2020-08-10T06:03:09Z" user="NorthwestPassage" uid="10409507" lat="-19.3284856" lon="-47.5414306"/>
 <node id="7800027769" visible="true" version="1" changeset="89177520" timestamp="2020-08-10T06:03:09Z" user="NorthwestPassage" uid="10409507" lat="-19.3278238" lon="-47.5412925"/>
 <node id="7800027774" visible="true" version="2" changeset="173672006" timestamp="2025-10-23T12:31:48Z" user="DressyPear4" uid="3984659" lat="-19.3224568" lon="-47.5408178"/>
 <node id="7800027775" visible="true" version="2" changeset="173672006" timestamp="2025-10-23T12:31:48Z" user="DressyPear4" uid="3984659" lat="-19.3240453" lon="-47.5362310"/>
 <node id="7800027776" visible="true" version="2" changeset="173672006" timestamp="2025-10-23T12:31:48Z" user="DressyPear4" uid="3984659" lat="-19.3233282" lon="-47.5382975"/>
 <node id="7800027777" visible="true" version="2" changeset="173672006" timestamp="2025-10-23T12:31:48Z" user="DressyPear4" uid="3984659" lat="-19.3237309" lon="-47.5371338"/>
 <node id="7800027778" visible="true" version="2" changeset="173672006" timestamp="2025-10-23T12:31:48Z" user="DressyPear4" uid="3984659" lat="-19.3229136" lon="-47.5394890"/>
 <node id="7800030888" visible="true" version="1" changeset="89177520" timestamp="2020-08-10T06:03:09Z" user="NorthwestPassage" uid="10409507" lat="-19.3166261" lon="-47.5453848"/>
 <node id="7800047278" visible="true" version="3" changeset="151111086" timestamp="2024-05-09T17:15:57Z" user="ProjetoMapeia" uid="11455881" lat="-19.3164801" lon="-47.5421017"/>
 <node id="7800047279" visible="true" version="2" changeset="151111086" timestamp="2024-05-09T17:15:57Z" user="ProjetoMapeia" uid="11455881" lat="-19.3167749" lon="-47.5425412"/>
 <node id="7800973676" visible="true" version="1" changeset="89198363" timestamp="2020-08-10T12:05:23Z" user="NorthwestPassage" uid="10409507" lat="-19.3115952" lon="-47.5300218"/>
 <node id="7800973677" visible="true" version="1" changeset="89198363" timestamp="2020-08-10T12:05:23Z" user="NorthwestPassage" uid="10409507" lat="-19.3115069" lon="-47.5301284"/>
 <node id="7800973678" visible="true" version="1" changeset="89198363" timestamp="2020-08-10T12:05:23Z" user="NorthwestPassage" uid="10409507" lat="-19.3115694" lon="-47.5302008"/>
 <node id="7801003369" visible="true" version="1" changeset="89198855" timestamp="2020-08-10T12:15:02Z" user="NorthwestPassage" uid="10409507" lat="-19.3174143" lon="-47.5471135"/>
 <node id="7801031143" visible="true" version="1" changeset="89199434" timestamp="2020-08-10T12:26:01Z" user="NorthwestPassage" uid="10409507" lat="-19.3131621" lon="-47.5518805"/>
 <node id="7801031144" visible="true" version="1" changeset="89199434" timestamp="2020-08-10T12:26:01Z" user="NorthwestPassage" uid="10409507" lat="-19.3128823" lon="-47.5514969"/>
 <node id="7801031161" visible="true" version="1" changeset="89199434" timestamp="2020-08-10T12:26:01Z" user="NorthwestPassage" uid="10409507" lat="-19.3132595" lon="-47.5520729"/>
 <node id="7801031162" visible="true" version="1" changeset="89199434" timestamp="2020-08-10T12:26:01Z" user="NorthwestPassage" uid="10409507" lat="-19.3153415" lon="-47.5527918"/>
 <node id="7801031163" visible="true" version="1" changeset="89199434" timestamp="2020-08-10T12:26:01Z" user="NorthwestPassage" uid="10409507" lat="-19.3154313" lon="-47.5527039"/>
 <node id="7801031164" visible="true" version="1" changeset="89199434" timestamp="2020-08-10T12:26:01Z" user="NorthwestPassage" uid="10409507" lat="-19.3155060" lon="-47.5526583"/>
 <node id="7801031165" visible="true" version="1" changeset="89199434" timestamp="2020-08-10T12:26:01Z" user="NorthwestPassage" uid="10409507" lat="-19.3151579" lon="-47.5529373"/>
 <node id="7801031166" visible="true" version="1" changeset="89199434" timestamp="2020-08-10T12:26:01Z" user="NorthwestPassage" uid="10409507" lat="-19.3150611" lon="-47.5529507"/>
 <node id="7801031167" visible="true" version="1" changeset="89199434" timestamp="2020-08-10T12:26:01Z" user="NorthwestPassage" uid="10409507" lat="-19.3149776" lon="-47.5529420"/>
 <node id="7801031168" visible="true" version="1" changeset="89199434" timestamp="2020-08-10T12:26:01Z" user="NorthwestPassage" uid="10409507" lat="-19.3145555" lon="-47.5529198"/>
 <node id="7801031169" visible="true" version="1" changeset="89199434" timestamp="2020-08-10T12:26:01Z" user="NorthwestPassage" uid="10409507" lat="-19.3142366" lon="-47.5529574"/>
 <node id="7801031170" visible="true" version="1" changeset="89199434" timestamp="2020-08-10T12:26:01Z" user="NorthwestPassage" uid="10409507" lat="-19.3137569" lon="-47.5528970"/>
 <node id="7801031171" visible="true" version="1" changeset="89199434" timestamp="2020-08-10T12:26:01Z" user="NorthwestPassage" uid="10409507" lat="-19.3138104" lon="-47.5530026"/>
 <node id="7801031172" visible="true" version="1" changeset="89199434" timestamp="2020-08-10T12:26:01Z" user="NorthwestPassage" uid="10409507" lat="-19.3138569" lon="-47.5530070"/>
 <node id="7801031173" visible="true" version="1" changeset="89199434" timestamp="2020-08-10T12:26:01Z" user="NorthwestPassage" uid="10409507" lat="-19.3137234" lon="-47.5527871"/>
 <node id="7801031174" visible="true" version="1" changeset="89199434" timestamp="2020-08-10T12:26:01Z" user="NorthwestPassage" uid="10409507" lat="-19.3136367" lon="-47.5526302"/>
 <node id="7801031175" visible="true" version="1" changeset="89199434" timestamp="2020-08-10T12:26:01Z" user="NorthwestPassage" uid="10409507" lat="-19.3134456" lon="-47.5523928"/>
 <node id="7801031176" visible="true" version="1" changeset="89199434" timestamp="2020-08-10T12:26:01Z" user="NorthwestPassage" uid="10409507" lat="-19.3127216" lon="-47.5512421"/>
 <node id="7801031177" visible="true" version="1" changeset="89199434" timestamp="2020-08-10T12:26:01Z" user="NorthwestPassage" uid="10409507" lat="-19.3125457" lon="-47.5508988"/>
 <node id="7801031178" visible="true" version="1" changeset="89199434" timestamp="2020-08-10T12:26:01Z" user="NorthwestPassage" uid="10409507" lat="-19.3123501" lon="-47.5502148"/>
 <node id="7801031179" visible="true" version="1" changeset="89199434" timestamp="2020-08-10T12:26:01Z" user="NorthwestPassage" uid="10409507" lat="-19.3124020" lon="-47.5505273"/>
 <node id="7801031180" visible="true" version="1" changeset="89199434" timestamp="2020-08-10T12:26:01Z" user="NorthwestPassage" uid="10409507" lat="-19.3123331" lon="-47.5496355"/>
 <node id="7801031181" visible="true" version="1" changeset="89199434" timestamp="2020-08-10T12:26:01Z" user="NorthwestPassage" uid="10409507" lat="-19.3122976" lon="-47.5491969"/>
 <node id="7801031182" visible="true" version="1" changeset="89199434" timestamp="2020-08-10T12:26:01Z" user="NorthwestPassage" uid="10409507" lat="-19.3122008" lon="-47.5484171"/>
 <node id="7801031183" visible="true" version="1" changeset="89199434" timestamp="2020-08-10T12:26:01Z" user="NorthwestPassage" uid="10409507" lat="-19.3121090" lon="-47.5481670"/>
 <node id="7801031184" visible="true" version="1" changeset="89199434" timestamp="2020-08-10T12:26:01Z" user="NorthwestPassage" uid="10409507" lat="-19.3119344" lon="-47.5478089"/>
 <node id="7801038885" visible="true" version="2" changeset="90623036" timestamp="2020-09-09T06:30:15Z" user="LaFloresta" uid="10529535" lat="-19.3109788" lon="-47.5459448"/>
 <node id="7801038886" visible="true" version="1" changeset="89199434" timestamp="2020-08-10T12:26:01Z" user="NorthwestPassage" uid="10409507" lat="-19.3112225" lon="-47.5463531"/>
 <node id="7801038887" visible="true" version="1" changeset="89199434" timestamp="2020-08-10T12:26:01Z" user="NorthwestPassage" uid="10409507" lat="-19.3113984" lon="-47.5466575"/>
 <node id="7801038888" visible="true" version="2" changeset="90623036" timestamp="2020-09-09T06:30:15Z" user="LaFloresta" uid="10529535" lat="-19.3105282" lon="-47.5450838"/>
 <node id="7801038889" visible="true" version="2" changeset="90623036" timestamp="2020-09-09T06:30:15Z" user="LaFloresta" uid="10529535" lat="-19.3101536" lon="-47.5441933"/>
 <node id="7801038890" visible="true" version="2" changeset="90623036" timestamp="2020-09-09T06:30:15Z" user="LaFloresta" uid="10529535" lat="-19.3089196" lon="-47.5377841"/>
 <node id="7801038898" visible="true" version="1" changeset="89199434" timestamp="2020-08-10T12:26:01Z" user="NorthwestPassage" uid="10409507" lat="-19.3156085" lon="-47.5526181"/>
 <node id="7801038899" visible="true" version="1" changeset="89199434" timestamp="2020-08-10T12:26:01Z" user="NorthwestPassage" uid="10409507" lat="-19.3152212" lon="-47.5529011"/>
 <node id="7801038900" visible="true" version="1" changeset="89199434" timestamp="2020-08-10T12:26:01Z" user="NorthwestPassage" uid="10409507" lat="-19.3137740" lon="-47.5529822"/>
 <node id="7801038901" visible="true" version="1" changeset="89199434" timestamp="2020-08-10T12:26:01Z" user="NorthwestPassage" uid="10409507" lat="-19.3130899" lon="-47.5517571"/>
 <node id="7801038902" visible="true" version="1" changeset="89199434" timestamp="2020-08-10T12:26:01Z" user="NorthwestPassage" uid="10409507" lat="-19.3123603" lon="-47.5503570"/>
 <node id="7801038903" visible="true" version="1" changeset="89199434" timestamp="2020-08-10T12:26:01Z" user="NorthwestPassage" uid="10409507" lat="-19.3122470" lon="-47.5486095"/>
 <node id="7801038904" visible="true" version="1" changeset="89199434" timestamp="2020-08-10T12:26:01Z" user="NorthwestPassage" uid="10409507" lat="-19.3116395" lon="-47.5472268"/>
 <node id="7801038905" visible="true" version="1" changeset="89199434" timestamp="2020-08-10T12:26:01Z" user="NorthwestPassage" uid="10409507" lat="-19.3113275" lon="-47.5465107"/>
 <node id="7801038906" visible="true" version="2" changeset="90623036" timestamp="2020-09-09T06:30:15Z" user="LaFloresta" uid="10529535" lat="-19.3107890" lon="-47.5456148"/>
 <node id="7801038907" visible="true" version="2" changeset="90623036" timestamp="2020-09-09T06:30:15Z" user="LaFloresta" uid="10529535" lat="-19.3102903" lon="-47.5445366"/>
 <node id="7801038908" visible="true" version="2" changeset="90623036" timestamp="2020-09-09T06:30:15Z" user="LaFloresta" uid="10529535" lat="-19.3099891" lon="-47.5436193"/>
 <node id="7801038909" visible="true" version="2" changeset="90623036" timestamp="2020-09-09T06:30:15Z" user="LaFloresta" uid="10529535" lat="-19.3098207" lon="-47.5426738"/>
 <node id="7801038910" visible="true" version="2" changeset="90623036" timestamp="2020-09-09T06:30:15Z" user="LaFloresta" uid="10529535" lat="-19.3095107" lon="-47.5407587"/>
 <node id="7801038911" visible="true" version="2" changeset="90623036" timestamp="2020-09-09T06:30:15Z" user="LaFloresta" uid="10529535" lat="-19.3092765" lon="-47.5397261"/>
 <node id="7801038912" visible="true" version="2" changeset="90623036" timestamp="2020-09-09T06:30:15Z" user="LaFloresta" uid="10529535" lat="-19.3090107" lon="-47.5385740"/>
 <node id="7801038913" visible="true" version="2" changeset="90623036" timestamp="2020-09-09T06:30:15Z" user="LaFloresta" uid="10529535" lat="-19.3089247" lon="-47.5380443"/>
 <node id="7801038914" visible="true" version="2" changeset="90623036" timestamp="2020-09-09T06:30:15Z" user="LaFloresta" uid="10529535" lat="-19.3089512" lon="-47.5376648"/>
 <node id="7801049470" visible="true" version="2" changeset="130608674" timestamp="2022-12-28T15:58:19Z" user="Raphaelkaart" uid="12468685" lat="-19.3222834" lon="-47.5289602"/>
 <node id="7801049471" visible="true" version="2" changeset="130608674" timestamp="2022-12-28T15:58:19Z" user="Raphaelkaart" uid="12468685" lat="-19.3221027" lon="-47.5294927"/>
 <node id="7801098546" visible="true" version="1" changeset="89200529" timestamp="2020-08-10T12:48:38Z" user="NorthwestPassage" uid="10409507" lat="-19.3213442" lon="-47.5283146"/>
 <node id="7821961063" visible="true" version="1" changeset="89553695" timestamp="2020-08-18T06:29:02Z" user="NorthwestPassage" uid="10409507" lat="-19.3129507" lon="-47.5274804"/>
 <node id="7821961064" visible="true" version="1" changeset="89553695" timestamp="2020-08-18T06:29:02Z" user="NorthwestPassage" uid="10409507" lat="-19.3130545" lon="-47.5271277"/>
 <node id="7824769347" visible="true" version="1" changeset="89603434" timestamp="2020-08-19T03:48:29Z" user="NorthwestPassage" uid="10409507" lat="-19.3121723" lon="-47.5297831"/>
 <node id="7888839518" visible="true" version="1" changeset="90615668" timestamp="2020-09-09T04:18:05Z" user="LaFloresta" uid="10529535" lat="-19.2993268" lon="-47.5263780"/>
 <node id="7888839519" visible="true" version="2" changeset="177996018" timestamp="2026-02-02T08:40:32Z" user="LakeVan" uid="22315977" lat="-19.2996369" lon="-47.5268367"/>
 <node id="7888839520" visible="true" version="1" changeset="90615668" timestamp="2020-09-09T04:18:05Z" user="LaFloresta" uid="10529535" lat="-19.3005166" lon="-47.5281322"/>
 <node id="7888839521" visible="true" version="1" changeset="90615668" timestamp="2020-09-09T04:18:05Z" user="LaFloresta" uid="10529535" lat="-19.3026867" lon="-47.5313763"/>
 <node id="7888839522" visible="true" version="1" changeset="90615668" timestamp="2020-09-09T04:18:05Z" user="LaFloresta" uid="10529535" lat="-19.3037239" lon="-47.5327510"/>
 <node id="7888839523" visible="true" version="1" changeset="90615668" timestamp="2020-09-09T04:18:05Z" user="LaFloresta" uid="10529535" lat="-19.3039670" lon="-47.5330044"/>
 <node id="7888839524" visible="true" version="2" changeset="90616376" timestamp="2020-09-09T04:33:02Z" user="LaFloresta" uid="10529535" lat="-19.3087829" lon="-47.5368997"/>
 <node id="7888839525" visible="true" version="2" changeset="90616376" timestamp="2020-09-09T04:33:02Z" user="LaFloresta" uid="10529535" lat="-19.3088481" lon="-47.5369064"/>
 <node id="7888839526" visible="true" version="2" changeset="90616376" timestamp="2020-09-09T04:33:02Z" user="LaFloresta" uid="10529535" lat="-19.3089234" lon="-47.5369091"/>
 <node id="7888839527" visible="true" version="2" changeset="90616376" timestamp="2020-09-09T04:33:02Z" user="LaFloresta" uid="10529535" lat="-19.3090329" lon="-47.5368916"/>
 <node id="7888839528" visible="true" version="2" changeset="90616376" timestamp="2020-09-09T04:33:02Z" user="LaFloresta" uid="10529535" lat="-19.3090981" lon="-47.5368722"/>
 <node id="7888839529" visible="true" version="2" changeset="90616376" timestamp="2020-09-09T04:33:02Z" user="LaFloresta" uid="10529535" lat="-19.3091993" lon="-47.5368340"/>
 <node id="7888839530" visible="true" version="2" changeset="90616376" timestamp="2020-09-09T04:33:02Z" user="LaFloresta" uid="10529535" lat="-19.3091692" lon="-47.5370154"/>
 <node id="7888839531" visible="true" version="2" changeset="90616376" timestamp="2020-09-09T04:33:02Z" user="LaFloresta" uid="10529535" lat="-19.3090019" lon="-47.5370328"/>
 <node id="7888839532" visible="true" version="2" changeset="90616376" timestamp="2020-09-09T04:33:02Z" user="LaFloresta" uid="10529535" lat="-19.3088798" lon="-47.5372032"/>
 <node id="7888839533" visible="true" version="2" changeset="90616376" timestamp="2020-09-09T04:33:02Z" user="LaFloresta" uid="10529535" lat="-19.3089338" lon="-47.5374143"/>
 <node id="7888839534" visible="true" version="2" changeset="90616376" timestamp="2020-09-09T04:33:02Z" user="LaFloresta" uid="10529535" lat="-19.3090677" lon="-47.5374929"/>
 <node id="7888839535" visible="true" version="2" changeset="90616376" timestamp="2020-09-09T04:33:02Z" user="LaFloresta" uid="10529535" lat="-19.3092144" lon="-47.5374681"/>
 <node id="7888839536" visible="true" version="2" changeset="90616376" timestamp="2020-09-09T04:33:02Z" user="LaFloresta" uid="10529535" lat="-19.3090725" lon="-47.5370089"/>
 <node id="7888839537" visible="true" version="2" changeset="90616376" timestamp="2020-09-09T04:33:02Z" user="LaFloresta" uid="10529535" lat="-19.3093339" lon="-47.5372063"/>
 <node id="7888864318" visible="true" version="1" changeset="90616376" timestamp="2020-09-09T04:33:02Z" user="LaFloresta" uid="10529535" lat="-19.3026766" lon="-47.5301264"/>
 <node id="7888864319" visible="true" version="1" changeset="90616376" timestamp="2020-09-09T04:33:02Z" user="LaFloresta" uid="10529535" lat="-19.3025184" lon="-47.5300272"/>
 <node id="7888864320" visible="true" version="1" changeset="90616376" timestamp="2020-09-09T04:33:02Z" user="LaFloresta" uid="10529535" lat="-19.3025823" lon="-47.5300580"/>
 <node id="7888864321" visible="true" version="1" changeset="90616376" timestamp="2020-09-09T04:33:02Z" user="LaFloresta" uid="10529535" lat="-19.3048194" lon="-47.5322568"/>
 <node id="7888864322" visible="true" version="1" changeset="90616376" timestamp="2020-09-09T04:33:02Z" user="LaFloresta" uid="10529535" lat="-19.3048561" lon="-47.5322816"/>
 <node id="7888864323" visible="true" version="1" changeset="90616376" timestamp="2020-09-09T04:33:02Z" user="LaFloresta" uid="10529535" lat="-19.3052023" lon="-47.5323392"/>
 <node id="7888864324" visible="true" version="1" changeset="90616376" timestamp="2020-09-09T04:33:02Z" user="LaFloresta" uid="10529535" lat="-19.3051608" lon="-47.5324273"/>
 <node id="7888864325" visible="true" version="1" changeset="90616376" timestamp="2020-09-09T04:33:02Z" user="LaFloresta" uid="10529535" lat="-19.3048802" lon="-47.5321743"/>
 <node id="7888864326" visible="true" version="1" changeset="90616376" timestamp="2020-09-09T04:33:02Z" user="LaFloresta" uid="10529535" lat="-19.3049336" lon="-47.5322061"/>
 <node id="7888864327" visible="true" version="1" changeset="90616376" timestamp="2020-09-09T04:33:02Z" user="LaFloresta" uid="10529535" lat="-19.3050238" lon="-47.5322534"/>
 <node id="7888864328" visible="true" version="1" changeset="90616376" timestamp="2020-09-09T04:33:02Z" user="LaFloresta" uid="10529535" lat="-19.3075944" lon="-47.5332787"/>
 <node id="7888864329" visible="true" version="1" changeset="90616376" timestamp="2020-09-09T04:33:02Z" user="LaFloresta" uid="10529535" lat="-19.3093518" lon="-47.5367186"/>
 <node id="7888864330" visible="true" version="2" changeset="90617573" timestamp="2020-09-09T05:00:03Z" user="LaFloresta" uid="10529535" lat="-19.3093252" lon="-47.5368333"/>
 <node id="7888864331" visible="true" version="1" changeset="90616376" timestamp="2020-09-09T04:33:02Z" user="LaFloresta" uid="10529535" lat="-19.3093378" lon="-47.5372556"/>
 <node id="7888864332" visible="true" version="1" changeset="90616376" timestamp="2020-09-09T04:33:02Z" user="LaFloresta" uid="10529535" lat="-19.3093262" lon="-47.5371745"/>
 <node id="7888864333" visible="true" version="1" changeset="90616376" timestamp="2020-09-09T04:33:02Z" user="LaFloresta" uid="10529535" lat="-19.3087063" lon="-47.5370586"/>
 <node id="7888864334" visible="true" version="1" changeset="90616376" timestamp="2020-09-09T04:33:02Z" user="LaFloresta" uid="10529535" lat="-19.3094524" lon="-47.5376426"/>
 <node id="7888864335" visible="true" version="1" changeset="90616376" timestamp="2020-09-09T04:33:02Z" user="LaFloresta" uid="10529535" lat="-19.3095404" lon="-47.5376681"/>
 <node id="7888903840" visible="true" version="2" changeset="90619507" timestamp="2020-09-09T05:35:33Z" user="LaFloresta" uid="10529535" lat="-19.3094183" lon="-47.5365276"/>
 <node id="7888903841" visible="true" version="2" changeset="90619507" timestamp="2020-09-09T05:35:33Z" user="LaFloresta" uid="10529535" lat="-19.3093387" lon="-47.5364717"/>
 <node id="7888903842" visible="true" version="1" changeset="90617573" timestamp="2020-09-09T05:00:03Z" user="LaFloresta" uid="10529535" lat="-19.3089664" lon="-47.5361896"/>
 <node id="7888903843" visible="true" version="1" changeset="90617573" timestamp="2020-09-09T05:00:03Z" user="LaFloresta" uid="10529535" lat="-19.3093113" lon="-47.5369976"/>
 <node id="7888903845" visible="true" version="3" changeset="174318792" timestamp="2025-11-07T06:49:52Z" user="ShashiRiver" uid="22557307" lat="-19.3093998" lon="-47.5365855"/>
 <node id="7888903847" visible="true" version="3" changeset="174318723" timestamp="2025-11-07T06:47:20Z" user="ShashiRiver" uid="22557307" lat="-19.3097043" lon="-47.5371901"/>
 <node id="7888903848" visible="true" version="1" changeset="90617573" timestamp="2020-09-09T05:00:03Z" user="LaFloresta" uid="10529535" lat="-19.3021437" lon="-47.5301110"/>
 <node id="7888903849" visible="true" version="1" changeset="90617573" timestamp="2020-09-09T05:00:03Z" user="LaFloresta" uid="10529535" lat="-19.3022178" lon="-47.5304443"/>
 <node id="7888903850" visible="true" version="1" changeset="90617573" timestamp="2020-09-09T05:00:03Z" user="LaFloresta" uid="10529535" lat="-19.3022342" lon="-47.5305060"/>
 <node id="7888903853" visible="true" version="2" changeset="90619507" timestamp="2020-09-09T05:35:33Z" user="LaFloresta" uid="10529535" lat="-19.3018887" lon="-47.5298106"/>
 <node id="7888903854" visible="true" version="1" changeset="90617573" timestamp="2020-09-09T05:00:03Z" user="LaFloresta" uid="10529535" lat="-19.3020981" lon="-47.5298709"/>
 <node id="7888903855" visible="true" version="1" changeset="90617573" timestamp="2020-09-09T05:00:03Z" user="LaFloresta" uid="10529535" lat="-19.3021111" lon="-47.5298897"/>
 <node id="7888903856" visible="true" version="1" changeset="90617573" timestamp="2020-09-09T05:00:03Z" user="LaFloresta" uid="10529535" lat="-19.3021197" lon="-47.5299078"/>
 <node id="7888903857" visible="true" version="1" changeset="90617573" timestamp="2020-09-09T05:00:03Z" user="LaFloresta" uid="10529535" lat="-19.3024457" lon="-47.5299464"/>
 <node id="7888903858" visible="true" version="1" changeset="90617573" timestamp="2020-09-09T05:00:03Z" user="LaFloresta" uid="10529535" lat="-19.3024727" lon="-47.5298999"/>
 <node id="7888903859" visible="true" version="1" changeset="90617573" timestamp="2020-09-09T05:00:03Z" user="LaFloresta" uid="10529535" lat="-19.3024608" lon="-47.5297889"/>
 <node id="7888903860" visible="true" version="1" changeset="90617573" timestamp="2020-09-09T05:00:03Z" user="LaFloresta" uid="10529535" lat="-19.3023943" lon="-47.5297347"/>
 <node id="7888903861" visible="true" version="1" changeset="90617573" timestamp="2020-09-09T05:00:03Z" user="LaFloresta" uid="10529535" lat="-19.3023104" lon="-47.5297393"/>
 <node id="7888903862" visible="true" version="1" changeset="90617573" timestamp="2020-09-09T05:00:03Z" user="LaFloresta" uid="10529535" lat="-19.3022383" lon="-47.5298768"/>
 <node id="7888903863" visible="true" version="1" changeset="90617573" timestamp="2020-09-09T05:00:03Z" user="LaFloresta" uid="10529535" lat="-19.3022927" lon="-47.5299656"/>
 <node id="7888903864" visible="true" version="1" changeset="90617573" timestamp="2020-09-09T05:00:03Z" user="LaFloresta" uid="10529535" lat="-19.3023752" lon="-47.5299847"/>
 <node id="7888903865" visible="true" version="1" changeset="90617573" timestamp="2020-09-09T05:00:03Z" user="LaFloresta" uid="10529535" lat="-19.3022495" lon="-47.5298004"/>
 <node id="7888903866" visible="true" version="1" changeset="90617573" timestamp="2020-09-09T05:00:03Z" user="LaFloresta" uid="10529535" lat="-19.3030088" lon="-47.5311604"/>
 <node id="7888903867" visible="true" version="1" changeset="90617573" timestamp="2020-09-09T05:00:03Z" user="LaFloresta" uid="10529535" lat="-19.3025506" lon="-47.5304657"/>
 <node id="7888903868" visible="true" version="1" changeset="90617573" timestamp="2020-09-09T05:00:03Z" user="LaFloresta" uid="10529535" lat="-19.3025076" lon="-47.5304074"/>
 <node id="7888903869" visible="true" version="1" changeset="90617573" timestamp="2020-09-09T05:00:03Z" user="LaFloresta" uid="10529535" lat="-19.3024595" lon="-47.5303678"/>
 <node id="7888903870" visible="true" version="1" changeset="90617573" timestamp="2020-09-09T05:00:03Z" user="LaFloresta" uid="10529535" lat="-19.3023886" lon="-47.5303303"/>
 <node id="7888903871" visible="true" version="1" changeset="90617573" timestamp="2020-09-09T05:00:03Z" user="LaFloresta" uid="10529535" lat="-19.3033139" lon="-47.5316003"/>
 <node id="7888903872" visible="true" version="1" changeset="90617573" timestamp="2020-09-09T05:00:03Z" user="LaFloresta" uid="10529535" lat="-19.3034088" lon="-47.5317277"/>
 <node id="7888903873" visible="true" version="1" changeset="90617573" timestamp="2020-09-09T05:00:03Z" user="LaFloresta" uid="10529535" lat="-19.3034987" lon="-47.5318578"/>
 <node id="7888903874" visible="true" version="1" changeset="90617573" timestamp="2020-09-09T05:00:03Z" user="LaFloresta" uid="10529535" lat="-19.3038480" lon="-47.5322903"/>
 <node id="7888903875" visible="true" version="1" changeset="90617573" timestamp="2020-09-09T05:00:03Z" user="LaFloresta" uid="10529535" lat="-19.3037777" lon="-47.5322075"/>
 <node id="7888903876" visible="true" version="1" changeset="90617573" timestamp="2020-09-09T05:00:03Z" user="LaFloresta" uid="10529535" lat="-19.3044334" lon="-47.5329753"/>
 <node id="7888903877" visible="true" version="1" changeset="90617573" timestamp="2020-09-09T05:00:03Z" user="LaFloresta" uid="10529535" lat="-19.3044432" lon="-47.5329967"/>
 <node id="7888903878" visible="true" version="1" changeset="90617573" timestamp="2020-09-09T05:00:03Z" user="LaFloresta" uid="10529535" lat="-19.3044707" lon="-47.5330359"/>
 <node id="7888903879" visible="true" version="1" changeset="90617573" timestamp="2020-09-09T05:00:03Z" user="LaFloresta" uid="10529535" lat="-19.3059687" lon="-47.5339150"/>
 <node id="7888903880" visible="true" version="1" changeset="90617573" timestamp="2020-09-09T05:00:03Z" user="LaFloresta" uid="10529535" lat="-19.3060168" lon="-47.5339922"/>
 <node id="7888903881" visible="true" version="1" changeset="90617573" timestamp="2020-09-09T05:00:03Z" user="LaFloresta" uid="10529535" lat="-19.3073337" lon="-47.5352253"/>
 <node id="7888903882" visible="true" version="1" changeset="90617573" timestamp="2020-09-09T05:00:03Z" user="LaFloresta" uid="10529535" lat="-19.3073210" lon="-47.5352340"/>
 <node id="7888903883" visible="true" version="1" changeset="90617573" timestamp="2020-09-09T05:00:03Z" user="LaFloresta" uid="10529535" lat="-19.3073065" lon="-47.5352354"/>
 <node id="7888940447" visible="true" version="1" changeset="90618005" timestamp="2020-09-09T05:08:14Z" user="LaFloresta" uid="10529535" lat="-19.3062775" lon="-47.5279666"/>
 <node id="7888940448" visible="true" version="1" changeset="90618005" timestamp="2020-09-09T05:08:14Z" user="LaFloresta" uid="10529535" lat="-19.3061832" lon="-47.5280893"/>
 <node id="7888940449" visible="true" version="1" changeset="90618005" timestamp="2020-09-09T05:08:14Z" user="LaFloresta" uid="10529535" lat="-19.3063288" lon="-47.5280061"/>
 <node id="7888940450" visible="true" version="1" changeset="90618005" timestamp="2020-09-09T05:08:14Z" user="LaFloresta" uid="10529535" lat="-19.3063262" lon="-47.5280537"/>
 <node id="7888940451" visible="true" version="1" changeset="90618005" timestamp="2020-09-09T05:08:14Z" user="LaFloresta" uid="10529535" lat="-19.3063167" lon="-47.5280993"/>
 <node id="7888940452" visible="true" version="1" changeset="90618005" timestamp="2020-09-09T05:08:14Z" user="LaFloresta" uid="10529535" lat="-19.3057510" lon="-47.5287163"/>
 <node id="7888940453" visible="true" version="1" changeset="90618005" timestamp="2020-09-09T05:08:14Z" user="LaFloresta" uid="10529535" lat="-19.3046694" lon="-47.5294559"/>
 <node id="7888940454" visible="true" version="1" changeset="90618005" timestamp="2020-09-09T05:08:14Z" user="LaFloresta" uid="10529535" lat="-19.3060756" lon="-47.5304604"/>
 <node id="7888940455" visible="true" version="1" changeset="90618005" timestamp="2020-09-09T05:08:14Z" user="LaFloresta" uid="10529535" lat="-19.3060554" lon="-47.5305254"/>
 <node id="7888940456" visible="true" version="1" changeset="90618005" timestamp="2020-09-09T05:08:14Z" user="LaFloresta" uid="10529535" lat="-19.3059642" lon="-47.5302163"/>
 <node id="7888940457" visible="true" version="1" changeset="90618005" timestamp="2020-09-09T05:08:14Z" user="LaFloresta" uid="10529535" lat="-19.3059877" lon="-47.5302659"/>
 <node id="7888940458" visible="true" version="1" changeset="90618005" timestamp="2020-09-09T05:08:14Z" user="LaFloresta" uid="10529535" lat="-19.3060136" lon="-47.5303142"/>
 <node id="7888940459" visible="true" version="1" changeset="90618005" timestamp="2020-09-09T05:08:14Z" user="LaFloresta" uid="10529535" lat="-19.3060446" lon="-47.5303551"/>
 <node id="7888940460" visible="true" version="1" changeset="90618005" timestamp="2020-09-09T05:08:14Z" user="LaFloresta" uid="10529535" lat="-19.3085855" lon="-47.5276870"/>
 <node id="7888940462" visible="true" version="2" changeset="130612604" timestamp="2022-12-28T17:45:52Z" user="Raphaelkaart" uid="12468685" lat="-19.3081890" lon="-47.5297910"/>
 <node id="7888940463" visible="true" version="1" changeset="90618005" timestamp="2020-09-09T05:08:14Z" user="LaFloresta" uid="10529535" lat="-19.3081222" lon="-47.5297690"/>
 <node id="7888940464" visible="true" version="1" changeset="90618005" timestamp="2020-09-09T05:08:14Z" user="LaFloresta" uid="10529535" lat="-19.3080994" lon="-47.5297724"/>
 <node id="7888940465" visible="true" version="1" changeset="90618005" timestamp="2020-09-09T05:08:14Z" user="LaFloresta" uid="10529535" lat="-19.3080779" lon="-47.5297905"/>
 <node id="7888940466" visible="true" version="1" changeset="90618005" timestamp="2020-09-09T05:08:14Z" user="LaFloresta" uid="10529535" lat="-19.3080197" lon="-47.5294961"/>
 <node id="7888940467" visible="true" version="1" changeset="90618005" timestamp="2020-09-09T05:08:14Z" user="LaFloresta" uid="10529535" lat="-19.3083551" lon="-47.5283331"/>
 <node id="7888940468" visible="true" version="1" changeset="90618005" timestamp="2020-09-09T05:08:14Z" user="LaFloresta" uid="10529535" lat="-19.3069836" lon="-47.5312991"/>
 <node id="7888940469" visible="true" version="1" changeset="90618005" timestamp="2020-09-09T05:08:14Z" user="LaFloresta" uid="10529535" lat="-19.3069744" lon="-47.5312598"/>
 <node id="7888940470" visible="true" version="1" changeset="90618005" timestamp="2020-09-09T05:08:14Z" user="LaFloresta" uid="10529535" lat="-19.3069746" lon="-47.5312793"/>
 <node id="7888940471" visible="true" version="1" changeset="90618005" timestamp="2020-09-09T05:08:14Z" user="LaFloresta" uid="10529535" lat="-19.3069790" lon="-47.5312927"/>
 <node id="7888989938" visible="true" version="1" changeset="90619790" timestamp="2020-09-09T05:40:50Z" user="LaFloresta" uid="10529535" lat="-19.2964688" lon="-47.5392634"/>
 <node id="7888989939" visible="true" version="1" changeset="90619790" timestamp="2020-09-09T05:40:50Z" user="LaFloresta" uid="10529535" lat="-19.2944030" lon="-47.5403926"/>
 <node id="7888989940" visible="true" version="1" changeset="90619790" timestamp="2020-09-09T05:40:50Z" user="LaFloresta" uid="10529535" lat="-19.2921373" lon="-47.5416264"/>
 <node id="7888989941" visible="true" version="1" changeset="90619790" timestamp="2020-09-09T05:40:50Z" user="LaFloresta" uid="10529535" lat="-19.2911980" lon="-47.5421333"/>
 <node id="7888989942" visible="true" version="1" changeset="90619790" timestamp="2020-09-09T05:40:50Z" user="LaFloresta" uid="10529535" lat="-19.2909335" lon="-47.5422701"/>
 <node id="7888989943" visible="true" version="1" changeset="90619790" timestamp="2020-09-09T05:40:50Z" user="LaFloresta" uid="10529535" lat="-19.2907664" lon="-47.5423560"/>
 <node id="7888989944" visible="true" version="1" changeset="90619790" timestamp="2020-09-09T05:40:50Z" user="LaFloresta" uid="10529535" lat="-19.2899829" lon="-47.5427181"/>
 <node id="7888989945" visible="true" version="1" changeset="90619790" timestamp="2020-09-09T05:40:50Z" user="LaFloresta" uid="10529535" lat="-19.2905423" lon="-47.5424579"/>
 <node id="7888989946" visible="true" version="1" changeset="90619790" timestamp="2020-09-09T05:40:50Z" user="LaFloresta" uid="10529535" lat="-19.2896512" lon="-47.5428776"/>
 <node id="7888989947" visible="true" version="1" changeset="90619790" timestamp="2020-09-09T05:40:50Z" user="LaFloresta" uid="10529535" lat="-19.2879424" lon="-47.5437816"/>
 <node id="7888989948" visible="true" version="2" changeset="90622226" timestamp="2020-09-09T06:18:31Z" user="LaFloresta" uid="10529535" lat="-19.2866829" lon="-47.5444517"/>
 <node id="7888989949" visible="true" version="1" changeset="90619790" timestamp="2020-09-09T05:40:50Z" user="LaFloresta" uid="10529535" lat="-19.2844904" lon="-47.5456095"/>
 <node id="7888989950" visible="true" version="1" changeset="90619790" timestamp="2020-09-09T05:40:50Z" user="LaFloresta" uid="10529535" lat="-19.2826195" lon="-47.5466126"/>
 <node id="7888989951" visible="true" version="1" changeset="90619790" timestamp="2020-09-09T05:40:50Z" user="LaFloresta" uid="10529535" lat="-19.2817688" lon="-47.5470606"/>
 <node id="7888989952" visible="true" version="1" changeset="90619790" timestamp="2020-09-09T05:40:50Z" user="LaFloresta" uid="10529535" lat="-19.2807928" lon="-47.5475675"/>
 <node id="7888989953" visible="true" version="1" changeset="90619790" timestamp="2020-09-09T05:40:50Z" user="LaFloresta" uid="10529535" lat="-19.2804978" lon="-47.5477257"/>
 <node id="7888989954" visible="true" version="1" changeset="90619790" timestamp="2020-09-09T05:40:50Z" user="LaFloresta" uid="10529535" lat="-19.2803459" lon="-47.5478183"/>
 <node id="7888989955" visible="true" version="1" changeset="90619790" timestamp="2020-09-09T05:40:50Z" user="LaFloresta" uid="10529535" lat="-19.2796181" lon="-47.5482810"/>
 <node id="7888989956" visible="true" version="1" changeset="90619790" timestamp="2020-09-09T05:40:50Z" user="LaFloresta" uid="10529535" lat="-19.2781426" lon="-47.5490689"/>
 <node id="7888989957" visible="true" version="1" changeset="90619790" timestamp="2020-09-09T05:40:50Z" user="LaFloresta" uid="10529535" lat="-19.2763305" lon="-47.5500324"/>
 <node id="7888989958" visible="true" version="1" changeset="90619790" timestamp="2020-09-09T05:40:50Z" user="LaFloresta" uid="10529535" lat="-19.2750652" lon="-47.5506775"/>
 <node id="7888989959" visible="true" version="1" changeset="90619790" timestamp="2020-09-09T05:40:50Z" user="LaFloresta" uid="10529535" lat="-19.2742480" lon="-47.5511080"/>
 <node id="7888989960" visible="true" version="1" changeset="90619790" timestamp="2020-09-09T05:40:50Z" user="LaFloresta" uid="10529535" lat="-19.2733695" lon="-47.5515680"/>
 <node id="7888989961" visible="true" version="1" changeset="90619790" timestamp="2020-09-09T05:40:50Z" user="LaFloresta" uid="10529535" lat="-19.2725643" lon="-47.5519891"/>
 <node id="7888989962" visible="true" version="1" changeset="90619790" timestamp="2020-09-09T05:40:50Z" user="LaFloresta" uid="10529535" lat="-19.2719314" lon="-47.5523324"/>
 <node id="7888989963" visible="true" version="1" changeset="90619790" timestamp="2020-09-09T05:40:50Z" user="LaFloresta" uid="10529535" lat="-19.2709085" lon="-47.5528823"/>
 <node id="7888989964" visible="true" version="1" changeset="90619790" timestamp="2020-09-09T05:40:50Z" user="LaFloresta" uid="10529535" lat="-19.2698083" lon="-47.5534885"/>
 <node id="7888989965" visible="true" version="1" changeset="90619790" timestamp="2020-09-09T05:40:50Z" user="LaFloresta" uid="10529535" lat="-19.2690057" lon="-47.5539337"/>
 <node id="7888989966" visible="true" version="1" changeset="90619790" timestamp="2020-09-09T05:40:50Z" user="LaFloresta" uid="10529535" lat="-19.2691665" lon="-47.5538331"/>
 <node id="7888989967" visible="true" version="1" changeset="90619790" timestamp="2020-09-09T05:40:50Z" user="LaFloresta" uid="10529535" lat="-19.2688551" lon="-47.5540182"/>
 <node id="7888989968" visible="true" version="1" changeset="90619790" timestamp="2020-09-09T05:40:50Z" user="LaFloresta" uid="10529535" lat="-19.2686753" lon="-47.5540987"/>
 <node id="7888989969" visible="true" version="1" changeset="90619790" timestamp="2020-09-09T05:40:50Z" user="LaFloresta" uid="10529535" lat="-19.2682677" lon="-47.5542784"/>
 <node id="7888989970" visible="true" version="1" changeset="90619790" timestamp="2020-09-09T05:40:50Z" user="LaFloresta" uid="10529535" lat="-19.2676676" lon="-47.5545815"/>
 <node id="7888989971" visible="true" version="1" changeset="90619790" timestamp="2020-09-09T05:40:50Z" user="LaFloresta" uid="10529535" lat="-19.2668042" lon="-47.5550321"/>
 <node id="7888989972" visible="true" version="1" changeset="90619790" timestamp="2020-09-09T05:40:50Z" user="LaFloresta" uid="10529535" lat="-19.2666472" lon="-47.5551367"/>
 <node id="7888989973" visible="true" version="1" changeset="90619790" timestamp="2020-09-09T05:40:50Z" user="LaFloresta" uid="10529535" lat="-19.2664826" lon="-47.5552869"/>
 <node id="7888989974" visible="true" version="1" changeset="90619790" timestamp="2020-09-09T05:40:50Z" user="LaFloresta" uid="10529535" lat="-19.2663459" lon="-47.5554505"/>
 <node id="7888989975" visible="true" version="1" changeset="90619790" timestamp="2020-09-09T05:40:50Z" user="LaFloresta" uid="10529535" lat="-19.2662763" lon="-47.5555578"/>
 <node id="7888989976" visible="true" version="1" changeset="90619790" timestamp="2020-09-09T05:40:50Z" user="LaFloresta" uid="10529535" lat="-19.2661800" lon="-47.5557214"/>
 <node id="7888989977" visible="true" version="1" changeset="90619790" timestamp="2020-09-09T05:40:50Z" user="LaFloresta" uid="10529535" lat="-19.2660965" lon="-47.5558300"/>
 <node id="7888989978" visible="true" version="1" changeset="90619790" timestamp="2020-09-09T05:40:50Z" user="LaFloresta" uid="10529535" lat="-19.2659990" lon="-47.5558984"/>
 <node id="7888989979" visible="true" version="1" changeset="90619790" timestamp="2020-09-09T05:40:50Z" user="LaFloresta" uid="10529535" lat="-19.2658192" lon="-47.5559628"/>
 <node id="7888989980" visible="true" version="1" changeset="90619790" timestamp="2020-09-09T05:40:50Z" user="LaFloresta" uid="10529535" lat="-19.2652027" lon="-47.5561653"/>
 <node id="7888989981" visible="true" version="1" changeset="90619790" timestamp="2020-09-09T05:40:50Z" user="LaFloresta" uid="10529535" lat="-19.2647684" lon="-47.5563061"/>
 <node id="7888989982" visible="true" version="1" changeset="90619790" timestamp="2020-09-09T05:40:50Z" user="LaFloresta" uid="10529535" lat="-19.2644773" lon="-47.5563920"/>
 <node id="7888989983" visible="true" version="1" changeset="90619790" timestamp="2020-09-09T05:40:50Z" user="LaFloresta" uid="10529535" lat="-19.2639633" lon="-47.5565448"/>
 <node id="7888989984" visible="true" version="1" changeset="90619790" timestamp="2020-09-09T05:40:50Z" user="LaFloresta" uid="10529535" lat="-19.2636442" lon="-47.5566427"/>
 <node id="7889003822" visible="true" version="1" changeset="90619507" timestamp="2020-09-09T05:35:33Z" user="LaFloresta" uid="10529535" lat="-19.3020159" lon="-47.5298495"/>
 <node id="7889003823" visible="true" version="1" changeset="90619507" timestamp="2020-09-09T05:35:33Z" user="LaFloresta" uid="10529535" lat="-19.3018355" lon="-47.5297784"/>
 <node id="7889003824" visible="true" version="1" changeset="90619507" timestamp="2020-09-09T05:35:33Z" user="LaFloresta" uid="10529535" lat="-19.3023114" lon="-47.5291273"/>
 <node id="7889003825" visible="true" version="1" changeset="90619507" timestamp="2020-09-09T05:35:33Z" user="LaFloresta" uid="10529535" lat="-19.3024120" lon="-47.5293653"/>
 <node id="7889003826" visible="true" version="1" changeset="90619507" timestamp="2020-09-09T05:35:33Z" user="LaFloresta" uid="10529535" lat="-19.3024190" lon="-47.5294532"/>
 <node id="7889003827" visible="true" version="1" changeset="90619507" timestamp="2020-09-09T05:35:33Z" user="LaFloresta" uid="10529535" lat="-19.3023943" lon="-47.5292970"/>
 <node id="7889003828" visible="true" version="1" changeset="90619507" timestamp="2020-09-09T05:35:33Z" user="LaFloresta" uid="10529535" lat="-19.3023703" lon="-47.5292286"/>
 <node id="7889003829" visible="true" version="1" changeset="90619507" timestamp="2020-09-09T05:35:33Z" user="LaFloresta" uid="10529535" lat="-19.3023469" lon="-47.5291843"/>
 <node id="7889003830" visible="true" version="1" changeset="90619507" timestamp="2020-09-09T05:35:33Z" user="LaFloresta" uid="10529535" lat="-19.3019393" lon="-47.5286767"/>
 <node id="7889003831" visible="true" version="1" changeset="90619507" timestamp="2020-09-09T05:35:33Z" user="LaFloresta" uid="10529535" lat="-19.3018950" lon="-47.5286432"/>
 <node id="7889003832" visible="true" version="1" changeset="90619507" timestamp="2020-09-09T05:35:33Z" user="LaFloresta" uid="10529535" lat="-19.3018418" lon="-47.5286217"/>
 <node id="7889003833" visible="true" version="1" changeset="90619507" timestamp="2020-09-09T05:35:33Z" user="LaFloresta" uid="10529535" lat="-19.3018051" lon="-47.5286230"/>
 <node id="7889003834" visible="true" version="1" changeset="90619507" timestamp="2020-09-09T05:35:33Z" user="LaFloresta" uid="10529535" lat="-19.3017482" lon="-47.5286458"/>
 <node id="7889003835" visible="true" version="1" changeset="90619507" timestamp="2020-09-09T05:35:33Z" user="LaFloresta" uid="10529535" lat="-19.3014963" lon="-47.5288611"/>
 <node id="7889003836" visible="true" version="1" changeset="90619507" timestamp="2020-09-09T05:35:33Z" user="LaFloresta" uid="10529535" lat="-19.3014710" lon="-47.5288879"/>
 <node id="7889003837" visible="true" version="1" changeset="90619507" timestamp="2020-09-09T05:35:33Z" user="LaFloresta" uid="10529535" lat="-19.3014438" lon="-47.5289335"/>
 <node id="7889003838" visible="true" version="1" changeset="90619507" timestamp="2020-09-09T05:35:33Z" user="LaFloresta" uid="10529535" lat="-19.3013881" lon="-47.5290314"/>
 <node id="7889003839" visible="true" version="1" changeset="90619507" timestamp="2020-09-09T05:35:33Z" user="LaFloresta" uid="10529535" lat="-19.3015748" lon="-47.5292681"/>
 <node id="7889003840" visible="true" version="1" changeset="90619507" timestamp="2020-09-09T05:35:33Z" user="LaFloresta" uid="10529535" lat="-19.3017216" lon="-47.5294746"/>
 <node id="7889003841" visible="true" version="1" changeset="90619507" timestamp="2020-09-09T05:35:33Z" user="LaFloresta" uid="10529535" lat="-19.3038758" lon="-47.5318705"/>
 <node id="7889003842" visible="true" version="1" changeset="90619507" timestamp="2020-09-09T05:35:33Z" user="LaFloresta" uid="10529535" lat="-19.3038043" lon="-47.5319523"/>
 <node id="7889003843" visible="true" version="1" changeset="90619507" timestamp="2020-09-09T05:35:33Z" user="LaFloresta" uid="10529535" lat="-19.3058541" lon="-47.5294009"/>
 <node id="7889003844" visible="true" version="1" changeset="90619507" timestamp="2020-09-09T05:35:33Z" user="LaFloresta" uid="10529535" lat="-19.3036904" lon="-47.5290602"/>
 <node id="7889003845" visible="true" version="1" changeset="90619507" timestamp="2020-09-09T05:35:33Z" user="LaFloresta" uid="10529535" lat="-19.3036391" lon="-47.5290944"/>
 <node id="7889003846" visible="true" version="1" changeset="90619507" timestamp="2020-09-09T05:35:33Z" user="LaFloresta" uid="10529535" lat="-19.3032262" lon="-47.5294703"/>
 <node id="7889003847" visible="true" version="1" changeset="90619507" timestamp="2020-09-09T05:35:33Z" user="LaFloresta" uid="10529535" lat="-19.3032202" lon="-47.5294770"/>
 <node id="7889003848" visible="true" version="1" changeset="90619507" timestamp="2020-09-09T05:35:33Z" user="LaFloresta" uid="10529535" lat="-19.3032177" lon="-47.5294860"/>
 <node id="7889003849" visible="true" version="1" changeset="90619507" timestamp="2020-09-09T05:35:33Z" user="LaFloresta" uid="10529535" lat="-19.3032205" lon="-47.5294985"/>
 <node id="7889003850" visible="true" version="1" changeset="90619507" timestamp="2020-09-09T05:35:33Z" user="LaFloresta" uid="10529535" lat="-19.3032294" lon="-47.5295129"/>
 <node id="7889003851" visible="true" version="1" changeset="90619507" timestamp="2020-09-09T05:35:33Z" user="LaFloresta" uid="10529535" lat="-19.3032667" lon="-47.5295571"/>
 <node id="7889003852" visible="true" version="1" changeset="90619507" timestamp="2020-09-09T05:35:33Z" user="LaFloresta" uid="10529535" lat="-19.3032822" lon="-47.5295665"/>
 <node id="7889003853" visible="true" version="1" changeset="90619507" timestamp="2020-09-09T05:35:33Z" user="LaFloresta" uid="10529535" lat="-19.3034319" lon="-47.5295793"/>
 <node id="7889003854" visible="true" version="1" changeset="90619507" timestamp="2020-09-09T05:35:33Z" user="LaFloresta" uid="10529535" lat="-19.3034126" lon="-47.5295903"/>
 <node id="7889003855" visible="true" version="1" changeset="90619507" timestamp="2020-09-09T05:35:33Z" user="LaFloresta" uid="10529535" lat="-19.3033927" lon="-47.5295947"/>
 <node id="7889003856" visible="true" version="1" changeset="90619507" timestamp="2020-09-09T05:35:33Z" user="LaFloresta" uid="10529535" lat="-19.3033702" lon="-47.5295957"/>
 <node id="7889003857" visible="true" version="1" changeset="90619507" timestamp="2020-09-09T05:35:33Z" user="LaFloresta" uid="10529535" lat="-19.3035607" lon="-47.5295092"/>
 <node id="7889003858" visible="true" version="1" changeset="90619507" timestamp="2020-09-09T05:35:33Z" user="LaFloresta" uid="10529535" lat="-19.3035702" lon="-47.5295135"/>
 <node id="7889003859" visible="true" version="1" changeset="90619507" timestamp="2020-09-09T05:35:33Z" user="LaFloresta" uid="10529535" lat="-19.3035518" lon="-47.5295075"/>
 <node id="7889003860" visible="true" version="1" changeset="90619507" timestamp="2020-09-09T05:35:33Z" user="LaFloresta" uid="10529535" lat="-19.3035354" lon="-47.5295115"/>
 <node id="7889003861" visible="true" version="1" changeset="90619507" timestamp="2020-09-09T05:35:33Z" user="LaFloresta" uid="10529535" lat="-19.3035151" lon="-47.5295209"/>
 <node id="7889003862" visible="true" version="1" changeset="90619507" timestamp="2020-09-09T05:35:33Z" user="LaFloresta" uid="10529535" lat="-19.3035942" lon="-47.5291367"/>
 <node id="7889003863" visible="true" version="1" changeset="90619507" timestamp="2020-09-09T05:35:33Z" user="LaFloresta" uid="10529535" lat="-19.3040201" lon="-47.5289355"/>
 <node id="7889003864" visible="true" version="1" changeset="90619507" timestamp="2020-09-09T05:35:33Z" user="LaFloresta" uid="10529535" lat="-19.3041714" lon="-47.5289449"/>
 <node id="7889003865" visible="true" version="1" changeset="90619507" timestamp="2020-09-09T05:35:33Z" user="LaFloresta" uid="10529535" lat="-19.3041309" lon="-47.5289275"/>
 <node id="7889003866" visible="true" version="1" changeset="90619507" timestamp="2020-09-09T05:35:33Z" user="LaFloresta" uid="10529535" lat="-19.3040834" lon="-47.5289248"/>
 <node id="7889003867" visible="true" version="1" changeset="90619507" timestamp="2020-09-09T05:35:33Z" user="LaFloresta" uid="10529535" lat="-19.3039125" lon="-47.5289677"/>
 <node id="7889003868" visible="true" version="1" changeset="90619507" timestamp="2020-09-09T05:35:33Z" user="LaFloresta" uid="10529535" lat="-19.3032582" lon="-47.5294411"/>
 <node id="7889003869" visible="true" version="1" changeset="90619507" timestamp="2020-09-09T05:35:33Z" user="LaFloresta" uid="10529535" lat="-19.3033518" lon="-47.5295920"/>
 <node id="7889003870" visible="true" version="1" changeset="90619507" timestamp="2020-09-09T05:35:33Z" user="LaFloresta" uid="10529535" lat="-19.3055807" lon="-47.5285359"/>
 <node id="7889003871" visible="true" version="1" changeset="90619507" timestamp="2020-09-09T05:35:33Z" user="LaFloresta" uid="10529535" lat="-19.3055896" lon="-47.5285614"/>
 <node id="7889003872" visible="true" version="1" changeset="90619507" timestamp="2020-09-09T05:35:33Z" user="LaFloresta" uid="10529535" lat="-19.3055909" lon="-47.5285935"/>
 <node id="7889003873" visible="true" version="1" changeset="90619507" timestamp="2020-09-09T05:35:33Z" user="LaFloresta" uid="10529535" lat="-19.3055668" lon="-47.5287129"/>
 <node id="7889003874" visible="true" version="1" changeset="90619507" timestamp="2020-09-09T05:35:33Z" user="LaFloresta" uid="10529535" lat="-19.3055504" lon="-47.5287464"/>
 <node id="7889003875" visible="true" version="1" changeset="90619507" timestamp="2020-09-09T05:35:33Z" user="LaFloresta" uid="10529535" lat="-19.3055149" lon="-47.5287920"/>
 <node id="7889003876" visible="true" version="1" changeset="90619507" timestamp="2020-09-09T05:35:33Z" user="LaFloresta" uid="10529535" lat="-19.3053592" lon="-47.5288926"/>
 <node id="7889003877" visible="true" version="1" changeset="90619507" timestamp="2020-09-09T05:35:33Z" user="LaFloresta" uid="10529535" lat="-19.3053263" lon="-47.5288993"/>
 <node id="7889003878" visible="true" version="1" changeset="90619507" timestamp="2020-09-09T05:35:33Z" user="LaFloresta" uid="10529535" lat="-19.3052858" lon="-47.5288913"/>
 <node id="7889003879" visible="true" version="1" changeset="90619507" timestamp="2020-09-09T05:35:33Z" user="LaFloresta" uid="10529535" lat="-19.3051428" lon="-47.5286123"/>
 <node id="7889003880" visible="true" version="1" changeset="90619507" timestamp="2020-09-09T05:35:33Z" user="LaFloresta" uid="10529535" lat="-19.3051099" lon="-47.5285962"/>
 <node id="7889003881" visible="true" version="1" changeset="90619507" timestamp="2020-09-09T05:35:33Z" user="LaFloresta" uid="10529535" lat="-19.3050719" lon="-47.5286016"/>
 <node id="7889003882" visible="true" version="1" changeset="90619507" timestamp="2020-09-09T05:35:33Z" user="LaFloresta" uid="10529535" lat="-19.3050162" lon="-47.5286257"/>
 <node id="7889003883" visible="true" version="1" changeset="90619507" timestamp="2020-09-09T05:35:33Z" user="LaFloresta" uid="10529535" lat="-19.3042758" lon="-47.5290200"/>
 <node id="7889003884" visible="true" version="1" changeset="90619507" timestamp="2020-09-09T05:35:33Z" user="LaFloresta" uid="10529535" lat="-19.3042087" lon="-47.5293271"/>
 <node id="7889007185" visible="true" version="1" changeset="90619507" timestamp="2020-09-09T05:35:33Z" user="LaFloresta" uid="10529535" lat="-19.3041961" lon="-47.5293781"/>
 <node id="7889007186" visible="true" version="1" changeset="90619507" timestamp="2020-09-09T05:35:33Z" user="LaFloresta" uid="10529535" lat="-19.3041682" lon="-47.5294089"/>
 <node id="7889007187" visible="true" version="1" changeset="90619507" timestamp="2020-09-09T05:35:33Z" user="LaFloresta" uid="10529535" lat="-19.3039771" lon="-47.5295404"/>
 <node id="7889007188" visible="true" version="1" changeset="90619507" timestamp="2020-09-09T05:35:33Z" user="LaFloresta" uid="10529535" lat="-19.3039416" lon="-47.5295578"/>
 <node id="7889007189" visible="true" version="1" changeset="90619507" timestamp="2020-09-09T05:35:33Z" user="LaFloresta" uid="10529535" lat="-19.3039049" lon="-47.5295645"/>
 <node id="7889007190" visible="true" version="1" changeset="90619507" timestamp="2020-09-09T05:35:33Z" user="LaFloresta" uid="10529535" lat="-19.3036708" lon="-47.5295464"/>
 <node id="7889007191" visible="true" version="1" changeset="90619507" timestamp="2020-09-09T05:35:33Z" user="LaFloresta" uid="10529535" lat="-19.3036297" lon="-47.5295471"/>
 <node id="7889007192" visible="true" version="1" changeset="90619507" timestamp="2020-09-09T05:35:33Z" user="LaFloresta" uid="10529535" lat="-19.3036081" lon="-47.5295497"/>
 <node id="7889007193" visible="true" version="1" changeset="90619507" timestamp="2020-09-09T05:35:33Z" user="LaFloresta" uid="10529535" lat="-19.3035803" lon="-47.5295632"/>
 <node id="7889007194" visible="true" version="1" changeset="90619507" timestamp="2020-09-09T05:35:33Z" user="LaFloresta" uid="10529535" lat="-19.3052567" lon="-47.5288537"/>
 <node id="7889007195" visible="true" version="1" changeset="90619507" timestamp="2020-09-09T05:35:33Z" user="LaFloresta" uid="10529535" lat="-19.3054643" lon="-47.5283240"/>
 <node id="7889007196" visible="true" version="1" changeset="90619507" timestamp="2020-09-09T05:35:33Z" user="LaFloresta" uid="10529535" lat="-19.3100246" lon="-47.5361812"/>
 <node id="7889007197" visible="true" version="2" changeset="174318723" timestamp="2025-11-07T06:47:20Z" user="ShashiRiver" uid="22557307" lat="-19.3098321" lon="-47.5367569"/>
 <node id="7889007201" visible="true" version="1" changeset="90619507" timestamp="2020-09-09T05:35:33Z" user="LaFloresta" uid="10529535" lat="-19.3110918" lon="-47.5371904"/>
 <node id="7889007202" visible="true" version="1" changeset="90619507" timestamp="2020-09-09T05:35:33Z" user="LaFloresta" uid="10529535" lat="-19.3110804" lon="-47.5371997"/>
 <node id="7889007203" visible="true" version="1" changeset="90619507" timestamp="2020-09-09T05:35:33Z" user="LaFloresta" uid="10529535" lat="-19.3110712" lon="-47.5372021"/>
 <node id="7889016739" visible="true" version="1" changeset="90620743" timestamp="2020-09-09T05:55:50Z" user="LaFloresta" uid="10529535" lat="-19.2925524" lon="-47.5388664"/>
 <node id="7889016740" visible="true" version="1" changeset="90620743" timestamp="2020-09-09T05:55:50Z" user="LaFloresta" uid="10529535" lat="-19.2925138" lon="-47.5389053"/>
 <node id="7889016741" visible="true" version="1" changeset="90620743" timestamp="2020-09-09T05:55:50Z" user="LaFloresta" uid="10529535" lat="-19.2924929" lon="-47.5389469"/>
 <node id="7889016742" visible="true" version="1" changeset="90620743" timestamp="2020-09-09T05:55:50Z" user="LaFloresta" uid="10529535" lat="-19.2924904" lon="-47.5389831"/>
 <node id="7889016743" visible="true" version="1" changeset="90620743" timestamp="2020-09-09T05:55:50Z" user="LaFloresta" uid="10529535" lat="-19.2925018" lon="-47.5390394"/>
 <node id="7889016744" visible="true" version="1" changeset="90620743" timestamp="2020-09-09T05:55:50Z" user="LaFloresta" uid="10529535" lat="-19.2929265" lon="-47.5394498"/>
 <node id="7889016745" visible="true" version="1" changeset="90620743" timestamp="2020-09-09T05:55:50Z" user="LaFloresta" uid="10529535" lat="-19.2928752" lon="-47.5394632"/>
 <node id="7889016746" visible="true" version="1" changeset="90620743" timestamp="2020-09-09T05:55:50Z" user="LaFloresta" uid="10529535" lat="-19.2928214" lon="-47.5394632"/>
 <node id="7889016747" visible="true" version="1" changeset="90620743" timestamp="2020-09-09T05:55:50Z" user="LaFloresta" uid="10529535" lat="-19.2927651" lon="-47.5394478"/>
 <node id="7889016748" visible="true" version="1" changeset="90620743" timestamp="2020-09-09T05:55:50Z" user="LaFloresta" uid="10529535" lat="-19.2927069" lon="-47.5394089"/>
 <node id="7889016749" visible="true" version="1" changeset="90620743" timestamp="2020-09-09T05:55:50Z" user="LaFloresta" uid="10529535" lat="-19.2926689" lon="-47.5393640"/>
 <node id="7889016750" visible="true" version="1" changeset="90620743" timestamp="2020-09-09T05:55:50Z" user="LaFloresta" uid="10529535" lat="-19.2925714" lon="-47.5391876"/>
 <node id="7889016751" visible="true" version="1" changeset="90620743" timestamp="2020-09-09T05:55:50Z" user="LaFloresta" uid="10529535" lat="-19.2960675" lon="-47.5373831"/>
 <node id="7889016752" visible="true" version="1" changeset="90620743" timestamp="2020-09-09T05:55:50Z" user="LaFloresta" uid="10529535" lat="-19.2955979" lon="-47.5378807"/>
 <node id="7889016753" visible="true" version="1" changeset="90620743" timestamp="2020-09-09T05:55:50Z" user="LaFloresta" uid="10529535" lat="-19.2952815" lon="-47.5381650"/>
 <node id="7889016754" visible="true" version="1" changeset="90620743" timestamp="2020-09-09T05:55:50Z" user="LaFloresta" uid="10529535" lat="-19.2949397" lon="-47.5383970"/>
 <node id="7889016755" visible="true" version="1" changeset="90620743" timestamp="2020-09-09T05:55:50Z" user="LaFloresta" uid="10529535" lat="-19.2948549" lon="-47.5384386"/>
 <node id="7889016756" visible="true" version="1" changeset="90620743" timestamp="2020-09-09T05:55:50Z" user="LaFloresta" uid="10529535" lat="-19.2947422" lon="-47.5384788"/>
 <node id="7889016757" visible="true" version="1" changeset="90620743" timestamp="2020-09-09T05:55:50Z" user="LaFloresta" uid="10529535" lat="-19.2946005" lon="-47.5385204"/>
 <node id="7889016758" visible="true" version="1" changeset="90620743" timestamp="2020-09-09T05:55:50Z" user="LaFloresta" uid="10529535" lat="-19.2945359" lon="-47.5385486"/>
 <node id="7889016759" visible="true" version="1" changeset="90620743" timestamp="2020-09-09T05:55:50Z" user="LaFloresta" uid="10529535" lat="-19.2944638" lon="-47.5386049"/>
 <node id="7889016760" visible="true" version="1" changeset="90620743" timestamp="2020-09-09T05:55:50Z" user="LaFloresta" uid="10529535" lat="-19.2941271" lon="-47.5388744"/>
 <node id="7889016761" visible="true" version="1" changeset="90620743" timestamp="2020-09-09T05:55:50Z" user="LaFloresta" uid="10529535" lat="-19.2940638" lon="-47.5389147"/>
 <node id="7889016762" visible="true" version="1" changeset="90620743" timestamp="2020-09-09T05:55:50Z" user="LaFloresta" uid="10529535" lat="-19.2939840" lon="-47.5389563"/>
 <node id="7889016763" visible="true" version="1" changeset="90620743" timestamp="2020-09-09T05:55:50Z" user="LaFloresta" uid="10529535" lat="-19.2934068" lon="-47.5392084"/>
 <node id="7889016764" visible="true" version="1" changeset="90620743" timestamp="2020-09-09T05:55:50Z" user="LaFloresta" uid="10529535" lat="-19.2936334" lon="-47.5391024"/>
 <node id="7889016765" visible="true" version="1" changeset="90620743" timestamp="2020-09-09T05:55:50Z" user="LaFloresta" uid="10529535" lat="-19.2931701" lon="-47.5393237"/>
 <node id="7889016766" visible="true" version="1" changeset="90620743" timestamp="2020-09-09T05:55:50Z" user="LaFloresta" uid="10529535" lat="-19.2932600" lon="-47.5380966"/>
 <node id="7889016767" visible="true" version="1" changeset="90620743" timestamp="2020-09-09T05:55:50Z" user="LaFloresta" uid="10529535" lat="-19.2933663" lon="-47.5380470"/>
 <node id="7889016768" visible="true" version="1" changeset="90620743" timestamp="2020-09-09T05:55:50Z" user="LaFloresta" uid="10529535" lat="-19.2937587" lon="-47.5378847"/>
 <node id="7889016769" visible="true" version="1" changeset="90620743" timestamp="2020-09-09T05:55:50Z" user="LaFloresta" uid="10529535" lat="-19.2938284" lon="-47.5378498"/>
 <node id="7889016770" visible="true" version="1" changeset="90620743" timestamp="2020-09-09T05:55:50Z" user="LaFloresta" uid="10529535" lat="-19.2938980" lon="-47.5378056"/>
 <node id="7889016771" visible="true" version="1" changeset="90620743" timestamp="2020-09-09T05:55:50Z" user="LaFloresta" uid="10529535" lat="-19.2944499" lon="-47.5374126"/>
 <node id="7889016772" visible="true" version="1" changeset="90620743" timestamp="2020-09-09T05:55:50Z" user="LaFloresta" uid="10529535" lat="-19.2955498" lon="-47.5366925"/>
 <node id="7889016773" visible="true" version="1" changeset="90620743" timestamp="2020-09-09T05:55:50Z" user="LaFloresta" uid="10529535" lat="-19.2951321" lon="-47.5369808"/>
 <node id="7889016774" visible="true" version="1" changeset="90620743" timestamp="2020-09-09T05:55:50Z" user="LaFloresta" uid="10529535" lat="-19.2959254" lon="-47.5365392"/>
 <node id="7889016775" visible="true" version="1" changeset="90620743" timestamp="2020-09-09T05:55:50Z" user="LaFloresta" uid="10529535" lat="-19.2958998" lon="-47.5365329"/>
 <node id="7889016776" visible="true" version="1" changeset="90620743" timestamp="2020-09-09T05:55:50Z" user="LaFloresta" uid="10529535" lat="-19.2958688" lon="-47.5365342"/>
 <node id="7889016777" visible="true" version="1" changeset="90620743" timestamp="2020-09-09T05:55:50Z" user="LaFloresta" uid="10529535" lat="-19.2958156" lon="-47.5365463"/>
 <node id="7889016778" visible="true" version="1" changeset="90620743" timestamp="2020-09-09T05:55:50Z" user="LaFloresta" uid="10529535" lat="-19.2957435" lon="-47.5365718"/>
 <node id="7889016779" visible="true" version="1" changeset="90620743" timestamp="2020-09-09T05:55:50Z" user="LaFloresta" uid="10529535" lat="-19.2959511" lon="-47.5365580"/>
 <node id="7889016780" visible="true" version="1" changeset="90620743" timestamp="2020-09-09T05:55:50Z" user="LaFloresta" uid="10529535" lat="-19.2959666" lon="-47.5365812"/>
 <node id="7889016781" visible="true" version="1" changeset="90620743" timestamp="2020-09-09T05:55:50Z" user="LaFloresta" uid="10529535" lat="-19.2960384" lon="-47.5367394"/>
 <node id="7889016782" visible="true" version="1" changeset="90620743" timestamp="2020-09-09T05:55:50Z" user="LaFloresta" uid="10529535" lat="-19.2960814" lon="-47.5368480"/>
 <node id="7889016783" visible="true" version="1" changeset="90620743" timestamp="2020-09-09T05:55:50Z" user="LaFloresta" uid="10529535" lat="-19.2962067" lon="-47.5370801"/>
 <node id="7889016784" visible="true" version="1" changeset="90620743" timestamp="2020-09-09T05:55:50Z" user="LaFloresta" uid="10529535" lat="-19.2962194" lon="-47.5371283"/>
 <node id="7889017385" visible="true" version="1" changeset="90619790" timestamp="2020-09-09T05:40:50Z" user="LaFloresta" uid="10529535" lat="-19.2634809" lon="-47.5567152"/>
 <node id="7889017386" visible="true" version="1" changeset="90619790" timestamp="2020-09-09T05:40:50Z" user="LaFloresta" uid="10529535" lat="-19.2632872" lon="-47.5568359"/>
 <node id="7889017387" visible="true" version="1" changeset="90619790" timestamp="2020-09-09T05:40:50Z" user="LaFloresta" uid="10529535" lat="-19.2631707" lon="-47.5569324"/>
 <node id="7889017388" visible="true" version="1" changeset="90619790" timestamp="2020-09-09T05:40:50Z" user="LaFloresta" uid="10529535" lat="-19.2630340" lon="-47.5570531"/>
 <node id="7889017389" visible="true" version="1" changeset="90619790" timestamp="2020-09-09T05:40:50Z" user="LaFloresta" uid="10529535" lat="-19.2628606" lon="-47.5571644"/>
 <node id="7889017390" visible="true" version="1" changeset="90619790" timestamp="2020-09-09T05:40:50Z" user="LaFloresta" uid="10529535" lat="-19.2614920" lon="-47.5579047"/>
 <node id="7889017391" visible="true" version="1" changeset="90619790" timestamp="2020-09-09T05:40:50Z" user="LaFloresta" uid="10529535" lat="-19.2597005" lon="-47.5588448"/>
 <node id="7889017392" visible="true" version="1" changeset="90619790" timestamp="2020-09-09T05:40:50Z" user="LaFloresta" uid="10529535" lat="-19.2592460" lon="-47.5590862"/>
 <node id="7889017397" visible="true" version="2" changeset="177996018" timestamp="2026-02-02T08:40:32Z" user="LakeVan" uid="22315977" lat="-19.3014582" lon="-47.5295736"/>
 <node id="7889017398" visible="true" version="1" changeset="90619790" timestamp="2020-09-09T05:40:50Z" user="LaFloresta" uid="10529535" lat="-19.3005153" lon="-47.5301506"/>
 <node id="7889017399" visible="true" version="1" changeset="90619790" timestamp="2020-09-09T05:40:50Z" user="LaFloresta" uid="10529535" lat="-19.3003900" lon="-47.5302351"/>
 <node id="7889017400" visible="true" version="1" changeset="90619790" timestamp="2020-09-09T05:40:50Z" user="LaFloresta" uid="10529535" lat="-19.2999280" lon="-47.5306870"/>
 <node id="7889017401" visible="true" version="1" changeset="90619790" timestamp="2020-09-09T05:40:50Z" user="LaFloresta" uid="10529535" lat="-19.2998027" lon="-47.5308305"/>
 <node id="7889017402" visible="true" version="1" changeset="90619790" timestamp="2020-09-09T05:40:50Z" user="LaFloresta" uid="10529535" lat="-19.2997116" lon="-47.5309700"/>
 <node id="7889017403" visible="true" version="1" changeset="90619790" timestamp="2020-09-09T05:40:50Z" user="LaFloresta" uid="10529535" lat="-19.2993066" lon="-47.5319248"/>
 <node id="7889017404" visible="true" version="1" changeset="90619790" timestamp="2020-09-09T05:40:50Z" user="LaFloresta" uid="10529535" lat="-19.2992230" lon="-47.5322534"/>
 <node id="7889017405" visible="true" version="1" changeset="90619790" timestamp="2020-09-09T05:40:50Z" user="LaFloresta" uid="10529535" lat="-19.2992104" lon="-47.5324385"/>
 <node id="7889017406" visible="true" version="1" changeset="90619790" timestamp="2020-09-09T05:40:50Z" user="LaFloresta" uid="10529535" lat="-19.2992357" lon="-47.5327805"/>
 <node id="7889017407" visible="true" version="1" changeset="90619790" timestamp="2020-09-09T05:40:50Z" user="LaFloresta" uid="10529535" lat="-19.2993926" lon="-47.5336643"/>
 <node id="7889017408" visible="true" version="1" changeset="90619790" timestamp="2020-09-09T05:40:50Z" user="LaFloresta" uid="10529535" lat="-19.2994888" lon="-47.5340518"/>
 <node id="7889017409" visible="true" version="1" changeset="90619790" timestamp="2020-09-09T05:40:50Z" user="LaFloresta" uid="10529535" lat="-19.2998192" lon="-47.5352186"/>
 <node id="7889017410" visible="true" version="1" changeset="90619790" timestamp="2020-09-09T05:40:50Z" user="LaFloresta" uid="10529535" lat="-19.2998648" lon="-47.5353138"/>
 <node id="7889017411" visible="true" version="1" changeset="90619790" timestamp="2020-09-09T05:40:50Z" user="LaFloresta" uid="10529535" lat="-19.3007672" lon="-47.5368326"/>
 <node id="7889017412" visible="true" version="1" changeset="90619790" timestamp="2020-09-09T05:40:50Z" user="LaFloresta" uid="10529535" lat="-19.3007793" lon="-47.5368956"/>
 <node id="7889017413" visible="true" version="1" changeset="90619790" timestamp="2020-09-09T05:40:50Z" user="LaFloresta" uid="10529535" lat="-19.3007698" lon="-47.5369433"/>
 <node id="7889017414" visible="true" version="1" changeset="90619790" timestamp="2020-09-09T05:40:50Z" user="LaFloresta" uid="10529535" lat="-19.2994635" lon="-47.5376835"/>
 <node id="7889025661" visible="true" version="1" changeset="90620187" timestamp="2020-09-09T05:47:25Z" user="LaFloresta" uid="10529535" lat="-19.2978611" lon="-47.5392758"/>
 <node id="7889025662" visible="true" version="1" changeset="90620187" timestamp="2020-09-09T05:47:25Z" user="LaFloresta" uid="10529535" lat="-19.2978446" lon="-47.5393452"/>
 <node id="7889025663" visible="true" version="1" changeset="90620187" timestamp="2020-09-09T05:47:25Z" user="LaFloresta" uid="10529535" lat="-19.2978079" lon="-47.5394565"/>
 <node id="7889025664" visible="true" version="1" changeset="90620187" timestamp="2020-09-09T05:47:25Z" user="LaFloresta" uid="10529535" lat="-19.2977383" lon="-47.5396308"/>
 <node id="7889025665" visible="true" version="1" changeset="90620187" timestamp="2020-09-09T05:47:25Z" user="LaFloresta" uid="10529535" lat="-19.2975674" lon="-47.5400278"/>
 <node id="7889025666" visible="true" version="1" changeset="90620187" timestamp="2020-09-09T05:47:25Z" user="LaFloresta" uid="10529535" lat="-19.2969434" lon="-47.5414360"/>
 <node id="7889025667" visible="true" version="1" changeset="90620187" timestamp="2020-09-09T05:47:25Z" user="LaFloresta" uid="10529535" lat="-19.2963434" lon="-47.5427717"/>
 <node id="7889025668" visible="true" version="1" changeset="90620187" timestamp="2020-09-09T05:47:25Z" user="LaFloresta" uid="10529535" lat="-19.2959460" lon="-47.5436756"/>
 <node id="7889025669" visible="true" version="1" changeset="90620187" timestamp="2020-09-09T05:47:25Z" user="LaFloresta" uid="10529535" lat="-19.2953549" lon="-47.5449523"/>
 <node id="7889025670" visible="true" version="1" changeset="90620187" timestamp="2020-09-09T05:47:25Z" user="LaFloresta" uid="10529535" lat="-19.2952663" lon="-47.5451320"/>
 <node id="7889025671" visible="true" version="1" changeset="90620187" timestamp="2020-09-09T05:47:25Z" user="LaFloresta" uid="10529535" lat="-19.2952182" lon="-47.5452232"/>
 <node id="7889025672" visible="true" version="1" changeset="90620187" timestamp="2020-09-09T05:47:25Z" user="LaFloresta" uid="10529535" lat="-19.2950713" lon="-47.5454378"/>
 <node id="7889025673" visible="true" version="1" changeset="90620187" timestamp="2020-09-09T05:47:25Z" user="LaFloresta" uid="10529535" lat="-19.2941828" lon="-47.5466435"/>
 <node id="7889025674" visible="true" version="1" changeset="90620187" timestamp="2020-09-09T05:47:25Z" user="LaFloresta" uid="10529535" lat="-19.2936486" lon="-47.5473610"/>
 <node id="7889025675" visible="true" version="1" changeset="90620187" timestamp="2020-09-09T05:47:25Z" user="LaFloresta" uid="10529535" lat="-19.2931904" lon="-47.5479698"/>
 <node id="7889025676" visible="true" version="1" changeset="90620187" timestamp="2020-09-09T05:47:25Z" user="LaFloresta" uid="10529535" lat="-19.2928929" lon="-47.5483681"/>
 <node id="7889025677" visible="true" version="1" changeset="90620187" timestamp="2020-09-09T05:47:25Z" user="LaFloresta" uid="10529535" lat="-19.2928499" lon="-47.5484325"/>
 <node id="7889025678" visible="true" version="1" changeset="90620187" timestamp="2020-09-09T05:47:25Z" user="LaFloresta" uid="10529535" lat="-19.2928195" lon="-47.5485063"/>
 <node id="7889025679" visible="true" version="1" changeset="90620187" timestamp="2020-09-09T05:47:25Z" user="LaFloresta" uid="10529535" lat="-19.2924588" lon="-47.5495349"/>
 <node id="7889025680" visible="true" version="1" changeset="90620187" timestamp="2020-09-09T05:47:25Z" user="LaFloresta" uid="10529535" lat="-19.2926309" lon="-47.5490266"/>
 <node id="7889025681" visible="true" version="1" changeset="90620187" timestamp="2020-09-09T05:47:25Z" user="LaFloresta" uid="10529535" lat="-19.2923360" lon="-47.5499184"/>
 <node id="7889025682" visible="true" version="1" changeset="90620187" timestamp="2020-09-09T05:47:25Z" user="LaFloresta" uid="10529535" lat="-19.2921246" lon="-47.5505877"/>
 <node id="7889025683" visible="true" version="1" changeset="90620187" timestamp="2020-09-09T05:47:25Z" user="LaFloresta" uid="10529535" lat="-19.2918132" lon="-47.5517061"/>
 <node id="7889025684" visible="true" version="1" changeset="90620187" timestamp="2020-09-09T05:47:25Z" user="LaFloresta" uid="10529535" lat="-19.2915195" lon="-47.5528072"/>
 <node id="7889032585" visible="true" version="1" changeset="90620187" timestamp="2020-09-09T05:47:25Z" user="LaFloresta" uid="10529535" lat="-19.2912525" lon="-47.5538264"/>
 <node id="7889032586" visible="true" version="1" changeset="90620187" timestamp="2020-09-09T05:47:25Z" user="LaFloresta" uid="10529535" lat="-19.2909385" lon="-47.5550133"/>
 <node id="7889032587" visible="true" version="1" changeset="90620187" timestamp="2020-09-09T05:47:25Z" user="LaFloresta" uid="10529535" lat="-19.2906829" lon="-47.5559708"/>
 <node id="7889032588" visible="true" version="1" changeset="90620187" timestamp="2020-09-09T05:47:25Z" user="LaFloresta" uid="10529535" lat="-19.2906423" lon="-47.5560674"/>
 <node id="7889032589" visible="true" version="1" changeset="90620187" timestamp="2020-09-09T05:47:25Z" user="LaFloresta" uid="10529535" lat="-19.2905866" lon="-47.5561532"/>
 <node id="7889032590" visible="true" version="1" changeset="90620187" timestamp="2020-09-09T05:47:25Z" user="LaFloresta" uid="10529535" lat="-19.2905170" lon="-47.5562136"/>
 <node id="7889032591" visible="true" version="1" changeset="90620187" timestamp="2020-09-09T05:47:25Z" user="LaFloresta" uid="10529535" lat="-19.2904132" lon="-47.5562739"/>
 <node id="7889032592" visible="true" version="1" changeset="90620187" timestamp="2020-09-09T05:47:25Z" user="LaFloresta" uid="10529535" lat="-19.2893727" lon="-47.5567567"/>
 <node id="7889032593" visible="true" version="1" changeset="90620187" timestamp="2020-09-09T05:47:25Z" user="LaFloresta" uid="10529535" lat="-19.2885246" lon="-47.5571510"/>
 <node id="7889032594" visible="true" version="1" changeset="90620187" timestamp="2020-09-09T05:47:25Z" user="LaFloresta" uid="10529535" lat="-19.2881917" lon="-47.5573079"/>
 <node id="7889032595" visible="true" version="1" changeset="90620187" timestamp="2020-09-09T05:47:25Z" user="LaFloresta" uid="10529535" lat="-19.2881512" lon="-47.5573321"/>
 <node id="7889032596" visible="true" version="1" changeset="90620187" timestamp="2020-09-09T05:47:25Z" user="LaFloresta" uid="10529535" lat="-19.2880917" lon="-47.5573817"/>
 <node id="7889032597" visible="true" version="1" changeset="90620187" timestamp="2020-09-09T05:47:25Z" user="LaFloresta" uid="10529535" lat="-19.2878474" lon="-47.5576164"/>
 <node id="7889032598" visible="true" version="1" changeset="90620187" timestamp="2020-09-09T05:47:25Z" user="LaFloresta" uid="10529535" lat="-19.2874499" lon="-47.5580603"/>
 <node id="7889032599" visible="true" version="1" changeset="90620187" timestamp="2020-09-09T05:47:25Z" user="LaFloresta" uid="10529535" lat="-19.2867904" lon="-47.5588086"/>
 <node id="7889032600" visible="true" version="1" changeset="90620187" timestamp="2020-09-09T05:47:25Z" user="LaFloresta" uid="10529535" lat="-19.2860056" lon="-47.5596629"/>
 <node id="7889032601" visible="true" version="1" changeset="90620187" timestamp="2020-09-09T05:47:25Z" user="LaFloresta" uid="10529535" lat="-19.2859714" lon="-47.5596964"/>
 <node id="7889032602" visible="true" version="1" changeset="90620187" timestamp="2020-09-09T05:47:25Z" user="LaFloresta" uid="10529535" lat="-19.2859373" lon="-47.5597501"/>
 <node id="7889032603" visible="true" version="1" changeset="90620187" timestamp="2020-09-09T05:47:25Z" user="LaFloresta" uid="10529535" lat="-19.2862563" lon="-47.5593933"/>
 <node id="7889032604" visible="true" version="1" changeset="90620187" timestamp="2020-09-09T05:47:25Z" user="LaFloresta" uid="10529535" lat="-19.2978761" lon="-47.5391912"/>
 <node id="7889032605" visible="true" version="1" changeset="90620187" timestamp="2020-09-09T05:47:25Z" user="LaFloresta" uid="10529535" lat="-19.2858822" lon="-47.5598715"/>
 <node id="7889032608" visible="true" version="1" changeset="90620187" timestamp="2020-09-09T05:47:25Z" user="LaFloresta" uid="10529535" lat="-19.3005697" lon="-47.5482211"/>
 <node id="7889032609" visible="true" version="1" changeset="90620187" timestamp="2020-09-09T05:47:25Z" user="LaFloresta" uid="10529535" lat="-19.3004693" lon="-47.5480785"/>
 <node id="7889032628" visible="true" version="1" changeset="90620187" timestamp="2020-09-09T05:47:25Z" user="LaFloresta" uid="10529535" lat="-19.2977813" lon="-47.5390850"/>
 <node id="7889032629" visible="true" version="1" changeset="90620187" timestamp="2020-09-09T05:47:25Z" user="LaFloresta" uid="10529535" lat="-19.2979143" lon="-47.5392339"/>
 <node id="7889032630" visible="true" version="1" changeset="90620187" timestamp="2020-09-09T05:47:25Z" user="LaFloresta" uid="10529535" lat="-19.2979902" lon="-47.5393331"/>
 <node id="7889032631" visible="true" version="1" changeset="90620187" timestamp="2020-09-09T05:47:25Z" user="LaFloresta" uid="10529535" lat="-19.2981370" lon="-47.5396094"/>
 <node id="7889032632" visible="true" version="1" changeset="90620187" timestamp="2020-09-09T05:47:25Z" user="LaFloresta" uid="10529535" lat="-19.2982320" lon="-47.5397904"/>
 <node id="7889032633" visible="true" version="1" changeset="90620187" timestamp="2020-09-09T05:47:25Z" user="LaFloresta" uid="10529535" lat="-19.2983028" lon="-47.5399326"/>
 <node id="7889032634" visible="true" version="1" changeset="90620187" timestamp="2020-09-09T05:47:25Z" user="LaFloresta" uid="10529535" lat="-19.2984180" lon="-47.5402531"/>
 <node id="7889032635" visible="true" version="1" changeset="90620187" timestamp="2020-09-09T05:47:25Z" user="LaFloresta" uid="10529535" lat="-19.2987243" lon="-47.5413957"/>
 <node id="7889032636" visible="true" version="1" changeset="90620187" timestamp="2020-09-09T05:47:25Z" user="LaFloresta" uid="10529535" lat="-19.2995142" lon="-47.5442845"/>
 <node id="7889032637" visible="true" version="1" changeset="90620187" timestamp="2020-09-09T05:47:25Z" user="LaFloresta" uid="10529535" lat="-19.2994053" lon="-47.5438741"/>
 <node id="7889032638" visible="true" version="1" changeset="90620187" timestamp="2020-09-09T05:47:25Z" user="LaFloresta" uid="10529535" lat="-19.2995990" lon="-47.5446881"/>
 <node id="7889032639" visible="true" version="1" changeset="90620187" timestamp="2020-09-09T05:47:25Z" user="LaFloresta" uid="10529535" lat="-19.2996192" lon="-47.5448652"/>
 <node id="7889032640" visible="true" version="1" changeset="90620187" timestamp="2020-09-09T05:47:25Z" user="LaFloresta" uid="10529535" lat="-19.2996344" lon="-47.5450140"/>
 <node id="7889032641" visible="true" version="1" changeset="90620187" timestamp="2020-09-09T05:47:25Z" user="LaFloresta" uid="10529535" lat="-19.2996622" lon="-47.5458817"/>
 <node id="7889032642" visible="true" version="1" changeset="90620187" timestamp="2020-09-09T05:47:25Z" user="LaFloresta" uid="10529535" lat="-19.2996673" lon="-47.5460896"/>
 <node id="7889032643" visible="true" version="1" changeset="90620187" timestamp="2020-09-09T05:47:25Z" user="LaFloresta" uid="10529535" lat="-19.2996686" lon="-47.5462465"/>
 <node id="7889032644" visible="true" version="1" changeset="90620187" timestamp="2020-09-09T05:47:25Z" user="LaFloresta" uid="10529535" lat="-19.2996762" lon="-47.5464289"/>
 <node id="7889032645" visible="true" version="1" changeset="90620187" timestamp="2020-09-09T05:47:25Z" user="LaFloresta" uid="10529535" lat="-19.2997458" lon="-47.5467561"/>
 <node id="7889032646" visible="true" version="1" changeset="90620187" timestamp="2020-09-09T05:47:25Z" user="LaFloresta" uid="10529535" lat="-19.2998394" lon="-47.5470713"/>
 <node id="7889032647" visible="true" version="1" changeset="90620187" timestamp="2020-09-09T05:47:25Z" user="LaFloresta" uid="10529535" lat="-19.2999382" lon="-47.5473033"/>
 <node id="7889032648" visible="true" version="1" changeset="90620187" timestamp="2020-09-09T05:47:25Z" user="LaFloresta" uid="10529535" lat="-19.3000622" lon="-47.5475366"/>
 <node id="7889032649" visible="true" version="1" changeset="90620187" timestamp="2020-09-09T05:47:25Z" user="LaFloresta" uid="10529535" lat="-19.3001559" lon="-47.5476721"/>
 <node id="7889032650" visible="true" version="1" changeset="90620187" timestamp="2020-09-09T05:47:25Z" user="LaFloresta" uid="10529535" lat="-19.3003824" lon="-47.5479551"/>
 <node id="7889032651" visible="true" version="1" changeset="90620187" timestamp="2020-09-09T05:47:25Z" user="LaFloresta" uid="10529535" lat="-19.3006723" lon="-47.5483668"/>
 <node id="7889032652" visible="true" version="1" changeset="90620187" timestamp="2020-09-09T05:47:25Z" user="LaFloresta" uid="10529535" lat="-19.3007799" lon="-47.5485787"/>
 <node id="7889032653" visible="true" version="1" changeset="90620187" timestamp="2020-09-09T05:47:25Z" user="LaFloresta" uid="10529535" lat="-19.3008672" lon="-47.5488053"/>
 <node id="7889032654" visible="true" version="1" changeset="90620187" timestamp="2020-09-09T05:47:25Z" user="LaFloresta" uid="10529535" lat="-19.3008951" lon="-47.5489233"/>
 <node id="7889032655" visible="true" version="1" changeset="90620187" timestamp="2020-09-09T05:47:25Z" user="LaFloresta" uid="10529535" lat="-19.3009077" lon="-47.5490266"/>
 <node id="7889032656" visible="true" version="1" changeset="90620187" timestamp="2020-09-09T05:47:25Z" user="LaFloresta" uid="10529535" lat="-19.3009039" lon="-47.5494021"/>
 <node id="7889032657" visible="true" version="1" changeset="90620187" timestamp="2020-09-09T05:47:25Z" user="LaFloresta" uid="10529535" lat="-19.3008685" lon="-47.5502658"/>
 <node id="7889032658" visible="true" version="1" changeset="90620187" timestamp="2020-09-09T05:47:25Z" user="LaFloresta" uid="10529535" lat="-19.3008368" lon="-47.5505018"/>
 <node id="7889032659" visible="true" version="1" changeset="90620187" timestamp="2020-09-09T05:47:25Z" user="LaFloresta" uid="10529535" lat="-19.3007900" lon="-47.5506708"/>
 <node id="7889032660" visible="true" version="1" changeset="90620187" timestamp="2020-09-09T05:47:25Z" user="LaFloresta" uid="10529535" lat="-19.3007571" lon="-47.5507419"/>
 <node id="7889032661" visible="true" version="1" changeset="90620187" timestamp="2020-09-09T05:47:25Z" user="LaFloresta" uid="10529535" lat="-19.3007255" lon="-47.5507902"/>
 <node id="7889032662" visible="true" version="1" changeset="90620187" timestamp="2020-09-09T05:47:25Z" user="LaFloresta" uid="10529535" lat="-19.3006850" lon="-47.5508197"/>
 <node id="7889032663" visible="true" version="1" changeset="90620187" timestamp="2020-09-09T05:47:25Z" user="LaFloresta" uid="10529535" lat="-19.3006331" lon="-47.5508250"/>
 <node id="7889032675" visible="true" version="1" changeset="90620187" timestamp="2020-09-09T05:47:25Z" user="LaFloresta" uid="10529535" lat="-19.3005571" lon="-47.5508009"/>
 <node id="7889032676" visible="true" version="1" changeset="90620187" timestamp="2020-09-09T05:47:25Z" user="LaFloresta" uid="10529535" lat="-19.3003470" lon="-47.5509270"/>
 <node id="7889032677" visible="true" version="1" changeset="90620187" timestamp="2020-09-09T05:47:25Z" user="LaFloresta" uid="10529535" lat="-19.2999939" lon="-47.5511590"/>
 <node id="7889032678" visible="true" version="1" changeset="90620187" timestamp="2020-09-09T05:47:25Z" user="LaFloresta" uid="10529535" lat="-19.2999597" lon="-47.5511871"/>
 <node id="7889032679" visible="true" version="1" changeset="90620187" timestamp="2020-09-09T05:47:25Z" user="LaFloresta" uid="10529535" lat="-19.2998951" lon="-47.5512636"/>
 <node id="7889032680" visible="true" version="1" changeset="90620187" timestamp="2020-09-09T05:47:25Z" user="LaFloresta" uid="10529535" lat="-19.2998559" lon="-47.5513306"/>
 <node id="7889032681" visible="true" version="1" changeset="90620187" timestamp="2020-09-09T05:47:25Z" user="LaFloresta" uid="10529535" lat="-19.2998319" lon="-47.5514326"/>
 <node id="7889032682" visible="true" version="1" changeset="90620187" timestamp="2020-09-09T05:47:25Z" user="LaFloresta" uid="10529535" lat="-19.2998356" lon="-47.5516015"/>
 <node id="7889050785" visible="true" version="1" changeset="90620743" timestamp="2020-09-09T05:55:50Z" user="LaFloresta" uid="10529535" lat="-19.2962143" lon="-47.5371780"/>
 <node id="7889050786" visible="true" version="1" changeset="90620743" timestamp="2020-09-09T05:55:50Z" user="LaFloresta" uid="10529535" lat="-19.2961890" lon="-47.5372289"/>
 <node id="7889050787" visible="true" version="1" changeset="90620743" timestamp="2020-09-09T05:55:50Z" user="LaFloresta" uid="10529535" lat="-19.2927138" lon="-47.5387558"/>
 <node id="7889050788" visible="true" version="1" changeset="90620743" timestamp="2020-09-09T05:55:50Z" user="LaFloresta" uid="10529535" lat="-19.2927689" lon="-47.5383756"/>
 <node id="7889050789" visible="true" version="1" changeset="90620743" timestamp="2020-09-09T05:55:50Z" user="LaFloresta" uid="10529535" lat="-19.2921904" lon="-47.5387175"/>
 <node id="7889050790" visible="true" version="1" changeset="90620743" timestamp="2020-09-09T05:55:50Z" user="LaFloresta" uid="10529535" lat="-19.2921537" lon="-47.5387417"/>
 <node id="7889050791" visible="true" version="1" changeset="90620743" timestamp="2020-09-09T05:55:50Z" user="LaFloresta" uid="10529535" lat="-19.2921360" lon="-47.5387725"/>
 <node id="7889050792" visible="true" version="1" changeset="90620743" timestamp="2020-09-09T05:55:50Z" user="LaFloresta" uid="10529535" lat="-19.2921322" lon="-47.5388168"/>
 <node id="7889050793" visible="true" version="1" changeset="90620743" timestamp="2020-09-09T05:55:50Z" user="LaFloresta" uid="10529535" lat="-19.2921436" lon="-47.5388718"/>
 <node id="7889050794" visible="true" version="1" changeset="90620743" timestamp="2020-09-09T05:55:50Z" user="LaFloresta" uid="10529535" lat="-19.2923600" lon="-47.5393948"/>
 <node id="7889050795" visible="true" version="1" changeset="90620743" timestamp="2020-09-09T05:55:50Z" user="LaFloresta" uid="10529535" lat="-19.2931093" lon="-47.5410971"/>
 <node id="7889050845" visible="true" version="1" changeset="90620743" timestamp="2020-09-09T05:55:50Z" user="LaFloresta" uid="10529535" lat="-19.2930081" lon="-47.5411522"/>
 <node id="7889063270" visible="true" version="1" changeset="90621478" timestamp="2020-09-09T06:07:07Z" user="LaFloresta" uid="10529535" lat="-19.2721156" lon="-47.5522332"/>
 <node id="7889063272" visible="true" version="1" changeset="90621478" timestamp="2020-09-09T06:07:07Z" user="LaFloresta" uid="10529535" lat="-19.2723059" lon="-47.5521293"/>
 <node id="7889124422" visible="true" version="1" changeset="90623036" timestamp="2020-09-09T06:30:15Z" user="LaFloresta" uid="10529535" lat="-19.3089171" lon="-47.5379075"/>
 <node id="7889124423" visible="true" version="1" changeset="90623036" timestamp="2020-09-09T06:30:15Z" user="LaFloresta" uid="10529535" lat="-19.3094398" lon="-47.5404261"/>
 <node id="7889124424" visible="true" version="1" changeset="90623036" timestamp="2020-09-09T06:30:15Z" user="LaFloresta" uid="10529535" lat="-19.3096752" lon="-47.5417726"/>
 <node id="7889124425" visible="true" version="1" changeset="90623036" timestamp="2020-09-09T06:30:15Z" user="LaFloresta" uid="10529535" lat="-19.3099498" lon="-47.5434315"/>
 <node id="7889124426" visible="true" version="1" changeset="90623036" timestamp="2020-09-09T06:30:15Z" user="LaFloresta" uid="10529535" lat="-19.3100524" lon="-47.5438298"/>
 <node id="7889202393" visible="true" version="1" changeset="90625111" timestamp="2020-09-09T07:00:18Z" user="LaFloresta" uid="10529535" lat="-19.2968270" lon="-47.5300138"/>
 <node id="7889202394" visible="true" version="1" changeset="90625111" timestamp="2020-09-09T07:00:18Z" user="LaFloresta" uid="10529535" lat="-19.2969206" lon="-47.5301291"/>
 <node id="7889202395" visible="true" version="1" changeset="90625111" timestamp="2020-09-09T07:00:18Z" user="LaFloresta" uid="10529535" lat="-19.2972542" lon="-47.5304624"/>
 <node id="7889202396" visible="true" version="1" changeset="90625111" timestamp="2020-09-09T07:00:18Z" user="LaFloresta" uid="10529535" lat="-19.2972795" lon="-47.5304791"/>
 <node id="7889202397" visible="true" version="1" changeset="90625111" timestamp="2020-09-09T07:00:18Z" user="LaFloresta" uid="10529535" lat="-19.2973168" lon="-47.5304979"/>
 <node id="7889202398" visible="true" version="1" changeset="90625111" timestamp="2020-09-09T07:00:18Z" user="LaFloresta" uid="10529535" lat="-19.2981364" lon="-47.5303370"/>
 <node id="7889202399" visible="true" version="1" changeset="90625111" timestamp="2020-09-09T07:00:18Z" user="LaFloresta" uid="10529535" lat="-19.2978155" lon="-47.5304107"/>
 <node id="7889202400" visible="true" version="1" changeset="90625111" timestamp="2020-09-09T07:00:18Z" user="LaFloresta" uid="10529535" lat="-19.2976864" lon="-47.5304416"/>
 <node id="7889202401" visible="true" version="1" changeset="90625111" timestamp="2020-09-09T07:00:18Z" user="LaFloresta" uid="10529535" lat="-19.2973554" lon="-47.5305006"/>
 <node id="7889202402" visible="true" version="1" changeset="90625111" timestamp="2020-09-09T07:00:18Z" user="LaFloresta" uid="10529535" lat="-19.2983414" lon="-47.5303638"/>
 <node id="7889202403" visible="true" version="1" changeset="90625111" timestamp="2020-09-09T07:00:18Z" user="LaFloresta" uid="10529535" lat="-19.2982661" lon="-47.5303477"/>
 <node id="7889202404" visible="true" version="1" changeset="90625111" timestamp="2020-09-09T07:00:18Z" user="LaFloresta" uid="10529535" lat="-19.2981889" lon="-47.5303370"/>
 <node id="7889202405" visible="true" version="1" changeset="90625111" timestamp="2020-09-09T07:00:18Z" user="LaFloresta" uid="10529535" lat="-19.2980529" lon="-47.5303457"/>
 <node id="7889202406" visible="true" version="1" changeset="90625111" timestamp="2020-09-09T07:00:18Z" user="LaFloresta" uid="10529535" lat="-19.2979567" lon="-47.5303665"/>
 <node id="7889202407" visible="true" version="1" changeset="90625111" timestamp="2020-09-09T07:00:18Z" user="LaFloresta" uid="10529535" lat="-19.2987610" lon="-47.5304952"/>
 <node id="7889202408" visible="true" version="1" changeset="90625111" timestamp="2020-09-09T07:00:18Z" user="LaFloresta" uid="10529535" lat="-19.2991813" lon="-47.5306119"/>
 <node id="7889202409" visible="true" version="1" changeset="90625111" timestamp="2020-09-09T07:00:18Z" user="LaFloresta" uid="10529535" lat="-19.2992585" lon="-47.5306253"/>
 <node id="7889202410" visible="true" version="1" changeset="90625111" timestamp="2020-09-09T07:00:18Z" user="LaFloresta" uid="10529535" lat="-19.2994331" lon="-47.5306360"/>
 <node id="7889202411" visible="true" version="1" changeset="90625111" timestamp="2020-09-09T07:00:18Z" user="LaFloresta" uid="10529535" lat="-19.2994971" lon="-47.5306468"/>
 <node id="7889202412" visible="true" version="1" changeset="90625111" timestamp="2020-09-09T07:00:18Z" user="LaFloresta" uid="10529535" lat="-19.2995692" lon="-47.5306682"/>
 <node id="7889202413" visible="true" version="1" changeset="90625111" timestamp="2020-09-09T07:00:18Z" user="LaFloresta" uid="10529535" lat="-19.2996895" lon="-47.5307165"/>
 <node id="7889202414" visible="true" version="1" changeset="90625111" timestamp="2020-09-09T07:00:18Z" user="LaFloresta" uid="10529535" lat="-19.2998451" lon="-47.5307728"/>
 <node id="7889202415" visible="true" version="1" changeset="90625111" timestamp="2020-09-09T07:00:18Z" user="LaFloresta" uid="10529535" lat="-19.2967485" lon="-47.5299051"/>
 <node id="7889202416" visible="true" version="1" changeset="90625111" timestamp="2020-09-09T07:00:18Z" user="LaFloresta" uid="10529535" lat="-19.2993585" lon="-47.5306354"/>
 <node id="7889202417" visible="true" version="1" changeset="90625111" timestamp="2020-09-09T07:00:18Z" user="LaFloresta" uid="10529535" lat="-19.2990737" lon="-47.5308506"/>
 <node id="7889202418" visible="true" version="1" changeset="90625111" timestamp="2020-09-09T07:00:18Z" user="LaFloresta" uid="10529535" lat="-19.2989534" lon="-47.5309378"/>
 <node id="7889202419" visible="true" version="1" changeset="90625111" timestamp="2020-09-09T07:00:18Z" user="LaFloresta" uid="10529535" lat="-19.2988851" lon="-47.5309780"/>
 <node id="7889202420" visible="true" version="1" changeset="90625111" timestamp="2020-09-09T07:00:18Z" user="LaFloresta" uid="10529535" lat="-19.2987522" lon="-47.5310317"/>
 <node id="7889202421" visible="true" version="1" changeset="90625111" timestamp="2020-09-09T07:00:18Z" user="LaFloresta" uid="10529535" lat="-19.2984940" lon="-47.5311537"/>
 <node id="7889202422" visible="true" version="1" changeset="90625111" timestamp="2020-09-09T07:00:18Z" user="LaFloresta" uid="10529535" lat="-19.2984066" lon="-47.5312100"/>
 <node id="7889202423" visible="true" version="1" changeset="90625111" timestamp="2020-09-09T07:00:18Z" user="LaFloresta" uid="10529535" lat="-19.2983421" lon="-47.5312677"/>
 <node id="7889202424" visible="true" version="1" changeset="90625111" timestamp="2020-09-09T07:00:18Z" user="LaFloresta" uid="10529535" lat="-19.2982750" lon="-47.5313428"/>
 <node id="7889202425" visible="true" version="1" changeset="90625111" timestamp="2020-09-09T07:00:18Z" user="LaFloresta" uid="10529535" lat="-19.2982016" lon="-47.5314648"/>
 <node id="7889202426" visible="true" version="1" changeset="90625111" timestamp="2020-09-09T07:00:18Z" user="LaFloresta" uid="10529535" lat="-19.2979105" lon="-47.5320415"/>
 <node id="7889202427" visible="true" version="1" changeset="90625111" timestamp="2020-09-09T07:00:18Z" user="LaFloresta" uid="10529535" lat="-19.2977307" lon="-47.5323969"/>
 <node id="7889202428" visible="true" version="1" changeset="90625111" timestamp="2020-09-09T07:00:18Z" user="LaFloresta" uid="10529535" lat="-19.2974624" lon="-47.5328314"/>
 <node id="7889202429" visible="true" version="1" changeset="90625111" timestamp="2020-09-09T07:00:18Z" user="LaFloresta" uid="10529535" lat="-19.2972434" lon="-47.5332257"/>
 <node id="7889229056" visible="true" version="1" changeset="90625541" timestamp="2020-09-09T07:06:56Z" user="LaFloresta" uid="10529535" lat="-19.3082361" lon="-47.5371002"/>
 <node id="7889229057" visible="true" version="1" changeset="90625541" timestamp="2020-09-09T07:06:56Z" user="LaFloresta" uid="10529535" lat="-19.3081564" lon="-47.5371565"/>
 <node id="7889229058" visible="true" version="1" changeset="90625541" timestamp="2020-09-09T07:06:56Z" user="LaFloresta" uid="10529535" lat="-19.3081032" lon="-47.5371847"/>
 <node id="7889229059" visible="true" version="1" changeset="90625541" timestamp="2020-09-09T07:06:56Z" user="LaFloresta" uid="10529535" lat="-19.3080146" lon="-47.5372115"/>
 <node id="7889229060" visible="true" version="1" changeset="90625541" timestamp="2020-09-09T07:06:56Z" user="LaFloresta" uid="10529535" lat="-19.3078893" lon="-47.5372584"/>
 <node id="7889229061" visible="true" version="1" changeset="90625541" timestamp="2020-09-09T07:06:56Z" user="LaFloresta" uid="10529535" lat="-19.3078324" lon="-47.5372919"/>
 <node id="7889229062" visible="true" version="1" changeset="90625541" timestamp="2020-09-09T07:06:56Z" user="LaFloresta" uid="10529535" lat="-19.3077906" lon="-47.5373295"/>
 <node id="7889229063" visible="true" version="1" changeset="90625541" timestamp="2020-09-09T07:06:56Z" user="LaFloresta" uid="10529535" lat="-19.3075413" lon="-47.5376433"/>
 <node id="7889229064" visible="true" version="1" changeset="90625541" timestamp="2020-09-09T07:06:56Z" user="LaFloresta" uid="10529535" lat="-19.3081615" lon="-47.5368480"/>
 <node id="7889229065" visible="true" version="1" changeset="90625541" timestamp="2020-09-09T07:06:56Z" user="LaFloresta" uid="10529535" lat="-19.3083349" lon="-47.5370063"/>
 <node id="7889229066" visible="true" version="1" changeset="90625541" timestamp="2020-09-09T07:06:56Z" user="LaFloresta" uid="10529535" lat="-19.3087715" lon="-47.5373818"/>
 <node id="7889229067" visible="true" version="1" changeset="90625541" timestamp="2020-09-09T07:06:56Z" user="LaFloresta" uid="10529535" lat="-19.3088120" lon="-47.5374046"/>
 <node id="7889229068" visible="true" version="1" changeset="90625541" timestamp="2020-09-09T07:06:56Z" user="LaFloresta" uid="10529535" lat="-19.3088576" lon="-47.5374153"/>
 <node id="7889229069" visible="true" version="1" changeset="90625541" timestamp="2020-09-09T07:06:56Z" user="LaFloresta" uid="10529535" lat="-19.3073046" lon="-47.5365677"/>
 <node id="7889229070" visible="true" version="1" changeset="90625541" timestamp="2020-09-09T07:06:56Z" user="LaFloresta" uid="10529535" lat="-19.3072400" lon="-47.5366388"/>
 <node id="7889229071" visible="true" version="1" changeset="90625541" timestamp="2020-09-09T07:06:56Z" user="LaFloresta" uid="10529535" lat="-19.3069046" lon="-47.5371002"/>
 <node id="7889229072" visible="true" version="1" changeset="90625541" timestamp="2020-09-09T07:06:56Z" user="LaFloresta" uid="10529535" lat="-19.3074198" lon="-47.5362620"/>
 <node id="7889229073" visible="true" version="1" changeset="90625541" timestamp="2020-09-09T07:06:56Z" user="LaFloresta" uid="10529535" lat="-19.3075109" lon="-47.5363491"/>
 <node id="7889229074" visible="true" version="1" changeset="90625541" timestamp="2020-09-09T07:06:56Z" user="LaFloresta" uid="10529535" lat="-19.3070122" lon="-47.5358208"/>
 <node id="7889229075" visible="true" version="1" changeset="90625541" timestamp="2020-09-09T07:06:56Z" user="LaFloresta" uid="10529535" lat="-19.3068464" lon="-47.5359334"/>
 <node id="7889229076" visible="true" version="1" changeset="90625541" timestamp="2020-09-09T07:06:56Z" user="LaFloresta" uid="10529535" lat="-19.3068097" lon="-47.5359891"/>
 <node id="7889229077" visible="true" version="1" changeset="90625541" timestamp="2020-09-09T07:06:56Z" user="LaFloresta" uid="10529535" lat="-19.3069780" lon="-47.5358000"/>
 <node id="7889229078" visible="true" version="1" changeset="90625541" timestamp="2020-09-09T07:06:56Z" user="LaFloresta" uid="10529535" lat="-19.3069489" lon="-47.5358000"/>
 <node id="7889229079" visible="true" version="1" changeset="90625541" timestamp="2020-09-09T07:06:56Z" user="LaFloresta" uid="10529535" lat="-19.3069179" lon="-47.5358127"/>
 <node id="7889229080" visible="true" version="1" changeset="90625541" timestamp="2020-09-09T07:06:56Z" user="LaFloresta" uid="10529535" lat="-19.3068932" lon="-47.5358462"/>
 <node id="7889229081" visible="true" version="1" changeset="90625541" timestamp="2020-09-09T07:06:56Z" user="LaFloresta" uid="10529535" lat="-19.3067743" lon="-47.5360373"/>
 <node id="7889229082" visible="true" version="2" changeset="90634134" timestamp="2020-09-09T09:20:36Z" user="LaFloresta" uid="10529535" lat="-19.3063984" lon="-47.5364323"/>
 <node id="7889229083" visible="true" version="2" changeset="90634134" timestamp="2020-09-09T09:20:36Z" user="LaFloresta" uid="10529535" lat="-19.3062351" lon="-47.5365704"/>
 <node id="7889229084" visible="true" version="2" changeset="90634134" timestamp="2020-09-09T09:20:36Z" user="LaFloresta" uid="10529535" lat="-19.3061009" lon="-47.5366898"/>
 <node id="7889234185" visible="true" version="2" changeset="90634134" timestamp="2020-09-09T09:20:36Z" user="LaFloresta" uid="10529535" lat="-19.3061921" lon="-47.5387578"/>
 <node id="7889234186" visible="true" version="1" changeset="90625541" timestamp="2020-09-09T07:06:56Z" user="LaFloresta" uid="10529535" lat="-19.3075944" lon="-47.5364162"/>
 <node id="7889234187" visible="true" version="1" changeset="90625541" timestamp="2020-09-09T07:06:56Z" user="LaFloresta" uid="10529535" lat="-19.3080210" lon="-47.5367287"/>
 <node id="7889234188" visible="true" version="1" changeset="90625541" timestamp="2020-09-09T07:06:56Z" user="LaFloresta" uid="10529535" lat="-19.3083428" lon="-47.5366353"/>
 <node id="7889234189" visible="true" version="1" changeset="90625541" timestamp="2020-09-09T07:06:56Z" user="LaFloresta" uid="10529535" lat="-19.2996607" lon="-47.5318964"/>
 <node id="7889234190" visible="true" version="1" changeset="90625541" timestamp="2020-09-09T07:06:56Z" user="LaFloresta" uid="10529535" lat="-19.2994262" lon="-47.5320160"/>
 <node id="7889234191" visible="true" version="1" changeset="90625541" timestamp="2020-09-09T07:06:56Z" user="LaFloresta" uid="10529535" lat="-19.2993794" lon="-47.5320522"/>
 <node id="7889234192" visible="true" version="1" changeset="90625541" timestamp="2020-09-09T07:06:56Z" user="LaFloresta" uid="10529535" lat="-19.2993433" lon="-47.5320945"/>
 <node id="7889234193" visible="true" version="1" changeset="90625541" timestamp="2020-09-09T07:06:56Z" user="LaFloresta" uid="10529535" lat="-19.2993192" lon="-47.5321414"/>
 <node id="7889234194" visible="true" version="1" changeset="90625541" timestamp="2020-09-09T07:06:56Z" user="LaFloresta" uid="10529535" lat="-19.2992945" lon="-47.5322279"/>
 <node id="7889234195" visible="true" version="1" changeset="90625541" timestamp="2020-09-09T07:06:56Z" user="LaFloresta" uid="10529535" lat="-19.2992819" lon="-47.5323171"/>
 <node id="7889234196" visible="true" version="1" changeset="90625541" timestamp="2020-09-09T07:06:56Z" user="LaFloresta" uid="10529535" lat="-19.2992781" lon="-47.5324640"/>
 <node id="7889234197" visible="true" version="1" changeset="90625541" timestamp="2020-09-09T07:06:56Z" user="LaFloresta" uid="10529535" lat="-19.2992692" lon="-47.5324814"/>
 <node id="7889234198" visible="true" version="1" changeset="90625541" timestamp="2020-09-09T07:06:56Z" user="LaFloresta" uid="10529535" lat="-19.2992591" lon="-47.5324868"/>
 <node id="7889234199" visible="true" version="1" changeset="90625541" timestamp="2020-09-09T07:06:56Z" user="LaFloresta" uid="10529535" lat="-19.2992408" lon="-47.5324881"/>
 <node id="7889234200" visible="true" version="1" changeset="90625541" timestamp="2020-09-09T07:06:56Z" user="LaFloresta" uid="10529535" lat="-19.2992114" lon="-47.5324915"/>
 <node id="7889234201" visible="true" version="1" changeset="90625541" timestamp="2020-09-09T07:06:56Z" user="LaFloresta" uid="10529535" lat="-19.2998205" lon="-47.5321776"/>
 <node id="7889234202" visible="true" version="1" changeset="90625541" timestamp="2020-09-09T07:06:56Z" user="LaFloresta" uid="10529535" lat="-19.2995648" lon="-47.5315507"/>
 <node id="7889234203" visible="true" version="1" changeset="90625541" timestamp="2020-09-09T07:06:56Z" user="LaFloresta" uid="10529535" lat="-19.2995774" lon="-47.5316419"/>
 <node id="7889234204" visible="true" version="1" changeset="90625541" timestamp="2020-09-09T07:06:56Z" user="LaFloresta" uid="10529535" lat="-19.2995964" lon="-47.5317089"/>
 <node id="7889234205" visible="true" version="1" changeset="90625541" timestamp="2020-09-09T07:06:56Z" user="LaFloresta" uid="10529535" lat="-19.2997065" lon="-47.5320301"/>
 <node id="7889234206" visible="true" version="1" changeset="90625541" timestamp="2020-09-09T07:06:56Z" user="LaFloresta" uid="10529535" lat="-19.2997357" lon="-47.5320911"/>
 <node id="7889234207" visible="true" version="1" changeset="90625541" timestamp="2020-09-09T07:06:56Z" user="LaFloresta" uid="10529535" lat="-19.2997635" lon="-47.5321274"/>
 <node id="7889234208" visible="true" version="1" changeset="90625541" timestamp="2020-09-09T07:06:56Z" user="LaFloresta" uid="10529535" lat="-19.2999761" lon="-47.5322923"/>
 <node id="7889234209" visible="true" version="1" changeset="90625541" timestamp="2020-09-09T07:06:56Z" user="LaFloresta" uid="10529535" lat="-19.3000470" lon="-47.5323661"/>
 <node id="7889234210" visible="true" version="1" changeset="90625541" timestamp="2020-09-09T07:06:56Z" user="LaFloresta" uid="10529535" lat="-19.2995490" lon="-47.5313985"/>
 <node id="7889234211" visible="true" version="1" changeset="90625541" timestamp="2020-09-09T07:06:56Z" user="LaFloresta" uid="10529535" lat="-19.3001521" lon="-47.5325055"/>
 <node id="7889234212" visible="true" version="1" changeset="90625541" timestamp="2020-09-09T07:06:56Z" user="LaFloresta" uid="10529535" lat="-19.3002040" lon="-47.5325672"/>
 <node id="7889234213" visible="true" version="1" changeset="90625541" timestamp="2020-09-09T07:06:56Z" user="LaFloresta" uid="10529535" lat="-19.3002673" lon="-47.5326289"/>
 <node id="7889234214" visible="true" version="1" changeset="90625541" timestamp="2020-09-09T07:06:56Z" user="LaFloresta" uid="10529535" lat="-19.3004786" lon="-47.5327778"/>
 <node id="7889234215" visible="true" version="1" changeset="90625541" timestamp="2020-09-09T07:06:56Z" user="LaFloresta" uid="10529535" lat="-19.3005584" lon="-47.5328623"/>
 <node id="7889234216" visible="true" version="1" changeset="90625541" timestamp="2020-09-09T07:06:56Z" user="LaFloresta" uid="10529535" lat="-19.3006381" lon="-47.5329736"/>
 <node id="7889234217" visible="true" version="1" changeset="90625541" timestamp="2020-09-09T07:06:56Z" user="LaFloresta" uid="10529535" lat="-19.3007242" lon="-47.5331251"/>
 <node id="7889234218" visible="true" version="1" changeset="90625541" timestamp="2020-09-09T07:06:56Z" user="LaFloresta" uid="10529535" lat="-19.3008293" lon="-47.5332941"/>
 <node id="7889234219" visible="true" version="1" changeset="90625541" timestamp="2020-09-09T07:06:56Z" user="LaFloresta" uid="10529535" lat="-19.3009716" lon="-47.5335053"/>
 <node id="7889234220" visible="true" version="1" changeset="90625541" timestamp="2020-09-09T07:06:56Z" user="LaFloresta" uid="10529535" lat="-19.3009799" lon="-47.5335382"/>
 <node id="7889234221" visible="true" version="1" changeset="90625541" timestamp="2020-09-09T07:06:56Z" user="LaFloresta" uid="10529535" lat="-19.3009786" lon="-47.5335664"/>
 <node id="7889234222" visible="true" version="1" changeset="90625541" timestamp="2020-09-09T07:06:56Z" user="LaFloresta" uid="10529535" lat="-19.3009697" lon="-47.5335952"/>
 <node id="7889234223" visible="true" version="1" changeset="90625541" timestamp="2020-09-09T07:06:56Z" user="LaFloresta" uid="10529535" lat="-19.3009381" lon="-47.5336562"/>
 <node id="7889234224" visible="true" version="1" changeset="90625541" timestamp="2020-09-09T07:06:56Z" user="LaFloresta" uid="10529535" lat="-19.3007976" lon="-47.5338936"/>
 <node id="7889234225" visible="true" version="1" changeset="90625541" timestamp="2020-09-09T07:06:56Z" user="LaFloresta" uid="10529535" lat="-19.3007571" lon="-47.5340022"/>
 <node id="7889234226" visible="true" version="1" changeset="90625541" timestamp="2020-09-09T07:06:56Z" user="LaFloresta" uid="10529535" lat="-19.3007369" lon="-47.5341149"/>
 <node id="7889234227" visible="true" version="1" changeset="90625541" timestamp="2020-09-09T07:06:56Z" user="LaFloresta" uid="10529535" lat="-19.3007331" lon="-47.5342302"/>
 <node id="7889234228" visible="true" version="1" changeset="90625541" timestamp="2020-09-09T07:06:56Z" user="LaFloresta" uid="10529535" lat="-19.3007457" lon="-47.5343469"/>
 <node id="7889234229" visible="true" version="1" changeset="90625541" timestamp="2020-09-09T07:06:56Z" user="LaFloresta" uid="10529535" lat="-19.3008039" lon="-47.5346687"/>
 <node id="7889261142" visible="true" version="1" changeset="90626112" timestamp="2020-09-09T07:15:46Z" user="LaFloresta" uid="10529535" lat="-19.3024038" lon="-47.5296396"/>
 <node id="7889261143" visible="true" version="1" changeset="90626112" timestamp="2020-09-09T07:15:46Z" user="LaFloresta" uid="10529535" lat="-19.2965257" lon="-47.5269232"/>
 <node id="7889261144" visible="true" version="1" changeset="90626112" timestamp="2020-09-09T07:15:46Z" user="LaFloresta" uid="10529535" lat="-19.2968434" lon="-47.5271438"/>
 <node id="7889261145" visible="true" version="1" changeset="90626112" timestamp="2020-09-09T07:15:46Z" user="LaFloresta" uid="10529535" lat="-19.2969130" lon="-47.5272618"/>
 <node id="7889261146" visible="true" version="1" changeset="90626112" timestamp="2020-09-09T07:15:46Z" user="LaFloresta" uid="10529535" lat="-19.2969409" lon="-47.5273396"/>
 <node id="7889261147" visible="true" version="1" changeset="90626112" timestamp="2020-09-09T07:15:46Z" user="LaFloresta" uid="10529535" lat="-19.2969422" lon="-47.5274201"/>
 <node id="7889261148" visible="true" version="1" changeset="90626112" timestamp="2020-09-09T07:15:46Z" user="LaFloresta" uid="10529535" lat="-19.2969219" lon="-47.5275072"/>
 <node id="7889261149" visible="true" version="1" changeset="90626112" timestamp="2020-09-09T07:15:46Z" user="LaFloresta" uid="10529535" lat="-19.2968776" lon="-47.5276065"/>
 <node id="7889261150" visible="true" version="1" changeset="90626112" timestamp="2020-09-09T07:15:46Z" user="LaFloresta" uid="10529535" lat="-19.2968105" lon="-47.5276910"/>
 <node id="7889261151" visible="true" version="1" changeset="90626112" timestamp="2020-09-09T07:15:46Z" user="LaFloresta" uid="10529535" lat="-19.2966776" lon="-47.5278077"/>
 <node id="7889261152" visible="true" version="1" changeset="90626112" timestamp="2020-09-09T07:15:46Z" user="LaFloresta" uid="10529535" lat="-19.2966181" lon="-47.5278573"/>
 <node id="7889261153" visible="true" version="1" changeset="90626112" timestamp="2020-09-09T07:15:46Z" user="LaFloresta" uid="10529535" lat="-19.2965738" lon="-47.5279364"/>
 <node id="7889261154" visible="true" version="1" changeset="90626112" timestamp="2020-09-09T07:15:46Z" user="LaFloresta" uid="10529535" lat="-19.2965498" lon="-47.5280236"/>
 <node id="7889261155" visible="true" version="1" changeset="90626112" timestamp="2020-09-09T07:15:46Z" user="LaFloresta" uid="10529535" lat="-19.2965472" lon="-47.5281389"/>
 <node id="7889261156" visible="true" version="1" changeset="90626112" timestamp="2020-09-09T07:15:46Z" user="LaFloresta" uid="10529535" lat="-19.2965586" lon="-47.5285600"/>
 <node id="7889444161" visible="true" version="1" changeset="90630328" timestamp="2020-09-09T08:24:40Z" user="LaFloresta" uid="10529535" lat="-19.3068743" lon="-47.5276615"/>
 <node id="7889444162" visible="true" version="1" changeset="90630328" timestamp="2020-09-09T08:24:40Z" user="LaFloresta" uid="10529535" lat="-19.3072071" lon="-47.5276990"/>
 <node id="7889444163" visible="true" version="2" changeset="151112136" timestamp="2024-05-09T17:38:48Z" user="ProjetoMapeia" uid="11455881" lat="-19.3074815" lon="-47.5277278"/>
 <node id="7889444164" visible="true" version="1" changeset="90630328" timestamp="2020-09-09T08:24:40Z" user="LaFloresta" uid="10529535" lat="-19.3070325" lon="-47.5276762"/>
 <node id="7889444165" visible="true" version="1" changeset="90630328" timestamp="2020-09-09T08:24:40Z" user="LaFloresta" uid="10529535" lat="-19.3067540" lon="-47.5276655"/>
 <node id="7889444166" visible="true" version="2" changeset="90634134" timestamp="2020-09-09T09:20:36Z" user="LaFloresta" uid="10529535" lat="-19.3066553" lon="-47.5276843"/>
 <node id="7889444167" visible="true" version="1" changeset="90630328" timestamp="2020-09-09T08:24:40Z" user="LaFloresta" uid="10529535" lat="-19.3065705" lon="-47.5277111"/>
 <node id="7889444168" visible="true" version="1" changeset="90630328" timestamp="2020-09-09T08:24:40Z" user="LaFloresta" uid="10529535" lat="-19.3065059" lon="-47.5277446"/>
 <node id="7889463565" visible="true" version="1" changeset="90630825" timestamp="2020-09-09T08:31:42Z" user="LaFloresta" uid="10529535" lat="-19.2936435" lon="-47.5272819"/>
 <node id="7889463566" visible="true" version="1" changeset="90630825" timestamp="2020-09-09T08:31:42Z" user="LaFloresta" uid="10529535" lat="-19.2930512" lon="-47.5272444"/>
 <node id="7889463567" visible="true" version="1" changeset="90630825" timestamp="2020-09-09T08:31:42Z" user="LaFloresta" uid="10529535" lat="-19.2911778" lon="-47.5272310"/>
 <node id="7889463568" visible="true" version="1" changeset="90630825" timestamp="2020-09-09T08:31:42Z" user="LaFloresta" uid="10529535" lat="-19.2911246" lon="-47.5273530"/>
 <node id="7889463570" visible="true" version="1" changeset="90630825" timestamp="2020-09-09T08:31:42Z" user="LaFloresta" uid="10529535" lat="-19.3096532" lon="-47.5358398"/>
 <node id="7889463571" visible="true" version="1" changeset="90630825" timestamp="2020-09-09T08:31:42Z" user="LaFloresta" uid="10529535" lat="-19.3095676" lon="-47.5358037"/>
 <node id="7889630951" visible="true" version="1" changeset="90634134" timestamp="2020-09-09T09:20:36Z" user="LaFloresta" uid="10529535" lat="-19.3064882" lon="-47.5363465"/>
 <node id="7889630952" visible="true" version="1" changeset="90634134" timestamp="2020-09-09T09:20:36Z" user="LaFloresta" uid="10529535" lat="-19.3059313" lon="-47.5368749"/>
 <node id="7889630953" visible="true" version="1" changeset="90634134" timestamp="2020-09-09T09:20:36Z" user="LaFloresta" uid="10529535" lat="-19.3057073" lon="-47.5371256"/>
 <node id="7889630954" visible="true" version="1" changeset="90634134" timestamp="2020-09-09T09:20:36Z" user="LaFloresta" uid="10529535" lat="-19.3056731" lon="-47.5371967"/>
 <node id="7889630955" visible="true" version="1" changeset="90634134" timestamp="2020-09-09T09:20:36Z" user="LaFloresta" uid="10529535" lat="-19.3056681" lon="-47.5372584"/>
 <node id="7889630956" visible="true" version="1" changeset="90634134" timestamp="2020-09-09T09:20:36Z" user="LaFloresta" uid="10529535" lat="-19.3056845" lon="-47.5373362"/>
 <node id="7889630957" visible="true" version="1" changeset="90634134" timestamp="2020-09-09T09:20:36Z" user="LaFloresta" uid="10529535" lat="-19.3059446" lon="-47.5378894"/>
 <node id="7889630958" visible="true" version="1" changeset="90634134" timestamp="2020-09-09T09:20:36Z" user="LaFloresta" uid="10529535" lat="-19.3058263" lon="-47.5375977"/>
 <node id="7889630959" visible="true" version="1" changeset="90634134" timestamp="2020-09-09T09:20:36Z" user="LaFloresta" uid="10529535" lat="-19.3058883" lon="-47.5377063"/>
 <node id="7889630960" visible="true" version="1" changeset="90634134" timestamp="2020-09-09T09:20:36Z" user="LaFloresta" uid="10529535" lat="-19.3059161" lon="-47.5377741"/>
 <node id="7889630961" visible="true" version="1" changeset="90634134" timestamp="2020-09-09T09:20:36Z" user="LaFloresta" uid="10529535" lat="-19.3059345" lon="-47.5378485"/>
 <node id="7889630962" visible="true" version="1" changeset="90634134" timestamp="2020-09-09T09:20:36Z" user="LaFloresta" uid="10529535" lat="-19.3059630" lon="-47.5379598"/>
 <node id="7889630963" visible="true" version="1" changeset="90634134" timestamp="2020-09-09T09:20:36Z" user="LaFloresta" uid="10529535" lat="-19.3060275" lon="-47.5380819"/>
 <node id="7889630964" visible="true" version="1" changeset="90634134" timestamp="2020-09-09T09:20:36Z" user="LaFloresta" uid="10529535" lat="-19.3060769" lon="-47.5381449"/>
 <node id="7889630965" visible="true" version="1" changeset="90634134" timestamp="2020-09-09T09:20:36Z" user="LaFloresta" uid="10529535" lat="-19.3061326" lon="-47.5381918"/>
 <node id="7889630966" visible="true" version="1" changeset="90634134" timestamp="2020-09-09T09:20:36Z" user="LaFloresta" uid="10529535" lat="-19.3062389" lon="-47.5382669"/>
 <node id="7889630967" visible="true" version="1" changeset="90634134" timestamp="2020-09-09T09:20:36Z" user="LaFloresta" uid="10529535" lat="-19.3062883" lon="-47.5383072"/>
 <node id="7889630968" visible="true" version="1" changeset="90634134" timestamp="2020-09-09T09:20:36Z" user="LaFloresta" uid="10529535" lat="-19.3063110" lon="-47.5383541"/>
 <node id="7889630969" visible="true" version="1" changeset="90634134" timestamp="2020-09-09T09:20:36Z" user="LaFloresta" uid="10529535" lat="-19.3063420" lon="-47.5384708"/>
 <node id="7889630970" visible="true" version="1" changeset="90634134" timestamp="2020-09-09T09:20:36Z" user="LaFloresta" uid="10529535" lat="-19.3063420" lon="-47.5385278"/>
 <node id="7889630971" visible="true" version="1" changeset="90634134" timestamp="2020-09-09T09:20:36Z" user="LaFloresta" uid="10529535" lat="-19.3063395" lon="-47.5385841"/>
 <node id="7889630972" visible="true" version="1" changeset="90634134" timestamp="2020-09-09T09:20:36Z" user="LaFloresta" uid="10529535" lat="-19.3063262" lon="-47.5386404"/>
 <node id="7889630973" visible="true" version="1" changeset="90634134" timestamp="2020-09-09T09:20:36Z" user="LaFloresta" uid="10529535" lat="-19.3062971" lon="-47.5386753"/>
 <node id="7991499353" visible="true" version="1" changeset="92224140" timestamp="2020-10-09T09:22:35Z" user="DressyPear4" uid="3984659" lat="-19.3188754" lon="-47.5337302">
  <tag k="communication:mobile_phone" v="yes"/>
  <tag k="man_made" v="tower"/>
  <tag k="tower:type" v="communication"/>
 </node>
 <node id="8068315395" visible="true" version="1" changeset="93330724" timestamp="2020-10-31T10:08:48Z" user="Aasee" uid="10888711" lat="-19.3273581" lon="-47.5556758"/>
 <node id="8068315396" visible="true" version="1" changeset="93330724" timestamp="2020-10-31T10:08:48Z" user="Aasee" uid="10888711" lat="-19.3272809" lon="-47.5555243"/>
 <node id="8068507424" visible="true" version="1" changeset="93333081" timestamp="2020-10-31T11:07:34Z" user="Aasee" uid="10888711" lat="-19.3283899" lon="-47.5572548"/>
 <node id="9560825094" visible="true" version="1" changeset="118203743" timestamp="2022-03-07T16:28:09Z" user="Linhares" uid="1310899" lat="-19.2689969" lon="-47.5376594"/>
 <node id="10255855372" visible="true" version="1" changeset="130004180" timestamp="2022-12-12T16:00:02Z" user="Linhares" uid="1310899" lat="-19.3254446" lon="-47.4528533"/>
 <node id="10255855373" visible="true" version="1" changeset="130004180" timestamp="2022-12-12T16:00:02Z" user="Linhares" uid="1310899" lat="-19.3254395" lon="-47.4532342"/>
 <node id="10255855374" visible="true" version="1" changeset="130004180" timestamp="2022-12-12T16:00:02Z" user="Linhares" uid="1310899" lat="-19.3254091" lon="-47.4533361"/>
 <node id="10255855375" visible="true" version="1" changeset="130004180" timestamp="2022-12-12T16:00:02Z" user="Linhares" uid="1310899" lat="-19.3250801" lon="-47.4532932"/>
 <node id="10255855376" visible="true" version="1" changeset="130004180" timestamp="2022-12-12T16:00:02Z" user="Linhares" uid="1310899" lat="-19.3249839" lon="-47.4533308"/>
 <node id="10255855377" visible="true" version="1" changeset="130004180" timestamp="2022-12-12T16:00:02Z" user="Linhares" uid="1310899" lat="-19.3249738" lon="-47.4535614"/>
 <node id="10255855378" visible="true" version="1" changeset="130004180" timestamp="2022-12-12T16:00:02Z" user="Linhares" uid="1310899" lat="-19.3251459" lon="-47.4538833"/>
 <node id="10255855379" visible="true" version="1" changeset="130004180" timestamp="2022-12-12T16:00:02Z" user="Linhares" uid="1310899" lat="-19.3251408" lon="-47.4540120"/>
 <node id="10255855380" visible="true" version="1" changeset="130004180" timestamp="2022-12-12T16:00:02Z" user="Linhares" uid="1310899" lat="-19.3248624" lon="-47.4543554"/>
 <node id="10255855381" visible="true" version="1" changeset="130004180" timestamp="2022-12-12T16:00:02Z" user="Linhares" uid="1310899" lat="-19.3248978" lon="-47.4544627"/>
 <node id="10255855382" visible="true" version="1" changeset="130004180" timestamp="2022-12-12T16:00:02Z" user="Linhares" uid="1310899" lat="-19.3248624" lon="-47.4545646"/>
 <node id="10255855383" visible="true" version="1" changeset="130004180" timestamp="2022-12-12T16:00:02Z" user="Linhares" uid="1310899" lat="-19.3247612" lon="-47.4546182"/>
 <node id="10255855384" visible="true" version="1" changeset="130004180" timestamp="2022-12-12T16:00:02Z" user="Linhares" uid="1310899" lat="-19.3247156" lon="-47.4547201"/>
 <node id="10255855385" visible="true" version="1" changeset="130004180" timestamp="2022-12-12T16:00:02Z" user="Linhares" uid="1310899" lat="-19.3247764" lon="-47.4548113"/>
 <node id="10255855386" visible="true" version="1" changeset="130004180" timestamp="2022-12-12T16:00:02Z" user="Linhares" uid="1310899" lat="-19.3247764" lon="-47.4549347"/>
 <node id="10255855387" visible="true" version="1" changeset="130004180" timestamp="2022-12-12T16:00:02Z" user="Linhares" uid="1310899" lat="-19.3245891" lon="-47.4551493"/>
 <node id="10255855388" visible="true" version="1" changeset="130004180" timestamp="2022-12-12T16:00:02Z" user="Linhares" uid="1310899" lat="-19.3247713" lon="-47.4554229"/>
 <node id="10255855389" visible="true" version="1" changeset="130004180" timestamp="2022-12-12T16:00:02Z" user="Linhares" uid="1310899" lat="-19.3246701" lon="-47.4554229"/>
 <node id="10255855390" visible="true" version="1" changeset="130004180" timestamp="2022-12-12T16:00:02Z" user="Linhares" uid="1310899" lat="-19.3245992" lon="-47.4554980"/>
 <node id="10255855391" visible="true" version="1" changeset="130004180" timestamp="2022-12-12T16:00:02Z" user="Linhares" uid="1310899" lat="-19.3242752" lon="-47.4560720"/>
 <node id="10255855392" visible="true" version="1" changeset="130004180" timestamp="2022-12-12T16:00:02Z" user="Linhares" uid="1310899" lat="-19.3242752" lon="-47.4562061"/>
 <node id="10255855393" visible="true" version="1" changeset="130004180" timestamp="2022-12-12T16:00:02Z" user="Linhares" uid="1310899" lat="-19.3244929" lon="-47.4562651"/>
 <node id="10255855394" visible="true" version="1" changeset="130004180" timestamp="2022-12-12T16:00:02Z" user="Linhares" uid="1310899" lat="-19.3246701" lon="-47.4563778"/>
 <node id="10255855395" visible="true" version="1" changeset="130004180" timestamp="2022-12-12T16:00:02Z" user="Linhares" uid="1310899" lat="-19.3244068" lon="-47.4565870"/>
 <node id="10255855396" visible="true" version="1" changeset="130004180" timestamp="2022-12-12T16:00:02Z" user="Linhares" uid="1310899" lat="-19.3244625" lon="-47.4566782"/>
 <node id="10255855397" visible="true" version="1" changeset="130004180" timestamp="2022-12-12T16:00:02Z" user="Linhares" uid="1310899" lat="-19.3246903" lon="-47.4566943"/>
 <node id="10255855398" visible="true" version="1" changeset="130004180" timestamp="2022-12-12T16:00:02Z" user="Linhares" uid="1310899" lat="-19.3248624" lon="-47.4568552"/>
 <node id="10255855399" visible="true" version="1" changeset="130004180" timestamp="2022-12-12T16:00:02Z" user="Linhares" uid="1310899" lat="-19.3246093" lon="-47.4570537"/>
 <node id="10255855400" visible="true" version="1" changeset="130004180" timestamp="2022-12-12T16:00:02Z" user="Linhares" uid="1310899" lat="-19.3243562" lon="-47.4574024"/>
 <node id="10255855401" visible="true" version="1" changeset="130004180" timestamp="2022-12-12T16:00:02Z" user="Linhares" uid="1310899" lat="-19.3243359" lon="-47.4575150"/>
 <node id="10255855402" visible="true" version="1" changeset="130004180" timestamp="2022-12-12T16:00:02Z" user="Linhares" uid="1310899" lat="-19.3244220" lon="-47.4578315"/>
 <node id="10255855403" visible="true" version="1" changeset="130004180" timestamp="2022-12-12T16:00:02Z" user="Linhares" uid="1310899" lat="-19.3242195" lon="-47.4578798"/>
 <node id="10255855404" visible="true" version="1" changeset="130004180" timestamp="2022-12-12T16:00:02Z" user="Linhares" uid="1310899" lat="-19.3239107" lon="-47.4580568"/>
 <node id="10255855405" visible="true" version="1" changeset="130004180" timestamp="2022-12-12T16:00:02Z" user="Linhares" uid="1310899" lat="-19.3236677" lon="-47.4584591"/>
 <node id="10255855406" visible="true" version="1" changeset="130004180" timestamp="2022-12-12T16:00:02Z" user="Linhares" uid="1310899" lat="-19.3238753" lon="-47.4588615"/>
 <node id="10255855407" visible="true" version="1" changeset="130004180" timestamp="2022-12-12T16:00:02Z" user="Linhares" uid="1310899" lat="-19.3239664" lon="-47.4591351"/>
 <node id="10255855408" visible="true" version="1" changeset="130004180" timestamp="2022-12-12T16:00:02Z" user="Linhares" uid="1310899" lat="-19.3239158" lon="-47.4597144"/>
 <node id="10255859909" visible="true" version="1" changeset="130004180" timestamp="2022-12-12T16:00:02Z" user="Linhares" uid="1310899" lat="-19.3238550" lon="-47.4598271"/>
 <node id="10255859910" visible="true" version="1" changeset="130004180" timestamp="2022-12-12T16:00:02Z" user="Linhares" uid="1310899" lat="-19.3236424" lon="-47.4598593"/>
 <node id="10255859911" visible="true" version="1" changeset="130004180" timestamp="2022-12-12T16:00:02Z" user="Linhares" uid="1310899" lat="-19.3234602" lon="-47.4599773"/>
 <node id="10255859912" visible="true" version="1" changeset="130004180" timestamp="2022-12-12T16:00:02Z" user="Linhares" uid="1310899" lat="-19.3233893" lon="-47.4600631"/>
 <node id="10255859913" visible="true" version="1" changeset="130004180" timestamp="2022-12-12T16:00:02Z" user="Linhares" uid="1310899" lat="-19.3233387" lon="-47.4602723"/>
 <node id="10255859914" visible="true" version="1" changeset="130004180" timestamp="2022-12-12T16:00:02Z" user="Linhares" uid="1310899" lat="-19.3232071" lon="-47.4604654"/>
 <node id="10255859915" visible="true" version="1" changeset="130004180" timestamp="2022-12-12T16:00:02Z" user="Linhares" uid="1310899" lat="-19.3230400" lon="-47.4606425"/>
 <node id="10255859916" visible="true" version="1" changeset="130004180" timestamp="2022-12-12T16:00:02Z" user="Linhares" uid="1310899" lat="-19.3224933" lon="-47.4610823"/>
 <node id="10255859917" visible="true" version="1" changeset="130004180" timestamp="2022-12-12T16:00:02Z" user="Linhares" uid="1310899" lat="-19.3222301" lon="-47.4614739"/>
 <node id="10255859918" visible="true" version="1" changeset="130004180" timestamp="2022-12-12T16:00:02Z" user="Linhares" uid="1310899" lat="-19.3216833" lon="-47.4618870"/>
 <node id="10255859919" visible="true" version="1" changeset="130004180" timestamp="2022-12-12T16:00:02Z" user="Linhares" uid="1310899" lat="-19.3213391" lon="-47.4622142"/>
 <node id="10255859920" visible="true" version="1" changeset="130004180" timestamp="2022-12-12T16:00:02Z" user="Linhares" uid="1310899" lat="-19.3208632" lon="-47.4624878"/>
 <node id="10255859921" visible="true" version="1" changeset="130004180" timestamp="2022-12-12T16:00:02Z" user="Linhares" uid="1310899" lat="-19.3207974" lon="-47.4625737"/>
 <node id="10255859922" visible="true" version="1" changeset="130004180" timestamp="2022-12-12T16:00:02Z" user="Linhares" uid="1310899" lat="-19.3206810" lon="-47.4630189"/>
 <node id="10255859923" visible="true" version="1" changeset="130004180" timestamp="2022-12-12T16:00:02Z" user="Linhares" uid="1310899" lat="-19.3205089" lon="-47.4631530"/>
 <node id="10255859924" visible="true" version="1" changeset="130004180" timestamp="2022-12-12T16:00:02Z" user="Linhares" uid="1310899" lat="-19.3204026" lon="-47.4633461"/>
 <node id="10255859925" visible="true" version="1" changeset="130004180" timestamp="2022-12-12T16:00:02Z" user="Linhares" uid="1310899" lat="-19.3203115" lon="-47.4637806"/>
 <node id="10255859926" visible="true" version="1" changeset="130004180" timestamp="2022-12-12T16:00:02Z" user="Linhares" uid="1310899" lat="-19.3201596" lon="-47.4641079"/>
 <node id="10255859927" visible="true" version="1" changeset="130004180" timestamp="2022-12-12T16:00:02Z" user="Linhares" uid="1310899" lat="-19.3196989" lon="-47.4645263"/>
 <node id="10255859928" visible="true" version="1" changeset="130004180" timestamp="2022-12-12T16:00:02Z" user="Linhares" uid="1310899" lat="-19.3195724" lon="-47.4648911"/>
 <node id="10255859929" visible="true" version="1" changeset="130004180" timestamp="2022-12-12T16:00:02Z" user="Linhares" uid="1310899" lat="-19.3197192" lon="-47.4654436"/>
 <node id="10255859930" visible="true" version="1" changeset="130004180" timestamp="2022-12-12T16:00:02Z" user="Linhares" uid="1310899" lat="-19.3199267" lon="-47.4657440"/>
 <node id="10255859931" visible="true" version="1" changeset="130004180" timestamp="2022-12-12T16:00:02Z" user="Linhares" uid="1310899" lat="-19.3199925" lon="-47.4659532"/>
 <node id="10255859932" visible="true" version="1" changeset="130004180" timestamp="2022-12-12T16:00:02Z" user="Linhares" uid="1310899" lat="-19.3204127" lon="-47.4663556"/>
 <node id="10255859933" visible="true" version="1" changeset="130004180" timestamp="2022-12-12T16:00:02Z" user="Linhares" uid="1310899" lat="-19.3211467" lon="-47.4673104"/>
 <node id="10255859934" visible="true" version="1" changeset="130004180" timestamp="2022-12-12T16:00:02Z" user="Linhares" uid="1310899" lat="-19.3209746" lon="-47.4674606"/>
 <node id="10255859935" visible="true" version="1" changeset="130004180" timestamp="2022-12-12T16:00:02Z" user="Linhares" uid="1310899" lat="-19.3210607" lon="-47.4676752"/>
 <node id="10255859936" visible="true" version="1" changeset="130004180" timestamp="2022-12-12T16:00:02Z" user="Linhares" uid="1310899" lat="-19.3210202" lon="-47.4677932"/>
 <node id="10255859937" visible="true" version="1" changeset="130004180" timestamp="2022-12-12T16:00:02Z" user="Linhares" uid="1310899" lat="-19.3207671" lon="-47.4680454"/>
 <node id="10255859938" visible="true" version="1" changeset="130004180" timestamp="2022-12-12T16:00:02Z" user="Linhares" uid="1310899" lat="-19.3206506" lon="-47.4682492"/>
 <node id="10255859939" visible="true" version="1" changeset="130004180" timestamp="2022-12-12T16:00:02Z" user="Linhares" uid="1310899" lat="-19.3207823" lon="-47.4684262"/>
 <node id="10255859940" visible="true" version="1" changeset="130004180" timestamp="2022-12-12T16:00:02Z" user="Linhares" uid="1310899" lat="-19.3206608" lon="-47.4689627"/>
 <node id="10255859941" visible="true" version="1" changeset="130004180" timestamp="2022-12-12T16:00:02Z" user="Linhares" uid="1310899" lat="-19.3204481" lon="-47.4689788"/>
 <node id="10255859942" visible="true" version="1" changeset="130004180" timestamp="2022-12-12T16:00:02Z" user="Linhares" uid="1310899" lat="-19.3201697" lon="-47.4691397"/>
 <node id="10255859943" visible="true" version="1" changeset="130004180" timestamp="2022-12-12T16:00:02Z" user="Linhares" uid="1310899" lat="-19.3200938" lon="-47.4692041"/>
 <node id="10255859944" visible="true" version="1" changeset="130004180" timestamp="2022-12-12T16:00:02Z" user="Linhares" uid="1310899" lat="-19.3201039" lon="-47.4693167"/>
 <node id="10255859945" visible="true" version="1" changeset="130004180" timestamp="2022-12-12T16:00:02Z" user="Linhares" uid="1310899" lat="-19.3202355" lon="-47.4694830"/>
 <node id="10255859946" visible="true" version="1" changeset="130004180" timestamp="2022-12-12T16:00:02Z" user="Linhares" uid="1310899" lat="-19.3202102" lon="-47.4695849"/>
 <node id="10255859947" visible="true" version="1" changeset="130004180" timestamp="2022-12-12T16:00:02Z" user="Linhares" uid="1310899" lat="-19.3201140" lon="-47.4696493"/>
 <node id="10255859948" visible="true" version="1" changeset="130004180" timestamp="2022-12-12T16:00:02Z" user="Linhares" uid="1310899" lat="-19.3199014" lon="-47.4696761"/>
 <node id="10255859949" visible="true" version="1" changeset="130004180" timestamp="2022-12-12T16:00:02Z" user="Linhares" uid="1310899" lat="-19.3198103" lon="-47.4697352"/>
 <node id="10255859950" visible="true" version="1" changeset="130004180" timestamp="2022-12-12T16:00:02Z" user="Linhares" uid="1310899" lat="-19.3197951" lon="-47.4698478"/>
 <node id="10255859951" visible="true" version="1" changeset="130004180" timestamp="2022-12-12T16:00:02Z" user="Linhares" uid="1310899" lat="-19.3198356" lon="-47.4699497"/>
 <node id="10255859952" visible="true" version="1" changeset="130004180" timestamp="2022-12-12T16:00:02Z" user="Linhares" uid="1310899" lat="-19.3199065" lon="-47.4700356"/>
 <node id="10255859953" visible="true" version="1" changeset="130004180" timestamp="2022-12-12T16:00:02Z" user="Linhares" uid="1310899" lat="-19.3202153" lon="-47.4701053"/>
 <node id="10255859954" visible="true" version="1" changeset="130004180" timestamp="2022-12-12T16:00:02Z" user="Linhares" uid="1310899" lat="-19.3203621" lon="-47.4704057"/>
 <node id="10255859955" visible="true" version="1" changeset="130004180" timestamp="2022-12-12T16:00:02Z" user="Linhares" uid="1310899" lat="-19.3200786" lon="-47.4705291"/>
 <node id="10255859956" visible="true" version="1" changeset="130004180" timestamp="2022-12-12T16:00:02Z" user="Linhares" uid="1310899" lat="-19.3200533" lon="-47.4706310"/>
 <node id="10255859957" visible="true" version="1" changeset="130004180" timestamp="2022-12-12T16:00:02Z" user="Linhares" uid="1310899" lat="-19.3202760" lon="-47.4708670"/>
 <node id="10255859958" visible="true" version="1" changeset="130004180" timestamp="2022-12-12T16:00:02Z" user="Linhares" uid="1310899" lat="-19.3203115" lon="-47.4709797"/>
 <node id="10255859959" visible="true" version="1" changeset="130004180" timestamp="2022-12-12T16:00:02Z" user="Linhares" uid="1310899" lat="-19.3202912" lon="-47.4710870"/>
 <node id="10255859960" visible="true" version="1" changeset="130004180" timestamp="2022-12-12T16:00:02Z" user="Linhares" uid="1310899" lat="-19.3201849" lon="-47.4713069"/>
 <node id="10255859961" visible="true" version="1" changeset="130004180" timestamp="2022-12-12T16:00:02Z" user="Linhares" uid="1310899" lat="-19.3198002" lon="-47.4718595"/>
 <node id="10255859962" visible="true" version="1" changeset="130004180" timestamp="2022-12-12T16:00:02Z" user="Linhares" uid="1310899" lat="-19.3197040" lon="-47.4720794"/>
 <node id="10255859963" visible="true" version="1" changeset="130004180" timestamp="2022-12-12T16:00:02Z" user="Linhares" uid="1310899" lat="-19.3196736" lon="-47.4724495"/>
 <node id="10255859964" visible="true" version="1" changeset="130004180" timestamp="2022-12-12T16:00:02Z" user="Linhares" uid="1310899" lat="-19.3199672" lon="-47.4727982"/>
 <node id="10255859965" visible="true" version="1" changeset="130004180" timestamp="2022-12-12T16:00:02Z" user="Linhares" uid="1310899" lat="-19.3198812" lon="-47.4732328"/>
 <node id="10255859966" visible="true" version="1" changeset="130004180" timestamp="2022-12-12T16:00:02Z" user="Linhares" uid="1310899" lat="-19.3197090" lon="-47.4733347"/>
 <node id="10255859967" visible="true" version="1" changeset="130004180" timestamp="2022-12-12T16:00:02Z" user="Linhares" uid="1310899" lat="-19.3195977" lon="-47.4735171"/>
 <node id="10255859968" visible="true" version="1" changeset="130004180" timestamp="2022-12-12T16:00:02Z" user="Linhares" uid="1310899" lat="-19.3192686" lon="-47.4738014"/>
 <node id="10255859969" visible="true" version="1" changeset="130004180" timestamp="2022-12-12T16:00:02Z" user="Linhares" uid="1310899" lat="-19.3190408" lon="-47.4742198"/>
 <node id="10255859970" visible="true" version="1" changeset="130004180" timestamp="2022-12-12T16:00:02Z" user="Linhares" uid="1310899" lat="-19.3189902" lon="-47.4743271"/>
 <node id="10255859971" visible="true" version="1" changeset="130004180" timestamp="2022-12-12T16:00:02Z" user="Linhares" uid="1310899" lat="-19.3190864" lon="-47.4745202"/>
 <node id="10255859972" visible="true" version="1" changeset="130004180" timestamp="2022-12-12T16:00:02Z" user="Linhares" uid="1310899" lat="-19.3191066" lon="-47.4747509"/>
 <node id="10255859973" visible="true" version="1" changeset="130004180" timestamp="2022-12-12T16:00:02Z" user="Linhares" uid="1310899" lat="-19.3187421" lon="-47.4749816"/>
 <node id="10255859974" visible="true" version="1" changeset="130004180" timestamp="2022-12-12T16:00:02Z" user="Linhares" uid="1310899" lat="-19.3187624" lon="-47.4750835"/>
 <node id="10255859975" visible="true" version="1" changeset="130004180" timestamp="2022-12-12T16:00:02Z" user="Linhares" uid="1310899" lat="-19.3186915" lon="-47.4751639"/>
 <node id="10255859976" visible="true" version="1" changeset="130004180" timestamp="2022-12-12T16:00:02Z" user="Linhares" uid="1310899" lat="-19.3184840" lon="-47.4752337"/>
 <node id="10255859977" visible="true" version="1" changeset="130004180" timestamp="2022-12-12T16:00:02Z" user="Linhares" uid="1310899" lat="-19.3185093" lon="-47.4757004"/>
 <node id="10255859978" visible="true" version="1" changeset="130004180" timestamp="2022-12-12T16:00:02Z" user="Linhares" uid="1310899" lat="-19.3183371" lon="-47.4759901"/>
 <node id="10255859979" visible="true" version="1" changeset="130004180" timestamp="2022-12-12T16:00:02Z" user="Linhares" uid="1310899" lat="-19.3183220" lon="-47.4760974"/>
 <node id="10255859980" visible="true" version="1" changeset="130004180" timestamp="2022-12-12T16:00:02Z" user="Linhares" uid="1310899" lat="-19.3184384" lon="-47.4762744"/>
 <node id="10255859981" visible="true" version="1" changeset="130004180" timestamp="2022-12-12T16:00:02Z" user="Linhares" uid="1310899" lat="-19.3184435" lon="-47.4763763"/>
 <node id="10255859982" visible="true" version="1" changeset="130004180" timestamp="2022-12-12T16:00:02Z" user="Linhares" uid="1310899" lat="-19.3183827" lon="-47.4764621"/>
 <node id="10255859983" visible="true" version="1" changeset="130004180" timestamp="2022-12-12T16:00:02Z" user="Linhares" uid="1310899" lat="-19.3180891" lon="-47.4766713"/>
 <node id="10255859984" visible="true" version="1" changeset="130004180" timestamp="2022-12-12T16:00:02Z" user="Linhares" uid="1310899" lat="-19.3180638" lon="-47.4767786"/>
 <node id="10255859985" visible="true" version="1" changeset="130004180" timestamp="2022-12-12T16:00:02Z" user="Linhares" uid="1310899" lat="-19.3181144" lon="-47.4768752"/>
 <node id="10255859986" visible="true" version="1" changeset="130004180" timestamp="2022-12-12T16:00:02Z" user="Linhares" uid="1310899" lat="-19.3181043" lon="-47.4772131"/>
 <node id="10255859987" visible="true" version="1" changeset="130004180" timestamp="2022-12-12T16:00:02Z" user="Linhares" uid="1310899" lat="-19.3180283" lon="-47.4772936"/>
 <node id="10255859988" visible="true" version="1" changeset="130004180" timestamp="2022-12-12T16:00:02Z" user="Linhares" uid="1310899" lat="-19.3176740" lon="-47.4774224"/>
 <node id="10255859989" visible="true" version="1" changeset="130004180" timestamp="2022-12-12T16:00:02Z" user="Linhares" uid="1310899" lat="-19.3176385" lon="-47.4775297"/>
 <node id="10255859990" visible="true" version="1" changeset="130004180" timestamp="2022-12-12T16:00:02Z" user="Linhares" uid="1310899" lat="-19.3177803" lon="-47.4777120"/>
 <node id="10255859991" visible="true" version="1" changeset="130004180" timestamp="2022-12-12T16:00:02Z" user="Linhares" uid="1310899" lat="-19.3177195" lon="-47.4778086"/>
 <node id="10255859992" visible="true" version="1" changeset="130004180" timestamp="2022-12-12T16:00:02Z" user="Linhares" uid="1310899" lat="-19.3172842" lon="-47.4780232"/>
 <node id="10255859993" visible="true" version="1" changeset="130004180" timestamp="2022-12-12T16:00:02Z" user="Linhares" uid="1310899" lat="-19.3171779" lon="-47.4780929"/>
 <node id="10255859994" visible="true" version="1" changeset="130004180" timestamp="2022-12-12T16:00:02Z" user="Linhares" uid="1310899" lat="-19.3171323" lon="-47.4781895"/>
 <node id="10255859995" visible="true" version="1" changeset="130004180" timestamp="2022-12-12T16:00:02Z" user="Linhares" uid="1310899" lat="-19.3171677" lon="-47.4784094"/>
 <node id="10255859996" visible="true" version="1" changeset="130004180" timestamp="2022-12-12T16:00:02Z" user="Linhares" uid="1310899" lat="-19.3172943" lon="-47.4787474"/>
 <node id="10255859997" visible="true" version="1" changeset="130004180" timestamp="2022-12-12T16:00:02Z" user="Linhares" uid="1310899" lat="-19.3172487" lon="-47.4788547"/>
 <node id="10255859998" visible="true" version="1" changeset="130004180" timestamp="2022-12-12T16:00:02Z" user="Linhares" uid="1310899" lat="-19.3169247" lon="-47.4789083"/>
 <node id="10255859999" visible="true" version="1" changeset="130004180" timestamp="2022-12-12T16:00:02Z" user="Linhares" uid="1310899" lat="-19.3168539" lon="-47.4790049"/>
 <node id="10255860000" visible="true" version="1" changeset="130004180" timestamp="2022-12-12T16:00:02Z" user="Linhares" uid="1310899" lat="-19.3168589" lon="-47.4791122"/>
 <node id="10255860001" visible="true" version="1" changeset="130004180" timestamp="2022-12-12T16:00:02Z" user="Linhares" uid="1310899" lat="-19.3168994" lon="-47.4792248"/>
 <node id="10255860002" visible="true" version="1" changeset="130004180" timestamp="2022-12-12T16:00:02Z" user="Linhares" uid="1310899" lat="-19.3169855" lon="-47.4792785"/>
 <node id="10255860003" visible="true" version="1" changeset="130004180" timestamp="2022-12-12T16:00:02Z" user="Linhares" uid="1310899" lat="-19.3172032" lon="-47.4792624"/>
 <node id="10255860004" visible="true" version="1" changeset="130004180" timestamp="2022-12-12T16:00:02Z" user="Linhares" uid="1310899" lat="-19.3173044" lon="-47.4792999"/>
 <node id="10255860005" visible="true" version="1" changeset="130004180" timestamp="2022-12-12T16:00:02Z" user="Linhares" uid="1310899" lat="-19.3172994" lon="-47.4794018"/>
 <node id="10255860006" visible="true" version="1" changeset="130004180" timestamp="2022-12-12T16:00:02Z" user="Linhares" uid="1310899" lat="-19.3170159" lon="-47.4797827"/>
 <node id="10255860007" visible="true" version="1" changeset="130004180" timestamp="2022-12-12T16:00:02Z" user="Linhares" uid="1310899" lat="-19.3166564" lon="-47.4800724"/>
 <node id="10255860008" visible="true" version="1" changeset="130004180" timestamp="2022-12-12T16:00:02Z" user="Linhares" uid="1310899" lat="-19.3166109" lon="-47.4803191"/>
 <node id="10255860009" visible="true" version="1" changeset="130004180" timestamp="2022-12-12T16:00:02Z" user="Linhares" uid="1310899" lat="-19.3166463" lon="-47.4807000"/>
 <node id="10255860010" visible="true" version="1" changeset="130004180" timestamp="2022-12-12T16:00:02Z" user="Linhares" uid="1310899" lat="-19.3168184" lon="-47.4808931"/>
 <node id="10255860011" visible="true" version="1" changeset="130004180" timestamp="2022-12-12T16:00:02Z" user="Linhares" uid="1310899" lat="-19.3169399" lon="-47.4811131"/>
 <node id="10255860012" visible="true" version="1" changeset="130004180" timestamp="2022-12-12T16:00:02Z" user="Linhares" uid="1310899" lat="-19.3168387" lon="-47.4812901"/>
 <node id="10255860013" visible="true" version="1" changeset="130004180" timestamp="2022-12-12T16:00:02Z" user="Linhares" uid="1310899" lat="-19.3166615" lon="-47.4814081"/>
 <node id="10255860014" visible="true" version="1" changeset="130004180" timestamp="2022-12-12T16:00:02Z" user="Linhares" uid="1310899" lat="-19.3161198" lon="-47.4815208"/>
 <node id="10255860015" visible="true" version="1" changeset="130004180" timestamp="2022-12-12T16:00:02Z" user="Linhares" uid="1310899" lat="-19.3161249" lon="-47.4821001"/>
 <node id="10255860016" visible="true" version="1" changeset="130004180" timestamp="2022-12-12T16:00:02Z" user="Linhares" uid="1310899" lat="-19.3163375" lon="-47.4825078"/>
 <node id="10255860017" visible="true" version="1" changeset="130004180" timestamp="2022-12-12T16:00:02Z" user="Linhares" uid="1310899" lat="-19.3163577" lon="-47.4826419"/>
 <node id="10255860018" visible="true" version="1" changeset="130004180" timestamp="2022-12-12T16:00:02Z" user="Linhares" uid="1310899" lat="-19.3163172" lon="-47.4827439"/>
 <node id="10255860019" visible="true" version="1" changeset="130004180" timestamp="2022-12-12T16:00:02Z" user="Linhares" uid="1310899" lat="-19.3161046" lon="-47.4830121"/>
 <node id="10255860020" visible="true" version="1" changeset="130004180" timestamp="2022-12-12T16:00:02Z" user="Linhares" uid="1310899" lat="-19.3155174" lon="-47.4830657"/>
 <node id="10255860021" visible="true" version="1" changeset="130004180" timestamp="2022-12-12T16:00:02Z" user="Linhares" uid="1310899" lat="-19.3154263" lon="-47.4831247"/>
 <node id="10255860022" visible="true" version="1" changeset="130004180" timestamp="2022-12-12T16:00:02Z" user="Linhares" uid="1310899" lat="-19.3155528" lon="-47.4836880"/>
 <node id="10255860023" visible="true" version="1" changeset="130004180" timestamp="2022-12-12T16:00:02Z" user="Linhares" uid="1310899" lat="-19.3158464" lon="-47.4840528"/>
 <node id="10255860024" visible="true" version="1" changeset="130004180" timestamp="2022-12-12T16:00:02Z" user="Linhares" uid="1310899" lat="-19.3159932" lon="-47.4843103"/>
 <node id="10255860025" visible="true" version="1" changeset="130004180" timestamp="2022-12-12T16:00:02Z" user="Linhares" uid="1310899" lat="-19.3159983" lon="-47.4844176"/>
 <node id="10255860026" visible="true" version="1" changeset="130004180" timestamp="2022-12-12T16:00:02Z" user="Linhares" uid="1310899" lat="-19.3158920" lon="-47.4846214"/>
 <node id="10255860027" visible="true" version="1" changeset="130004180" timestamp="2022-12-12T16:00:02Z" user="Linhares" uid="1310899" lat="-19.3156288" lon="-47.4849272"/>
 <node id="10255860028" visible="true" version="1" changeset="130004180" timestamp="2022-12-12T16:00:02Z" user="Linhares" uid="1310899" lat="-19.3155427" lon="-47.4852705"/>
 <node id="10255860029" visible="true" version="1" changeset="130004180" timestamp="2022-12-12T16:00:02Z" user="Linhares" uid="1310899" lat="-19.3151326" lon="-47.4856675"/>
 <node id="10255860030" visible="true" version="1" changeset="130004180" timestamp="2022-12-12T16:00:02Z" user="Linhares" uid="1310899" lat="-19.3150871" lon="-47.4857587"/>
 <node id="10255860031" visible="true" version="1" changeset="130004180" timestamp="2022-12-12T16:00:02Z" user="Linhares" uid="1310899" lat="-19.3150871" lon="-47.4858767"/>
 <node id="10255860032" visible="true" version="1" changeset="130004180" timestamp="2022-12-12T16:00:02Z" user="Linhares" uid="1310899" lat="-19.3152440" lon="-47.4861825"/>
 <node id="10255860033" visible="true" version="1" changeset="130004180" timestamp="2022-12-12T16:00:02Z" user="Linhares" uid="1310899" lat="-19.3152997" lon="-47.4864185"/>
 <node id="10255860034" visible="true" version="1" changeset="130004180" timestamp="2022-12-12T16:00:02Z" user="Linhares" uid="1310899" lat="-19.3153301" lon="-47.4872500"/>
 <node id="10255860035" visible="true" version="1" changeset="130004180" timestamp="2022-12-12T16:00:02Z" user="Linhares" uid="1310899" lat="-19.3154668" lon="-47.4874538"/>
 <node id="10255860036" visible="true" version="1" changeset="130004180" timestamp="2022-12-12T16:00:02Z" user="Linhares" uid="1310899" lat="-19.3154718" lon="-47.4875665"/>
 <node id="10255860037" visible="true" version="1" changeset="130004180" timestamp="2022-12-12T16:00:02Z" user="Linhares" uid="1310899" lat="-19.3153807" lon="-47.4878991"/>
 <node id="10255860038" visible="true" version="1" changeset="130004180" timestamp="2022-12-12T16:00:02Z" user="Linhares" uid="1310899" lat="-19.3152643" lon="-47.4881029"/>
 <node id="10255860039" visible="true" version="1" changeset="130004180" timestamp="2022-12-12T16:00:02Z" user="Linhares" uid="1310899" lat="-19.3148744" lon="-47.4883014"/>
 <node id="10255860040" visible="true" version="1" changeset="130004180" timestamp="2022-12-12T16:00:02Z" user="Linhares" uid="1310899" lat="-19.3148086" lon="-47.4883872"/>
 <node id="10255860041" visible="true" version="1" changeset="130004180" timestamp="2022-12-12T16:00:02Z" user="Linhares" uid="1310899" lat="-19.3148542" lon="-47.4888218"/>
 <node id="10255860042" visible="true" version="1" changeset="130004180" timestamp="2022-12-12T16:00:02Z" user="Linhares" uid="1310899" lat="-19.3148466" lon="-47.4891758"/>
 <node id="10255860043" visible="true" version="1" changeset="130004180" timestamp="2022-12-12T16:00:02Z" user="Linhares" uid="1310899" lat="-19.3147200" lon="-47.4895352"/>
 <node id="10255860044" visible="true" version="1" changeset="130004180" timestamp="2022-12-12T16:00:02Z" user="Linhares" uid="1310899" lat="-19.3146542" lon="-47.4898383"/>
 <node id="10255860045" visible="true" version="1" changeset="130004180" timestamp="2022-12-12T16:00:02Z" user="Linhares" uid="1310899" lat="-19.3146466" lon="-47.4900663"/>
 <node id="10255860046" visible="true" version="1" changeset="130004180" timestamp="2022-12-12T16:00:02Z" user="Linhares" uid="1310899" lat="-19.3146947" lon="-47.4904713"/>
 <node id="10255860047" visible="true" version="1" changeset="130004180" timestamp="2022-12-12T16:00:02Z" user="Linhares" uid="1310899" lat="-19.3147150" lon="-47.4905250"/>
 <node id="10255860048" visible="true" version="1" changeset="130004180" timestamp="2022-12-12T16:00:02Z" user="Linhares" uid="1310899" lat="-19.3147656" lon="-47.4905571"/>
 <node id="10255860049" visible="true" version="1" changeset="130004180" timestamp="2022-12-12T16:00:02Z" user="Linhares" uid="1310899" lat="-19.3149757" lon="-47.4906161"/>
 <node id="10255860050" visible="true" version="1" changeset="130004180" timestamp="2022-12-12T16:00:02Z" user="Linhares" uid="1310899" lat="-19.3151503" lon="-47.4908575"/>
 <node id="10255860051" visible="true" version="1" changeset="130004180" timestamp="2022-12-12T16:00:02Z" user="Linhares" uid="1310899" lat="-19.3152086" lon="-47.4910963"/>
 <node id="10255860052" visible="true" version="1" changeset="130004180" timestamp="2022-12-12T16:00:02Z" user="Linhares" uid="1310899" lat="-19.3151782" lon="-47.4916461"/>
 <node id="10255860053" visible="true" version="1" changeset="130004180" timestamp="2022-12-12T16:00:02Z" user="Linhares" uid="1310899" lat="-19.3151048" lon="-47.4919465"/>
 <node id="10255860054" visible="true" version="1" changeset="130004180" timestamp="2022-12-12T16:00:02Z" user="Linhares" uid="1310899" lat="-19.3150567" lon="-47.4920538"/>
 <node id="10255860055" visible="true" version="1" changeset="130004180" timestamp="2022-12-12T16:00:02Z" user="Linhares" uid="1310899" lat="-19.3149605" lon="-47.4921316"/>
 <node id="10255860056" visible="true" version="1" changeset="130004180" timestamp="2022-12-12T16:00:02Z" user="Linhares" uid="1310899" lat="-19.3149099" lon="-47.4921477"/>
 <node id="10255860057" visible="true" version="1" changeset="130004180" timestamp="2022-12-12T16:00:02Z" user="Linhares" uid="1310899" lat="-19.3147403" lon="-47.4921638"/>
 <node id="10255860058" visible="true" version="1" changeset="130004180" timestamp="2022-12-12T16:00:02Z" user="Linhares" uid="1310899" lat="-19.3145530" lon="-47.4922121"/>
 <node id="10255860059" visible="true" version="1" changeset="130004180" timestamp="2022-12-12T16:00:02Z" user="Linhares" uid="1310899" lat="-19.3144112" lon="-47.4923274"/>
 <node id="10255860060" visible="true" version="1" changeset="130004180" timestamp="2022-12-12T16:00:02Z" user="Linhares" uid="1310899" lat="-19.3143429" lon="-47.4924776"/>
 <node id="10255860061" visible="true" version="1" changeset="130004180" timestamp="2022-12-12T16:00:02Z" user="Linhares" uid="1310899" lat="-19.3143429" lon="-47.4927673"/>
 <node id="10255860062" visible="true" version="1" changeset="130004180" timestamp="2022-12-12T16:00:02Z" user="Linhares" uid="1310899" lat="-19.3143758" lon="-47.4928102"/>
 <node id="10255860063" visible="true" version="1" changeset="130004180" timestamp="2022-12-12T16:00:02Z" user="Linhares" uid="1310899" lat="-19.3144872" lon="-47.4927995"/>
 <node id="10255860064" visible="true" version="1" changeset="130004180" timestamp="2022-12-12T16:00:02Z" user="Linhares" uid="1310899" lat="-19.3147049" lon="-47.4926841"/>
 <node id="10255860065" visible="true" version="1" changeset="130004180" timestamp="2022-12-12T16:00:02Z" user="Linhares" uid="1310899" lat="-19.3149352" lon="-47.4927405"/>
 <node id="10255860066" visible="true" version="1" changeset="130004180" timestamp="2022-12-12T16:00:02Z" user="Linhares" uid="1310899" lat="-19.3148086" lon="-47.4931347"/>
 <node id="10255860067" visible="true" version="1" changeset="130004180" timestamp="2022-12-12T16:00:02Z" user="Linhares" uid="1310899" lat="-19.3148086" lon="-47.4932474"/>
 <node id="10255860068" visible="true" version="1" changeset="130004180" timestamp="2022-12-12T16:00:02Z" user="Linhares" uid="1310899" lat="-19.3148365" lon="-47.4933735"/>
 <node id="10255860069" visible="true" version="1" changeset="130004180" timestamp="2022-12-12T16:00:02Z" user="Linhares" uid="1310899" lat="-19.3150086" lon="-47.4933869"/>
 <node id="10255860070" visible="true" version="1" changeset="130004180" timestamp="2022-12-12T16:00:02Z" user="Linhares" uid="1310899" lat="-19.3151681" lon="-47.4933359"/>
 <node id="10255860071" visible="true" version="1" changeset="130004180" timestamp="2022-12-12T16:00:02Z" user="Linhares" uid="1310899" lat="-19.3152794" lon="-47.4933440"/>
 <node id="10255860072" visible="true" version="1" changeset="130004180" timestamp="2022-12-12T16:00:02Z" user="Linhares" uid="1310899" lat="-19.3154389" lon="-47.4934405"/>
 <node id="10255860073" visible="true" version="1" changeset="130004180" timestamp="2022-12-12T16:00:02Z" user="Linhares" uid="1310899" lat="-19.3156490" lon="-47.4936551"/>
 <node id="10255860074" visible="true" version="1" changeset="130004180" timestamp="2022-12-12T16:00:02Z" user="Linhares" uid="1310899" lat="-19.3156642" lon="-47.4937087"/>
 <node id="10255860075" visible="true" version="1" changeset="130004180" timestamp="2022-12-12T16:00:02Z" user="Linhares" uid="1310899" lat="-19.3156515" lon="-47.4938321"/>
 <node id="10255860076" visible="true" version="1" changeset="130004180" timestamp="2022-12-12T16:00:02Z" user="Linhares" uid="1310899" lat="-19.3155655" lon="-47.4939099"/>
 <node id="10255860077" visible="true" version="1" changeset="130004180" timestamp="2022-12-12T16:00:02Z" user="Linhares" uid="1310899" lat="-19.3154009" lon="-47.4939340"/>
 <node id="10255860078" visible="true" version="1" changeset="130004180" timestamp="2022-12-12T16:00:02Z" user="Linhares" uid="1310899" lat="-19.3153478" lon="-47.4939635"/>
 <node id="10255860079" visible="true" version="1" changeset="130004180" timestamp="2022-12-12T16:00:02Z" user="Linhares" uid="1310899" lat="-19.3152643" lon="-47.4940360"/>
 <node id="10255860080" visible="true" version="1" changeset="130004180" timestamp="2022-12-12T16:00:02Z" user="Linhares" uid="1310899" lat="-19.3152339" lon="-47.4940869"/>
 <node id="10255860081" visible="true" version="1" changeset="130004180" timestamp="2022-12-12T16:00:02Z" user="Linhares" uid="1310899" lat="-19.3153073" lon="-47.4941379"/>
 <node id="10255860082" visible="true" version="1" changeset="130004180" timestamp="2022-12-12T16:00:02Z" user="Linhares" uid="1310899" lat="-19.3153554" lon="-47.4943122"/>
 <node id="10255860083" visible="true" version="1" changeset="130004180" timestamp="2022-12-12T16:00:02Z" user="Linhares" uid="1310899" lat="-19.3154263" lon="-47.4944034"/>
 <node id="10255860084" visible="true" version="1" changeset="130004180" timestamp="2022-12-12T16:00:02Z" user="Linhares" uid="1310899" lat="-19.3157098" lon="-47.4944222"/>
 <node id="10255860085" visible="true" version="1" changeset="130004180" timestamp="2022-12-12T16:00:02Z" user="Linhares" uid="1310899" lat="-19.3158110" lon="-47.4944839"/>
 <node id="10255860086" visible="true" version="1" changeset="130004180" timestamp="2022-12-12T16:00:02Z" user="Linhares" uid="1310899" lat="-19.3158692" lon="-47.4946368"/>
 <node id="10255860087" visible="true" version="1" changeset="130004180" timestamp="2022-12-12T16:00:02Z" user="Linhares" uid="1310899" lat="-19.3158718" lon="-47.4948648"/>
 <node id="10255860088" visible="true" version="1" changeset="130004180" timestamp="2022-12-12T16:00:02Z" user="Linhares" uid="1310899" lat="-19.3157908" lon="-47.4950364"/>
 <node id="10255860089" visible="true" version="1" changeset="130004180" timestamp="2022-12-12T16:00:02Z" user="Linhares" uid="1310899" lat="-19.3155705" lon="-47.4953395"/>
 <node id="10255860090" visible="true" version="1" changeset="130004180" timestamp="2022-12-12T16:00:02Z" user="Linhares" uid="1310899" lat="-19.3152668" lon="-47.4956748"/>
 <node id="10255860091" visible="true" version="1" changeset="130004180" timestamp="2022-12-12T16:00:02Z" user="Linhares" uid="1310899" lat="-19.3151630" lon="-47.4957338"/>
 <node id="10255860092" visible="true" version="1" changeset="130004180" timestamp="2022-12-12T16:00:02Z" user="Linhares" uid="1310899" lat="-19.3147226" lon="-47.4958277"/>
 <node id="10255860093" visible="true" version="1" changeset="130004180" timestamp="2022-12-12T16:00:02Z" user="Linhares" uid="1310899" lat="-19.3146593" lon="-47.4960530"/>
 <node id="10255860094" visible="true" version="1" changeset="130004180" timestamp="2022-12-12T16:00:02Z" user="Linhares" uid="1310899" lat="-19.3145783" lon="-47.4962032"/>
 <node id="10255860095" visible="true" version="1" changeset="130004180" timestamp="2022-12-12T16:00:02Z" user="Linhares" uid="1310899" lat="-19.3143581" lon="-47.4964607"/>
 <node id="10255860096" visible="true" version="1" changeset="130004180" timestamp="2022-12-12T16:00:02Z" user="Linhares" uid="1310899" lat="-19.3141986" lon="-47.4966109"/>
 <node id="10255860097" visible="true" version="1" changeset="130004180" timestamp="2022-12-12T16:00:02Z" user="Linhares" uid="1310899" lat="-19.3141581" lon="-47.4967182"/>
 <node id="10255860098" visible="true" version="1" changeset="130004180" timestamp="2022-12-12T16:00:02Z" user="Linhares" uid="1310899" lat="-19.3141176" lon="-47.4969327"/>
 <node id="10255860099" visible="true" version="1" changeset="130004180" timestamp="2022-12-12T16:00:02Z" user="Linhares" uid="1310899" lat="-19.3139607" lon="-47.4972439"/>
 <node id="10255860100" visible="true" version="1" changeset="130004180" timestamp="2022-12-12T16:00:02Z" user="Linhares" uid="1310899" lat="-19.3138139" lon="-47.4976543"/>
 <node id="10255860101" visible="true" version="1" changeset="130004180" timestamp="2022-12-12T16:00:02Z" user="Linhares" uid="1310899" lat="-19.3138139" lon="-47.4977052"/>
 <node id="10255860102" visible="true" version="1" changeset="130004180" timestamp="2022-12-12T16:00:02Z" user="Linhares" uid="1310899" lat="-19.3138417" lon="-47.4977589"/>
 <node id="10255860103" visible="true" version="1" changeset="130004180" timestamp="2022-12-12T16:00:02Z" user="Linhares" uid="1310899" lat="-19.3140113" lon="-47.4976972"/>
 <node id="10255860104" visible="true" version="1" changeset="130004180" timestamp="2022-12-12T16:00:02Z" user="Linhares" uid="1310899" lat="-19.3141201" lon="-47.4976999"/>
 <node id="10255860105" visible="true" version="1" changeset="130004180" timestamp="2022-12-12T16:00:02Z" user="Linhares" uid="1310899" lat="-19.3141733" lon="-47.4977294"/>
 <node id="10255860106" visible="true" version="1" changeset="130004180" timestamp="2022-12-12T16:00:02Z" user="Linhares" uid="1310899" lat="-19.3141834" lon="-47.4978474"/>
 <node id="10255860107" visible="true" version="1" changeset="130004180" timestamp="2022-12-12T16:00:02Z" user="Linhares" uid="1310899" lat="-19.3141328" lon="-47.4980834"/>
 <node id="10255860108" visible="true" version="1" changeset="130004180" timestamp="2022-12-12T16:00:02Z" user="Linhares" uid="1310899" lat="-19.3141049" lon="-47.4985206"/>
 <node id="10255860109" visible="true" version="1" changeset="130004180" timestamp="2022-12-12T16:00:02Z" user="Linhares" uid="1310899" lat="-19.3140796" lon="-47.4986440"/>
 <node id="10255860110" visible="true" version="1" changeset="130004180" timestamp="2022-12-12T16:00:02Z" user="Linhares" uid="1310899" lat="-19.3139834" lon="-47.4988022"/>
 <node id="10255860111" visible="true" version="1" changeset="130004180" timestamp="2022-12-12T16:00:02Z" user="Linhares" uid="1310899" lat="-19.3136240" lon="-47.4990168"/>
 <node id="10255860112" visible="true" version="1" changeset="130004180" timestamp="2022-12-12T16:00:02Z" user="Linhares" uid="1310899" lat="-19.3135936" lon="-47.4990597"/>
 <node id="10255860113" visible="true" version="1" changeset="130004180" timestamp="2022-12-12T16:00:02Z" user="Linhares" uid="1310899" lat="-19.3134266" lon="-47.4997491"/>
 <node id="10255860114" visible="true" version="1" changeset="130004180" timestamp="2022-12-12T16:00:02Z" user="Linhares" uid="1310899" lat="-19.3134240" lon="-47.4999985"/>
 <node id="10255860115" visible="true" version="1" changeset="130004180" timestamp="2022-12-12T16:00:02Z" user="Linhares" uid="1310899" lat="-19.3134721" lon="-47.5002372"/>
 <node id="10255860116" visible="true" version="1" changeset="130004180" timestamp="2022-12-12T16:00:02Z" user="Linhares" uid="1310899" lat="-19.3134620" lon="-47.5003633"/>
 <node id="10255860117" visible="true" version="1" changeset="130004180" timestamp="2022-12-12T16:00:02Z" user="Linhares" uid="1310899" lat="-19.3134038" lon="-47.5004599"/>
 <node id="10255860118" visible="true" version="1" changeset="130004180" timestamp="2022-12-12T16:00:02Z" user="Linhares" uid="1310899" lat="-19.3131810" lon="-47.5005028"/>
 <node id="10255860119" visible="true" version="1" changeset="130004180" timestamp="2022-12-12T16:00:02Z" user="Linhares" uid="1310899" lat="-19.3131000" lon="-47.5005725"/>
 <node id="10255860120" visible="true" version="1" changeset="130004180" timestamp="2022-12-12T16:00:02Z" user="Linhares" uid="1310899" lat="-19.3130216" lon="-47.5006744"/>
 <node id="10255860121" visible="true" version="1" changeset="130004180" timestamp="2022-12-12T16:00:02Z" user="Linhares" uid="1310899" lat="-19.3129279" lon="-47.5009561"/>
 <node id="10255860122" visible="true" version="1" changeset="130004180" timestamp="2022-12-12T16:00:02Z" user="Linhares" uid="1310899" lat="-19.3129279" lon="-47.5011197"/>
 <node id="10255860123" visible="true" version="1" changeset="130004180" timestamp="2022-12-12T16:00:02Z" user="Linhares" uid="1310899" lat="-19.3129861" lon="-47.5013316"/>
 <node id="10255860124" visible="true" version="1" changeset="130004180" timestamp="2022-12-12T16:00:02Z" user="Linhares" uid="1310899" lat="-19.3132671" lon="-47.5017822"/>
 <node id="10255860125" visible="true" version="1" changeset="130004180" timestamp="2022-12-12T16:00:02Z" user="Linhares" uid="1310899" lat="-19.3134823" lon="-47.5022757"/>
 <node id="10255860126" visible="true" version="1" changeset="130004180" timestamp="2022-12-12T16:00:02Z" user="Linhares" uid="1310899" lat="-19.3134772" lon="-47.5023991"/>
 <node id="10255860127" visible="true" version="1" changeset="130004180" timestamp="2022-12-12T16:00:02Z" user="Linhares" uid="1310899" lat="-19.3134443" lon="-47.5025252"/>
 <node id="10255860128" visible="true" version="1" changeset="130004180" timestamp="2022-12-12T16:00:02Z" user="Linhares" uid="1310899" lat="-19.3133329" lon="-47.5027263"/>
 <node id="10255860129" visible="true" version="1" changeset="130004180" timestamp="2022-12-12T16:00:02Z" user="Linhares" uid="1310899" lat="-19.3132317" lon="-47.5029650"/>
 <node id="10255860130" visible="true" version="1" changeset="130004180" timestamp="2022-12-12T16:00:02Z" user="Linhares" uid="1310899" lat="-19.3129785" lon="-47.5038984"/>
 <node id="10255860131" visible="true" version="1" changeset="130004180" timestamp="2022-12-12T16:00:02Z" user="Linhares" uid="1310899" lat="-19.3129659" lon="-47.5040942"/>
 <node id="10255860132" visible="true" version="1" changeset="130004180" timestamp="2022-12-12T16:00:02Z" user="Linhares" uid="1310899" lat="-19.3130494" lon="-47.5050652"/>
 <node id="10255860133" visible="true" version="1" changeset="130004180" timestamp="2022-12-12T16:00:02Z" user="Linhares" uid="1310899" lat="-19.3130950" lon="-47.5051591"/>
 <node id="10255860134" visible="true" version="1" changeset="130004180" timestamp="2022-12-12T16:00:02Z" user="Linhares" uid="1310899" lat="-19.3131886" lon="-47.5052127"/>
 <node id="10255860135" visible="true" version="1" changeset="130004180" timestamp="2022-12-12T16:00:02Z" user="Linhares" uid="1310899" lat="-19.3132975" lon="-47.5052020"/>
 <node id="10255860136" visible="true" version="1" changeset="130004180" timestamp="2022-12-12T16:00:02Z" user="Linhares" uid="1310899" lat="-19.3135253" lon="-47.5050116"/>
 <node id="10255860137" visible="true" version="1" changeset="130004180" timestamp="2022-12-12T16:00:02Z" user="Linhares" uid="1310899" lat="-19.3135911" lon="-47.5049928"/>
 <node id="10255860138" visible="true" version="1" changeset="130004180" timestamp="2022-12-12T16:00:02Z" user="Linhares" uid="1310899" lat="-19.3137632" lon="-47.5050169"/>
 <node id="10255860139" visible="true" version="1" changeset="130004180" timestamp="2022-12-12T16:00:02Z" user="Linhares" uid="1310899" lat="-19.3138518" lon="-47.5050974"/>
 <node id="10255860140" visible="true" version="1" changeset="130004180" timestamp="2022-12-12T16:00:02Z" user="Linhares" uid="1310899" lat="-19.3138721" lon="-47.5051484"/>
 <node id="10255860141" visible="true" version="1" changeset="130004180" timestamp="2022-12-12T16:00:02Z" user="Linhares" uid="1310899" lat="-19.3138645" lon="-47.5052020"/>
 <node id="10255860142" visible="true" version="1" changeset="130004180" timestamp="2022-12-12T16:00:02Z" user="Linhares" uid="1310899" lat="-19.3138164" lon="-47.5052986"/>
 <node id="10255860143" visible="true" version="1" changeset="130004180" timestamp="2022-12-12T16:00:02Z" user="Linhares" uid="1310899" lat="-19.3137430" lon="-47.5053844"/>
 <node id="10255860144" visible="true" version="1" changeset="130004180" timestamp="2022-12-12T16:00:02Z" user="Linhares" uid="1310899" lat="-19.3135784" lon="-47.5054407"/>
 <node id="10255860145" visible="true" version="1" changeset="130004180" timestamp="2022-12-12T16:00:02Z" user="Linhares" uid="1310899" lat="-19.3133380" lon="-47.5054729"/>
 <node id="10255860146" visible="true" version="1" changeset="130004180" timestamp="2022-12-12T16:00:02Z" user="Linhares" uid="1310899" lat="-19.3132899" lon="-47.5055024"/>
 <node id="10255860147" visible="true" version="1" changeset="130004180" timestamp="2022-12-12T16:00:02Z" user="Linhares" uid="1310899" lat="-19.3131507" lon="-47.5056902"/>
 <node id="10255860148" visible="true" version="1" changeset="130004180" timestamp="2022-12-12T16:00:02Z" user="Linhares" uid="1310899" lat="-19.3130469" lon="-47.5058860"/>
 <node id="10255860149" visible="true" version="1" changeset="130004180" timestamp="2022-12-12T16:00:02Z" user="Linhares" uid="1310899" lat="-19.3129659" lon="-47.5066450"/>
 <node id="10255860150" visible="true" version="1" changeset="130004180" timestamp="2022-12-12T16:00:02Z" user="Linhares" uid="1310899" lat="-19.3130064" lon="-47.5067550"/>
 <node id="10255860151" visible="true" version="1" changeset="130004180" timestamp="2022-12-12T16:00:02Z" user="Linhares" uid="1310899" lat="-19.3132266" lon="-47.5068462"/>
 <node id="10255860152" visible="true" version="1" changeset="130004180" timestamp="2022-12-12T16:00:02Z" user="Linhares" uid="1310899" lat="-19.3133962" lon="-47.5068650"/>
 <node id="10255860153" visible="true" version="1" changeset="130004180" timestamp="2022-12-12T16:00:02Z" user="Linhares" uid="1310899" lat="-19.3135000" lon="-47.5069213"/>
 <node id="10255860154" visible="true" version="1" changeset="130004180" timestamp="2022-12-12T16:00:02Z" user="Linhares" uid="1310899" lat="-19.3136772" lon="-47.5070769"/>
 <node id="10255860155" visible="true" version="1" changeset="130004180" timestamp="2022-12-12T16:00:02Z" user="Linhares" uid="1310899" lat="-19.3137506" lon="-47.5071842"/>
 <node id="10255860156" visible="true" version="1" changeset="130004180" timestamp="2022-12-12T16:00:02Z" user="Linhares" uid="1310899" lat="-19.3137734" lon="-47.5072458"/>
 <node id="10255860157" visible="true" version="1" changeset="130004180" timestamp="2022-12-12T16:00:02Z" user="Linhares" uid="1310899" lat="-19.3137708" lon="-47.5073639"/>
 <node id="10255860158" visible="true" version="1" changeset="130004180" timestamp="2022-12-12T16:00:02Z" user="Linhares" uid="1310899" lat="-19.3135506" lon="-47.5077528"/>
 <node id="10255860159" visible="true" version="1" changeset="130004180" timestamp="2022-12-12T16:00:02Z" user="Linhares" uid="1310899" lat="-19.3134519" lon="-47.5080371"/>
 <node id="10255860160" visible="true" version="1" changeset="130004180" timestamp="2022-12-12T16:00:02Z" user="Linhares" uid="1310899" lat="-19.3134190" lon="-47.5080854"/>
 <node id="10255860161" visible="true" version="1" changeset="130004180" timestamp="2022-12-12T16:00:02Z" user="Linhares" uid="1310899" lat="-19.3132367" lon="-47.5082195"/>
 <node id="10255860162" visible="true" version="1" changeset="130004180" timestamp="2022-12-12T16:00:02Z" user="Linhares" uid="1310899" lat="-19.3131051" lon="-47.5082704"/>
 <node id="10255860163" visible="true" version="1" changeset="130004180" timestamp="2022-12-12T16:00:02Z" user="Linhares" uid="1310899" lat="-19.3129482" lon="-47.5083670"/>
 <node id="10255860164" visible="true" version="1" changeset="130004180" timestamp="2022-12-12T16:00:02Z" user="Linhares" uid="1310899" lat="-19.3128672" lon="-47.5084421"/>
 <node id="10255860165" visible="true" version="1" changeset="130004180" timestamp="2022-12-12T16:00:02Z" user="Linhares" uid="1310899" lat="-19.3128140" lon="-47.5085360"/>
 <node id="10255860166" visible="true" version="1" changeset="130004180" timestamp="2022-12-12T16:00:02Z" user="Linhares" uid="1310899" lat="-19.3127583" lon="-47.5087076"/>
 <node id="10255860167" visible="true" version="1" changeset="130004180" timestamp="2022-12-12T16:00:02Z" user="Linhares" uid="1310899" lat="-19.3125912" lon="-47.5097322"/>
 <node id="10255860168" visible="true" version="1" changeset="130004180" timestamp="2022-12-12T16:00:02Z" user="Linhares" uid="1310899" lat="-19.3125533" lon="-47.5101587"/>
 <node id="10255860169" visible="true" version="1" changeset="130004180" timestamp="2022-12-12T16:00:02Z" user="Linhares" uid="1310899" lat="-19.3125027" lon="-47.5103545"/>
 <node id="10255860170" visible="true" version="1" changeset="130004180" timestamp="2022-12-12T16:00:02Z" user="Linhares" uid="1310899" lat="-19.3123786" lon="-47.5106174"/>
 <node id="10255860171" visible="true" version="1" changeset="130004180" timestamp="2022-12-12T16:00:02Z" user="Linhares" uid="1310899" lat="-19.3124292" lon="-47.5108480"/>
 <node id="10255860172" visible="true" version="1" changeset="130004180" timestamp="2022-12-12T16:00:02Z" user="Linhares" uid="1310899" lat="-19.3125128" lon="-47.5110009"/>
 <node id="10255860173" visible="true" version="1" changeset="130004180" timestamp="2022-12-12T16:00:02Z" user="Linhares" uid="1310899" lat="-19.3126317" lon="-47.5111538"/>
 <node id="10255860174" visible="true" version="1" changeset="130004180" timestamp="2022-12-12T16:00:02Z" user="Linhares" uid="1310899" lat="-19.3128393" lon="-47.5112638"/>
 <node id="10255860175" visible="true" version="1" changeset="130004180" timestamp="2022-12-12T16:00:02Z" user="Linhares" uid="1310899" lat="-19.3129178" lon="-47.5114247"/>
 <node id="10255860176" visible="true" version="1" changeset="130004180" timestamp="2022-12-12T16:00:02Z" user="Linhares" uid="1310899" lat="-19.3130013" lon="-47.5119853"/>
 <node id="10255860177" visible="true" version="1" changeset="130004180" timestamp="2022-12-12T16:00:02Z" user="Linhares" uid="1310899" lat="-19.3131734" lon="-47.5123394"/>
 <node id="10255860178" visible="true" version="1" changeset="130004180" timestamp="2022-12-12T16:00:02Z" user="Linhares" uid="1310899" lat="-19.3131912" lon="-47.5126344"/>
 <node id="10255860179" visible="true" version="1" changeset="130004180" timestamp="2022-12-12T16:00:02Z" user="Linhares" uid="1310899" lat="-19.3131532" lon="-47.5127363"/>
 <node id="10255860180" visible="true" version="1" changeset="130004180" timestamp="2022-12-12T16:00:02Z" user="Linhares" uid="1310899" lat="-19.3130368" lon="-47.5128597"/>
 <node id="10255860181" visible="true" version="1" changeset="130004180" timestamp="2022-12-12T16:00:02Z" user="Linhares" uid="1310899" lat="-19.3129153" lon="-47.5131145"/>
 <node id="10255860182" visible="true" version="1" changeset="130004180" timestamp="2022-12-12T16:00:02Z" user="Linhares" uid="1310899" lat="-19.3127305" lon="-47.5132889"/>
 <node id="10255860183" visible="true" version="1" changeset="130004180" timestamp="2022-12-12T16:00:02Z" user="Linhares" uid="1310899" lat="-19.3126166" lon="-47.5133318"/>
 <node id="10255860184" visible="true" version="1" changeset="130004180" timestamp="2022-12-12T16:00:02Z" user="Linhares" uid="1310899" lat="-19.3124444" lon="-47.5133613"/>
 <node id="10255860185" visible="true" version="1" changeset="130004180" timestamp="2022-12-12T16:00:02Z" user="Linhares" uid="1310899" lat="-19.3122192" lon="-47.5133452"/>
 <node id="10255860186" visible="true" version="1" changeset="130004180" timestamp="2022-12-12T16:00:02Z" user="Linhares" uid="1310899" lat="-19.3120445" lon="-47.5132754"/>
 <node id="10255860187" visible="true" version="1" changeset="130004180" timestamp="2022-12-12T16:00:02Z" user="Linhares" uid="1310899" lat="-19.3118572" lon="-47.5131279"/>
 <node id="10255860188" visible="true" version="1" changeset="130004180" timestamp="2022-12-12T16:00:02Z" user="Linhares" uid="1310899" lat="-19.3114699" lon="-47.5133318"/>
 <node id="10255860189" visible="true" version="1" changeset="130004180" timestamp="2022-12-12T16:00:02Z" user="Linhares" uid="1310899" lat="-19.3114243" lon="-47.5134283"/>
 <node id="10255860190" visible="true" version="1" changeset="130004180" timestamp="2022-12-12T16:00:02Z" user="Linhares" uid="1310899" lat="-19.3114015" lon="-47.5135383"/>
 <node id="10255860191" visible="true" version="1" changeset="130004180" timestamp="2022-12-12T16:00:02Z" user="Linhares" uid="1310899" lat="-19.3114345" lon="-47.5138548"/>
 <node id="10255860192" visible="true" version="1" changeset="130004180" timestamp="2022-12-12T16:00:02Z" user="Linhares" uid="1310899" lat="-19.3114851" lon="-47.5138655"/>
 <node id="10255860193" visible="true" version="1" changeset="130004180" timestamp="2022-12-12T16:00:02Z" user="Linhares" uid="1310899" lat="-19.3115711" lon="-47.5139272"/>
 <node id="10255860194" visible="true" version="1" changeset="130004180" timestamp="2022-12-12T16:00:02Z" user="Linhares" uid="1310899" lat="-19.3116496" lon="-47.5141579"/>
 <node id="10255860195" visible="true" version="1" changeset="130004180" timestamp="2022-12-12T16:00:02Z" user="Linhares" uid="1310899" lat="-19.3116926" lon="-47.5141954"/>
 <node id="10255860196" visible="true" version="1" changeset="130004180" timestamp="2022-12-12T16:00:02Z" user="Linhares" uid="1310899" lat="-19.3117964" lon="-47.5141740"/>
 <node id="10255860197" visible="true" version="1" changeset="130004180" timestamp="2022-12-12T16:00:02Z" user="Linhares" uid="1310899" lat="-19.3119027" lon="-47.5141794"/>
 <node id="10255860198" visible="true" version="1" changeset="130004180" timestamp="2022-12-12T16:00:02Z" user="Linhares" uid="1310899" lat="-19.3119584" lon="-47.5141928"/>
 <node id="10255860199" visible="true" version="1" changeset="130004180" timestamp="2022-12-12T16:00:02Z" user="Linhares" uid="1310899" lat="-19.3119812" lon="-47.5142384"/>
 <node id="10255860200" visible="true" version="1" changeset="130004180" timestamp="2022-12-12T16:00:02Z" user="Linhares" uid="1310899" lat="-19.3119559" lon="-47.5143483"/>
 <node id="10255860201" visible="true" version="1" changeset="130004180" timestamp="2022-12-12T16:00:02Z" user="Linhares" uid="1310899" lat="-19.3120040" lon="-47.5146541"/>
 <node id="10255860202" visible="true" version="1" changeset="130004180" timestamp="2022-12-12T16:00:02Z" user="Linhares" uid="1310899" lat="-19.3121812" lon="-47.5153005"/>
 <node id="10255860203" visible="true" version="1" changeset="130004180" timestamp="2022-12-12T16:00:02Z" user="Linhares" uid="1310899" lat="-19.3121533" lon="-47.5157753"/>
 <node id="10255860204" visible="true" version="1" changeset="130004180" timestamp="2022-12-12T16:00:02Z" user="Linhares" uid="1310899" lat="-19.3118572" lon="-47.5161937"/>
 <node id="10255860205" visible="true" version="1" changeset="130004180" timestamp="2022-12-12T16:00:02Z" user="Linhares" uid="1310899" lat="-19.3115838" lon="-47.5164887"/>
 <node id="10255860206" visible="true" version="1" changeset="130004180" timestamp="2022-12-12T16:00:02Z" user="Linhares" uid="1310899" lat="-19.3114724" lon="-47.5166443"/>
 <node id="10255860207" visible="true" version="1" changeset="130004180" timestamp="2022-12-12T16:00:02Z" user="Linhares" uid="1310899" lat="-19.3113965" lon="-47.5171325"/>
 <node id="10255860208" visible="true" version="1" changeset="130004180" timestamp="2022-12-12T16:00:02Z" user="Linhares" uid="1310899" lat="-19.3113307" lon="-47.5173041"/>
 <node id="10255860209" visible="true" version="1" changeset="130004180" timestamp="2022-12-12T16:00:02Z" user="Linhares" uid="1310899" lat="-19.3112117" lon="-47.5174946"/>
 <node id="10255860210" visible="true" version="1" changeset="130004180" timestamp="2022-12-12T16:00:02Z" user="Linhares" uid="1310899" lat="-19.3111687" lon="-47.5175187"/>
 <node id="10255860211" visible="true" version="1" changeset="130004180" timestamp="2022-12-12T16:00:02Z" user="Linhares" uid="1310899" lat="-19.3109054" lon="-47.5174999"/>
 <node id="10255860212" visible="true" version="1" changeset="130004180" timestamp="2022-12-12T16:00:02Z" user="Linhares" uid="1310899" lat="-19.3107257" lon="-47.5175482"/>
 <node id="10255860213" visible="true" version="1" changeset="130004180" timestamp="2022-12-12T16:00:02Z" user="Linhares" uid="1310899" lat="-19.3105890" lon="-47.5176635"/>
 <node id="10255860214" visible="true" version="1" changeset="130004180" timestamp="2022-12-12T16:00:02Z" user="Linhares" uid="1310899" lat="-19.3105637" lon="-47.5177118"/>
 <node id="10255860215" visible="true" version="1" changeset="130004180" timestamp="2022-12-12T16:00:02Z" user="Linhares" uid="1310899" lat="-19.3104700" lon="-47.5183582"/>
 <node id="10255860216" visible="true" version="1" changeset="130004180" timestamp="2022-12-12T16:00:02Z" user="Linhares" uid="1310899" lat="-19.3103333" lon="-47.5188652"/>
 <node id="10255860217" visible="true" version="1" changeset="130004180" timestamp="2022-12-12T16:00:02Z" user="Linhares" uid="1310899" lat="-19.3102903" lon="-47.5192595"/>
 <node id="10255860218" visible="true" version="1" changeset="130004180" timestamp="2022-12-12T16:00:02Z" user="Linhares" uid="1310899" lat="-19.3100802" lon="-47.5196028"/>
 <node id="10255860219" visible="true" version="1" changeset="130004180" timestamp="2022-12-12T16:00:02Z" user="Linhares" uid="1310899" lat="-19.3099891" lon="-47.5198334"/>
 <node id="10255860220" visible="true" version="1" changeset="130004180" timestamp="2022-12-12T16:00:02Z" user="Linhares" uid="1310899" lat="-19.3099359" lon="-47.5200829"/>
 <node id="10255860221" visible="true" version="1" changeset="130004180" timestamp="2022-12-12T16:00:02Z" user="Linhares" uid="1310899" lat="-19.3099233" lon="-47.5202465"/>
 <node id="10255860222" visible="true" version="1" changeset="130004180" timestamp="2022-12-12T16:00:02Z" user="Linhares" uid="1310899" lat="-19.3097309" lon="-47.5205255"/>
 <node id="10255860223" visible="true" version="1" changeset="130004180" timestamp="2022-12-12T16:00:02Z" user="Linhares" uid="1310899" lat="-19.3095942" lon="-47.5208554"/>
 <node id="10255860224" visible="true" version="1" changeset="130004180" timestamp="2022-12-12T16:00:02Z" user="Linhares" uid="1310899" lat="-19.3095537" lon="-47.5209814"/>
 <node id="10255860225" visible="true" version="1" changeset="130004180" timestamp="2022-12-12T16:00:02Z" user="Linhares" uid="1310899" lat="-19.3095461" lon="-47.5214106"/>
 <node id="10255860226" visible="true" version="1" changeset="130004180" timestamp="2022-12-12T16:00:02Z" user="Linhares" uid="1310899" lat="-19.3093790" lon="-47.5219175"/>
 <node id="10255860227" visible="true" version="1" changeset="130004180" timestamp="2022-12-12T16:00:02Z" user="Linhares" uid="1310899" lat="-19.3094119" lon="-47.5222474"/>
 <node id="10255860228" visible="true" version="1" changeset="130004180" timestamp="2022-12-12T16:00:02Z" user="Linhares" uid="1310899" lat="-19.3094398" lon="-47.5222957"/>
 <node id="10255860229" visible="true" version="1" changeset="130004180" timestamp="2022-12-12T16:00:02Z" user="Linhares" uid="1310899" lat="-19.3094879" lon="-47.5223279"/>
 <node id="10255860230" visible="true" version="1" changeset="130004180" timestamp="2022-12-12T16:00:02Z" user="Linhares" uid="1310899" lat="-19.3096018" lon="-47.5223386"/>
 <node id="10255860231" visible="true" version="1" changeset="130004180" timestamp="2022-12-12T16:00:02Z" user="Linhares" uid="1310899" lat="-19.3096600" lon="-47.5223172"/>
 <node id="10255860232" visible="true" version="1" changeset="130004180" timestamp="2022-12-12T16:00:02Z" user="Linhares" uid="1310899" lat="-19.3099764" lon="-47.5220168"/>
 <node id="10255860233" visible="true" version="1" changeset="130004180" timestamp="2022-12-12T16:00:02Z" user="Linhares" uid="1310899" lat="-19.3100903" lon="-47.5220221"/>
 <node id="10255860234" visible="true" version="1" changeset="130004180" timestamp="2022-12-12T16:00:02Z" user="Linhares" uid="1310899" lat="-19.3101410" lon="-47.5220490"/>
 <node id="10255860235" visible="true" version="1" changeset="130004180" timestamp="2022-12-12T16:00:02Z" user="Linhares" uid="1310899" lat="-19.3101764" lon="-47.5220919"/>
 <node id="10255860236" visible="true" version="1" changeset="130004180" timestamp="2022-12-12T16:00:02Z" user="Linhares" uid="1310899" lat="-19.3102169" lon="-47.5222045"/>
 <node id="10255860237" visible="true" version="1" changeset="130004180" timestamp="2022-12-12T16:00:02Z" user="Linhares" uid="1310899" lat="-19.3101916" lon="-47.5224432"/>
 <node id="10255860238" visible="true" version="1" changeset="130004180" timestamp="2022-12-12T16:00:02Z" user="Linhares" uid="1310899" lat="-19.3101106" lon="-47.5226685"/>
 <node id="10255860239" visible="true" version="1" changeset="130004180" timestamp="2022-12-12T16:00:02Z" user="Linhares" uid="1310899" lat="-19.3100296" lon="-47.5227678"/>
 <node id="10255860240" visible="true" version="1" changeset="130004180" timestamp="2022-12-12T16:00:02Z" user="Linhares" uid="1310899" lat="-19.3098094" lon="-47.5229743"/>
 <node id="10255860241" visible="true" version="1" changeset="130004180" timestamp="2022-12-12T16:00:02Z" user="Linhares" uid="1310899" lat="-19.3097081" lon="-47.5231272"/>
 <node id="10255860242" visible="true" version="1" changeset="130004180" timestamp="2022-12-12T16:00:02Z" user="Linhares" uid="1310899" lat="-19.3096752" lon="-47.5232425"/>
 <node id="10255860243" visible="true" version="1" changeset="130004180" timestamp="2022-12-12T16:00:02Z" user="Linhares" uid="1310899" lat="-19.3096524" lon="-47.5234732"/>
 <node id="10255860244" visible="true" version="1" changeset="130004180" timestamp="2022-12-12T16:00:02Z" user="Linhares" uid="1310899" lat="-19.3095942" lon="-47.5236422"/>
 <node id="10255860245" visible="true" version="1" changeset="130004180" timestamp="2022-12-12T16:00:02Z" user="Linhares" uid="1310899" lat="-19.3094929" lon="-47.5237173"/>
 <node id="10255860246" visible="true" version="1" changeset="130004180" timestamp="2022-12-12T16:00:02Z" user="Linhares" uid="1310899" lat="-19.3093765" lon="-47.5237200"/>
 <node id="10255860247" visible="true" version="1" changeset="130004180" timestamp="2022-12-12T16:00:02Z" user="Linhares" uid="1310899" lat="-19.3092601" lon="-47.5236985"/>
 <node id="10255860248" visible="true" version="1" changeset="130004180" timestamp="2022-12-12T16:00:02Z" user="Linhares" uid="1310899" lat="-19.3090854" lon="-47.5236261"/>
 <node id="10255860249" visible="true" version="1" changeset="130004180" timestamp="2022-12-12T16:00:02Z" user="Linhares" uid="1310899" lat="-19.3087791" lon="-47.5235993"/>
 <node id="10255860250" visible="true" version="1" changeset="130004180" timestamp="2022-12-12T16:00:02Z" user="Linhares" uid="1310899" lat="-19.3087310" lon="-47.5235724"/>
 <node id="10255860251" visible="true" version="1" changeset="130004180" timestamp="2022-12-12T16:00:02Z" user="Linhares" uid="1310899" lat="-19.3085893" lon="-47.5234491"/>
 <node id="10255860252" visible="true" version="1" changeset="130004180" timestamp="2022-12-12T16:00:02Z" user="Linhares" uid="1310899" lat="-19.3084323" lon="-47.5231889"/>
 <node id="10255860253" visible="true" version="1" changeset="130004180" timestamp="2022-12-12T16:00:02Z" user="Linhares" uid="1310899" lat="-19.3081260" lon="-47.5228697"/>
 <node id="10255860254" visible="true" version="1" changeset="130004180" timestamp="2022-12-12T16:00:02Z" user="Linhares" uid="1310899" lat="-19.3079083" lon="-47.5225613"/>
 <node id="10255860255" visible="true" version="1" changeset="130004180" timestamp="2022-12-12T16:00:02Z" user="Linhares" uid="1310899" lat="-19.3077311" lon="-47.5223762"/>
 <node id="10255860256" visible="true" version="1" changeset="130004180" timestamp="2022-12-12T16:00:02Z" user="Linhares" uid="1310899" lat="-19.3077033" lon="-47.5223252"/>
 <node id="10255860257" visible="true" version="1" changeset="130004180" timestamp="2022-12-12T16:00:02Z" user="Linhares" uid="1310899" lat="-19.3076375" lon="-47.5218719"/>
 <node id="10255860258" visible="true" version="1" changeset="130004180" timestamp="2022-12-12T16:00:02Z" user="Linhares" uid="1310899" lat="-19.3075767" lon="-47.5217539"/>
 <node id="10255860259" visible="true" version="1" changeset="130004180" timestamp="2022-12-12T16:00:02Z" user="Linhares" uid="1310899" lat="-19.3073742" lon="-47.5215313"/>
 <node id="10255860260" visible="true" version="1" changeset="130004180" timestamp="2022-12-12T16:00:02Z" user="Linhares" uid="1310899" lat="-19.3071135" lon="-47.5214320"/>
 <node id="10255860261" visible="true" version="1" changeset="130004180" timestamp="2022-12-12T16:00:02Z" user="Linhares" uid="1310899" lat="-19.3069413" lon="-47.5214320"/>
 <node id="10255860262" visible="true" version="1" changeset="130004180" timestamp="2022-12-12T16:00:02Z" user="Linhares" uid="1310899" lat="-19.3068426" lon="-47.5215232"/>
 <node id="10255860263" visible="true" version="1" changeset="130004180" timestamp="2022-12-12T16:00:02Z" user="Linhares" uid="1310899" lat="-19.3066958" lon="-47.5218129"/>
 <node id="10255860264" visible="true" version="1" changeset="130004180" timestamp="2022-12-12T16:00:02Z" user="Linhares" uid="1310899" lat="-19.3066452" lon="-47.5220758"/>
 <node id="10255860265" visible="true" version="1" changeset="130004180" timestamp="2022-12-12T16:00:02Z" user="Linhares" uid="1310899" lat="-19.3066452" lon="-47.5223789"/>
 <node id="10255860266" visible="true" version="1" changeset="130004180" timestamp="2022-12-12T16:00:02Z" user="Linhares" uid="1310899" lat="-19.3065616" lon="-47.5225398"/>
 <node id="10255860267" visible="true" version="1" changeset="130004180" timestamp="2022-12-12T16:00:02Z" user="Linhares" uid="1310899" lat="-19.3064325" lon="-47.5226444"/>
 <node id="10255860268" visible="true" version="1" changeset="130004180" timestamp="2022-12-12T16:00:02Z" user="Linhares" uid="1310899" lat="-19.3062579" lon="-47.5226417"/>
 <node id="10255860269" visible="true" version="1" changeset="130004180" timestamp="2022-12-12T16:00:02Z" user="Linhares" uid="1310899" lat="-19.3060984" lon="-47.5225827"/>
 <node id="10255860270" visible="true" version="1" changeset="130004180" timestamp="2022-12-12T16:00:02Z" user="Linhares" uid="1310899" lat="-19.3059820" lon="-47.5225693"/>
 <node id="10255860271" visible="true" version="1" changeset="130004180" timestamp="2022-12-12T16:00:02Z" user="Linhares" uid="1310899" lat="-19.3058250" lon="-47.5226310"/>
 <node id="10255860272" visible="true" version="1" changeset="130004180" timestamp="2022-12-12T16:00:02Z" user="Linhares" uid="1310899" lat="-19.3058022" lon="-47.5226766"/>
 <node id="10255860273" visible="true" version="1" changeset="130004180" timestamp="2022-12-12T16:00:02Z" user="Linhares" uid="1310899" lat="-19.3058453" lon="-47.5227731"/>
 <node id="10255860274" visible="true" version="1" changeset="130004180" timestamp="2022-12-12T16:00:02Z" user="Linhares" uid="1310899" lat="-19.3060022" lon="-47.5229609"/>
 <node id="10255860275" visible="true" version="1" changeset="130004180" timestamp="2022-12-12T16:00:02Z" user="Linhares" uid="1310899" lat="-19.3060478" lon="-47.5230628"/>
 <node id="10255860276" visible="true" version="1" changeset="130004180" timestamp="2022-12-12T16:00:02Z" user="Linhares" uid="1310899" lat="-19.3060174" lon="-47.5233498"/>
 <node id="10255860277" visible="true" version="1" changeset="130004180" timestamp="2022-12-12T16:00:02Z" user="Linhares" uid="1310899" lat="-19.3056706" lon="-47.5236771"/>
 <node id="10255860278" visible="true" version="1" changeset="130004180" timestamp="2022-12-12T16:00:02Z" user="Linhares" uid="1310899" lat="-19.3055263" lon="-47.5237361"/>
 <node id="10255860279" visible="true" version="1" changeset="130004180" timestamp="2022-12-12T16:00:02Z" user="Linhares" uid="1310899" lat="-19.3052453" lon="-47.5238031"/>
 <node id="10255860280" visible="true" version="1" changeset="130004180" timestamp="2022-12-12T16:00:02Z" user="Linhares" uid="1310899" lat="-19.3050453" lon="-47.5239426"/>
 <node id="10255860281" visible="true" version="1" changeset="130004180" timestamp="2022-12-12T16:00:02Z" user="Linhares" uid="1310899" lat="-19.3049694" lon="-47.5240311"/>
 <node id="10255860282" visible="true" version="1" changeset="130004180" timestamp="2022-12-12T16:00:02Z" user="Linhares" uid="1310899" lat="-19.3048580" lon="-47.5243637"/>
 <node id="10255860283" visible="true" version="1" changeset="130004180" timestamp="2022-12-12T16:00:02Z" user="Linhares" uid="1310899" lat="-19.3048074" lon="-47.5246453"/>
 <node id="10255860284" visible="true" version="1" changeset="130004180" timestamp="2022-12-12T16:00:02Z" user="Linhares" uid="1310899" lat="-19.3047542" lon="-47.5253373"/>
 <node id="10255860285" visible="true" version="1" changeset="130004180" timestamp="2022-12-12T16:00:02Z" user="Linhares" uid="1310899" lat="-19.3047846" lon="-47.5261876"/>
 <node id="10255860286" visible="true" version="1" changeset="130004180" timestamp="2022-12-12T16:00:02Z" user="Linhares" uid="1310899" lat="-19.3047618" lon="-47.5262386"/>
 <node id="10255860287" visible="true" version="1" changeset="130004180" timestamp="2022-12-12T16:00:02Z" user="Linhares" uid="1310899" lat="-19.3045998" lon="-47.5262412"/>
 <node id="10255860288" visible="true" version="1" changeset="130004180" timestamp="2022-12-12T16:00:02Z" user="Linhares" uid="1310899" lat="-19.3044378" lon="-47.5262198"/>
 <node id="10255860289" visible="true" version="1" changeset="130004180" timestamp="2022-12-12T16:00:02Z" user="Linhares" uid="1310899" lat="-19.3041416" lon="-47.5262520"/>
 <node id="10255860290" visible="true" version="1" changeset="130004180" timestamp="2022-12-12T16:00:02Z" user="Linhares" uid="1310899" lat="-19.3040302" lon="-47.5265765"/>
 <node id="10255860291" visible="true" version="1" changeset="130004180" timestamp="2022-12-12T16:00:02Z" user="Linhares" uid="1310899" lat="-19.3039746" lon="-47.5270540"/>
 <node id="10255860292" visible="true" version="1" changeset="130004180" timestamp="2022-12-12T16:00:02Z" user="Linhares" uid="1310899" lat="-19.3039189" lon="-47.5272042"/>
 <node id="10255860293" visible="true" version="1" changeset="130004180" timestamp="2022-12-12T16:00:02Z" user="Linhares" uid="1310899" lat="-19.3038682" lon="-47.5272256"/>
 <node id="10255860294" visible="true" version="1" changeset="130004180" timestamp="2022-12-12T16:00:02Z" user="Linhares" uid="1310899" lat="-19.3037644" lon="-47.5271881"/>
 <node id="10255860295" visible="true" version="1" changeset="130004180" timestamp="2022-12-12T16:00:02Z" user="Linhares" uid="1310899" lat="-19.3037214" lon="-47.5270781"/>
 <node id="10255860296" visible="true" version="1" changeset="130004180" timestamp="2022-12-12T16:00:02Z" user="Linhares" uid="1310899" lat="-19.3037113" lon="-47.5268930"/>
 <node id="10255860297" visible="true" version="1" changeset="130004180" timestamp="2022-12-12T16:00:02Z" user="Linhares" uid="1310899" lat="-19.3036809" lon="-47.5268394"/>
 <node id="10255860298" visible="true" version="1" changeset="130004180" timestamp="2022-12-12T16:00:02Z" user="Linhares" uid="1310899" lat="-19.3036328" lon="-47.5268126"/>
 <node id="10255860299" visible="true" version="1" changeset="130004180" timestamp="2022-12-12T16:00:02Z" user="Linhares" uid="1310899" lat="-19.3034632" lon="-47.5268126"/>
 <node id="10255860300" visible="true" version="1" changeset="130004180" timestamp="2022-12-12T16:00:02Z" user="Linhares" uid="1310899" lat="-19.3031797" lon="-47.5268716"/>
 <node id="10255860301" visible="true" version="1" changeset="130004180" timestamp="2022-12-12T16:00:02Z" user="Linhares" uid="1310899" lat="-19.3028936" lon="-47.5269011"/>
 <node id="10255860302" visible="true" version="1" changeset="130004180" timestamp="2022-12-12T16:00:02Z" user="Linhares" uid="1310899" lat="-19.3027316" lon="-47.5269440"/>
 <node id="10255860303" visible="true" version="1" changeset="130004180" timestamp="2022-12-12T16:00:02Z" user="Linhares" uid="1310899" lat="-19.3026886" lon="-47.5269118"/>
 <node id="10255860304" visible="true" version="1" changeset="130004180" timestamp="2022-12-12T16:00:02Z" user="Linhares" uid="1310899" lat="-19.3026658" lon="-47.5268501"/>
 <node id="10255860305" visible="true" version="1" changeset="130004180" timestamp="2022-12-12T16:00:02Z" user="Linhares" uid="1310899" lat="-19.3026759" lon="-47.5266650"/>
 <node id="10255860306" visible="true" version="1" changeset="130004180" timestamp="2022-12-12T16:00:02Z" user="Linhares" uid="1310899" lat="-19.3026304" lon="-47.5265497"/>
 <node id="10255860307" visible="true" version="1" changeset="130004180" timestamp="2022-12-12T16:00:02Z" user="Linhares" uid="1310899" lat="-19.3025848" lon="-47.5265175"/>
 <node id="10255860308" visible="true" version="1" changeset="130004180" timestamp="2022-12-12T16:00:02Z" user="Linhares" uid="1310899" lat="-19.3024304" lon="-47.5265202"/>
 <node id="10255860309" visible="true" version="1" changeset="130004180" timestamp="2022-12-12T16:00:02Z" user="Linhares" uid="1310899" lat="-19.3022532" lon="-47.5265685"/>
 <node id="10255860310" visible="true" version="1" changeset="130004180" timestamp="2022-12-12T16:00:02Z" user="Linhares" uid="1310899" lat="-19.3020076" lon="-47.5267723"/>
 <node id="10255860311" visible="true" version="1" changeset="130004180" timestamp="2022-12-12T16:00:02Z" user="Linhares" uid="1310899" lat="-19.3019064" lon="-47.5270969"/>
 <node id="10255860312" visible="true" version="1" changeset="130004180" timestamp="2022-12-12T16:00:02Z" user="Linhares" uid="1310899" lat="-19.3017596" lon="-47.5274590"/>
 <node id="10255860313" visible="true" version="1" changeset="130004180" timestamp="2022-12-12T16:00:02Z" user="Linhares" uid="1310899" lat="-19.3016279" lon="-47.5276575"/>
 <node id="10255860314" visible="true" version="1" changeset="130004180" timestamp="2022-12-12T16:00:02Z" user="Linhares" uid="1310899" lat="-19.3015748" lon="-47.5276816"/>
 <node id="10255860315" visible="true" version="1" changeset="130004180" timestamp="2022-12-12T16:00:02Z" user="Linhares" uid="1310899" lat="-19.3015267" lon="-47.5276709"/>
 <node id="10255860316" visible="true" version="1" changeset="130004180" timestamp="2022-12-12T16:00:02Z" user="Linhares" uid="1310899" lat="-19.3013722" lon="-47.5274670"/>
 <node id="10255860317" visible="true" version="1" changeset="130004180" timestamp="2022-12-12T16:00:02Z" user="Linhares" uid="1310899" lat="-19.3013140" lon="-47.5273007"/>
 <node id="10255860318" visible="true" version="1" changeset="130004180" timestamp="2022-12-12T16:00:02Z" user="Linhares" uid="1310899" lat="-19.3010508" lon="-47.5267267"/>
 <node id="10255860319" visible="true" version="1" changeset="130004180" timestamp="2022-12-12T16:00:02Z" user="Linhares" uid="1310899" lat="-19.3009925" lon="-47.5265443"/>
 <node id="10255860320" visible="true" version="1" changeset="130004180" timestamp="2022-12-12T16:00:02Z" user="Linhares" uid="1310899" lat="-19.3008381" lon="-47.5262439"/>
 <node id="10255860321" visible="true" version="1" changeset="130004180" timestamp="2022-12-12T16:00:02Z" user="Linhares" uid="1310899" lat="-19.3007470" lon="-47.5261393"/>
 <node id="10255860322" visible="true" version="1" changeset="130004180" timestamp="2022-12-12T16:00:02Z" user="Linhares" uid="1310899" lat="-19.3006457" lon="-47.5260884"/>
 <node id="10255860323" visible="true" version="1" changeset="130004180" timestamp="2022-12-12T16:00:02Z" user="Linhares" uid="1310899" lat="-19.3002508" lon="-47.5260910"/>
 <node id="10255860324" visible="true" version="1" changeset="130004180" timestamp="2022-12-12T16:00:02Z" user="Linhares" uid="1310899" lat="-19.3001951" lon="-47.5261018"/>
 <node id="10255860325" visible="true" version="1" changeset="130004180" timestamp="2022-12-12T16:00:02Z" user="Linhares" uid="1310899" lat="-19.2999825" lon="-47.5262493"/>
 <node id="10255860326" visible="true" version="1" changeset="130004180" timestamp="2022-12-12T16:00:02Z" user="Linhares" uid="1310899" lat="-19.2998888" lon="-47.5263405"/>
 <node id="10255860327" visible="true" version="1" changeset="130004180" timestamp="2022-12-12T16:00:02Z" user="Linhares" uid="1310899" lat="-19.2995066" lon="-47.5268152"/>
 <node id="10255860328" visible="true" version="1" changeset="130004180" timestamp="2022-12-12T16:00:02Z" user="Linhares" uid="1310899" lat="-19.2994888" lon="-47.5269279"/>
 <node id="10255860329" visible="true" version="1" changeset="130004180" timestamp="2022-12-12T16:00:02Z" user="Linhares" uid="1310899" lat="-19.2994888" lon="-47.5272793"/>
 <node id="10255860330" visible="true" version="1" changeset="130004180" timestamp="2022-12-12T16:00:02Z" user="Linhares" uid="1310899" lat="-19.2994559" lon="-47.5274536"/>
 <node id="10255860331" visible="true" version="1" changeset="130004180" timestamp="2022-12-12T16:00:02Z" user="Linhares" uid="1310899" lat="-19.2994002" lon="-47.5275448"/>
 <node id="10255860332" visible="true" version="1" changeset="130004180" timestamp="2022-12-12T16:00:02Z" user="Linhares" uid="1310899" lat="-19.2993572" lon="-47.5275716"/>
 <node id="10255860333" visible="true" version="1" changeset="130004180" timestamp="2022-12-12T16:00:02Z" user="Linhares" uid="1310899" lat="-19.2991952" lon="-47.5275850"/>
 <node id="10255860334" visible="true" version="1" changeset="130004180" timestamp="2022-12-12T16:00:02Z" user="Linhares" uid="1310899" lat="-19.2990104" lon="-47.5274724"/>
 <node id="10255860335" visible="true" version="1" changeset="130004180" timestamp="2022-12-12T16:00:02Z" user="Linhares" uid="1310899" lat="-19.2988914" lon="-47.5273302"/>
 <node id="10255860336" visible="true" version="1" changeset="130004180" timestamp="2022-12-12T16:00:02Z" user="Linhares" uid="1310899" lat="-19.2987496" lon="-47.5271130"/>
 <node id="10255860337" visible="true" version="1" changeset="130004180" timestamp="2022-12-12T16:00:02Z" user="Linhares" uid="1310899" lat="-19.2985800" lon="-47.5267723"/>
 <node id="10255860338" visible="true" version="1" changeset="130004180" timestamp="2022-12-12T16:00:02Z" user="Linhares" uid="1310899" lat="-19.2985117" lon="-47.5263619"/>
 <node id="10255860339" visible="true" version="1" changeset="130004180" timestamp="2022-12-12T16:00:02Z" user="Linhares" uid="1310899" lat="-19.2984180" lon="-47.5261876"/>
 <node id="10255860340" visible="true" version="1" changeset="130004180" timestamp="2022-12-12T16:00:02Z" user="Linhares" uid="1310899" lat="-19.2981725" lon="-47.5259328"/>
 <node id="10255860341" visible="true" version="1" changeset="130004180" timestamp="2022-12-12T16:00:02Z" user="Linhares" uid="1310899" lat="-19.2981244" lon="-47.5259033"/>
 <node id="10255860342" visible="true" version="1" changeset="130004180" timestamp="2022-12-12T16:00:02Z" user="Linhares" uid="1310899" lat="-19.2980130" lon="-47.5258818"/>
 <node id="10255860343" visible="true" version="1" changeset="130004180" timestamp="2022-12-12T16:00:02Z" user="Linhares" uid="1310899" lat="-19.2979699" lon="-47.5259167"/>
 <node id="10255860344" visible="true" version="1" changeset="130004180" timestamp="2022-12-12T16:00:02Z" user="Linhares" uid="1310899" lat="-19.2978105" lon="-47.5261903"/>
 <node id="10255860345" visible="true" version="1" changeset="130004180" timestamp="2022-12-12T16:00:02Z" user="Linhares" uid="1310899" lat="-19.2976257" lon="-47.5263566"/>
 <node id="10255860346" visible="true" version="1" changeset="130004180" timestamp="2022-12-12T16:00:02Z" user="Linhares" uid="1310899" lat="-19.2974636" lon="-47.5264370"/>
 <node id="10255860347" visible="true" version="1" changeset="130004180" timestamp="2022-12-12T16:00:02Z" user="Linhares" uid="1310899" lat="-19.2973750" lon="-47.5265202"/>
 <node id="10255860348" visible="true" version="1" changeset="130004180" timestamp="2022-12-12T16:00:02Z" user="Linhares" uid="1310899" lat="-19.2973244" lon="-47.5266221"/>
 <node id="10255860349" visible="true" version="1" changeset="130004180" timestamp="2022-12-12T16:00:02Z" user="Linhares" uid="1310899" lat="-19.2972915" lon="-47.5267589"/>
 <node id="10255860350" visible="true" version="1" changeset="130004180" timestamp="2022-12-12T16:00:02Z" user="Linhares" uid="1310899" lat="-19.2972940" lon="-47.5270191"/>
 <node id="10255860351" visible="true" version="1" changeset="130004180" timestamp="2022-12-12T16:00:02Z" user="Linhares" uid="1310899" lat="-19.2973573" lon="-47.5272149"/>
 <node id="10255860352" visible="true" version="1" changeset="130004180" timestamp="2022-12-12T16:00:02Z" user="Linhares" uid="1310899" lat="-19.2974586" lon="-47.5273865"/>
 <node id="10255860353" visible="true" version="1" changeset="130004180" timestamp="2022-12-12T16:00:02Z" user="Linhares" uid="1310899" lat="-19.2978915" lon="-47.5279364"/>
 <node id="10255860354" visible="true" version="1" changeset="130004180" timestamp="2022-12-12T16:00:02Z" user="Linhares" uid="1310899" lat="-19.2979548" lon="-47.5280893"/>
 <node id="10255860355" visible="true" version="1" changeset="130004180" timestamp="2022-12-12T16:00:02Z" user="Linhares" uid="1310899" lat="-19.2980054" lon="-47.5282770"/>
 <node id="10255860356" visible="true" version="1" changeset="130004180" timestamp="2022-12-12T16:00:02Z" user="Linhares" uid="1310899" lat="-19.2980180" lon="-47.5290281"/>
 <node id="10255860357" visible="true" version="1" changeset="130004180" timestamp="2022-12-12T16:00:02Z" user="Linhares" uid="1310899" lat="-19.2979117" lon="-47.5293070"/>
 <node id="10255860358" visible="true" version="1" changeset="130004180" timestamp="2022-12-12T16:00:02Z" user="Linhares" uid="1310899" lat="-19.2977801" lon="-47.5294223"/>
 <node id="10255860359" visible="true" version="1" changeset="130004180" timestamp="2022-12-12T16:00:02Z" user="Linhares" uid="1310899" lat="-19.2977193" lon="-47.5294384"/>
 <node id="10255860360" visible="true" version="1" changeset="130004180" timestamp="2022-12-12T16:00:02Z" user="Linhares" uid="1310899" lat="-19.2974788" lon="-47.5294331"/>
 <node id="10255860361" visible="true" version="1" changeset="130004180" timestamp="2022-12-12T16:00:02Z" user="Linhares" uid="1310899" lat="-19.2973649" lon="-47.5294009"/>
 <node id="10255860362" visible="true" version="1" changeset="130004180" timestamp="2022-12-12T16:00:02Z" user="Linhares" uid="1310899" lat="-19.2972257" lon="-47.5292963"/>
 <node id="10255860363" visible="true" version="1" changeset="130004180" timestamp="2022-12-12T16:00:02Z" user="Linhares" uid="1310899" lat="-19.2971143" lon="-47.5292480"/>
 <node id="10255860364" visible="true" version="1" changeset="130004180" timestamp="2022-12-12T16:00:02Z" user="Linhares" uid="1310899" lat="-19.2966966" lon="-47.5292131"/>
 <node id="10255860365" visible="true" version="1" changeset="130004180" timestamp="2022-12-12T16:00:02Z" user="Linhares" uid="1310899" lat="-19.2962840" lon="-47.5293741"/>
 <node id="10255860366" visible="true" version="1" changeset="130004180" timestamp="2022-12-12T16:00:02Z" user="Linhares" uid="1310899" lat="-19.2960055" lon="-47.5293231"/>
 <node id="10255860367" visible="true" version="1" changeset="130004180" timestamp="2022-12-12T16:00:02Z" user="Linhares" uid="1310899" lat="-19.2956409" lon="-47.5293097"/>
 <node id="10255860368" visible="true" version="1" changeset="130004180" timestamp="2022-12-12T16:00:02Z" user="Linhares" uid="1310899" lat="-19.2954992" lon="-47.5293875"/>
 <node id="10255860369" visible="true" version="1" changeset="130004180" timestamp="2022-12-12T16:00:02Z" user="Linhares" uid="1310899" lat="-19.2953802" lon="-47.5297228"/>
 <node id="10255860370" visible="true" version="1" changeset="130004180" timestamp="2022-12-12T16:00:02Z" user="Linhares" uid="1310899" lat="-19.2953726" lon="-47.5298381"/>
 <node id="10255860371" visible="true" version="1" changeset="130004180" timestamp="2022-12-12T16:00:02Z" user="Linhares" uid="1310899" lat="-19.2953878" lon="-47.5298917"/>
 <node id="10255860372" visible="true" version="1" changeset="130004180" timestamp="2022-12-12T16:00:02Z" user="Linhares" uid="1310899" lat="-19.2955473" lon="-47.5300875"/>
 <node id="10255860373" visible="true" version="1" changeset="130004180" timestamp="2022-12-12T16:00:02Z" user="Linhares" uid="1310899" lat="-19.2957852" lon="-47.5302941"/>
 <node id="10255860374" visible="true" version="1" changeset="130004180" timestamp="2022-12-12T16:00:02Z" user="Linhares" uid="1310899" lat="-19.2959422" lon="-47.5304040"/>
 <node id="10255860375" visible="true" version="1" changeset="130004180" timestamp="2022-12-12T16:00:02Z" user="Linhares" uid="1310899" lat="-19.2962156" lon="-47.5307581"/>
 <node id="10255860376" visible="true" version="1" changeset="130004180" timestamp="2022-12-12T16:00:02Z" user="Linhares" uid="1310899" lat="-19.2962915" lon="-47.5309646"/>
 <node id="10255860377" visible="true" version="1" changeset="130004180" timestamp="2022-12-12T16:00:02Z" user="Linhares" uid="1310899" lat="-19.2963523" lon="-47.5310585"/>
 <node id="10255860378" visible="true" version="1" changeset="130004180" timestamp="2022-12-12T16:00:02Z" user="Linhares" uid="1310899" lat="-19.2963599" lon="-47.5311121"/>
 <node id="10255860379" visible="true" version="1" changeset="130004180" timestamp="2022-12-12T16:00:02Z" user="Linhares" uid="1310899" lat="-19.2963219" lon="-47.5312275"/>
 <node id="10255860380" visible="true" version="1" changeset="130004180" timestamp="2022-12-12T16:00:02Z" user="Linhares" uid="1310899" lat="-19.2961928" lon="-47.5313804"/>
 <node id="10255860381" visible="true" version="1" changeset="130004180" timestamp="2022-12-12T16:00:02Z" user="Linhares" uid="1310899" lat="-19.2960561" lon="-47.5315118"/>
 <node id="10255860382" visible="true" version="1" changeset="130004180" timestamp="2022-12-12T16:00:02Z" user="Linhares" uid="1310899" lat="-19.2959093" lon="-47.5315976"/>
 <node id="10255860383" visible="true" version="1" changeset="130004180" timestamp="2022-12-12T16:00:02Z" user="Linhares" uid="1310899" lat="-19.2957093" lon="-47.5317666"/>
 <node id="10255860384" visible="true" version="1" changeset="130004180" timestamp="2022-12-12T16:00:02Z" user="Linhares" uid="1310899" lat="-19.2955422" lon="-47.5317371"/>
 <node id="10255860385" visible="true" version="1" changeset="130004180" timestamp="2022-12-12T16:00:02Z" user="Linhares" uid="1310899" lat="-19.2951372" lon="-47.5317371"/>
 <node id="10255860386" visible="true" version="1" changeset="130004180" timestamp="2022-12-12T16:00:02Z" user="Linhares" uid="1310899" lat="-19.2947144" lon="-47.5319919"/>
 <node id="10255860387" visible="true" version="1" changeset="130004180" timestamp="2022-12-12T16:00:02Z" user="Linhares" uid="1310899" lat="-19.2943195" lon="-47.5320643"/>
 <node id="10255860388" visible="true" version="1" changeset="130004180" timestamp="2022-12-12T16:00:02Z" user="Linhares" uid="1310899" lat="-19.2939954" lon="-47.5322279"/>
 <node id="10255860389" visible="true" version="1" changeset="130004180" timestamp="2022-12-12T16:00:02Z" user="Linhares" uid="1310899" lat="-19.2937651" lon="-47.5322896"/>
 <node id="10255860390" visible="true" version="1" changeset="130004180" timestamp="2022-12-12T16:00:02Z" user="Linhares" uid="1310899" lat="-19.2935296" lon="-47.5324371"/>
 <node id="10255860391" visible="true" version="1" changeset="130004180" timestamp="2022-12-12T16:00:02Z" user="Linhares" uid="1310899" lat="-19.2933676" lon="-47.5324371"/>
 <node id="10255860392" visible="true" version="1" changeset="130004180" timestamp="2022-12-12T16:00:02Z" user="Linhares" uid="1310899" lat="-19.2932689" lon="-47.5323916"/>
 <node id="10255860393" visible="true" version="1" changeset="130004180" timestamp="2022-12-12T16:00:02Z" user="Linhares" uid="1310899" lat="-19.2931246" lon="-47.5322709"/>
 <node id="10255860394" visible="true" version="1" changeset="130004180" timestamp="2022-12-12T16:00:02Z" user="Linhares" uid="1310899" lat="-19.2929372" lon="-47.5320321"/>
 <node id="10255860395" visible="true" version="1" changeset="130004180" timestamp="2022-12-12T16:00:02Z" user="Linhares" uid="1310899" lat="-19.2927777" lon="-47.5319329"/>
 <node id="10255860396" visible="true" version="1" changeset="130004180" timestamp="2022-12-12T16:00:02Z" user="Linhares" uid="1310899" lat="-19.2923702" lon="-47.5319329"/>
 <node id="10255860397" visible="true" version="1" changeset="130004180" timestamp="2022-12-12T16:00:02Z" user="Linhares" uid="1310899" lat="-19.2922816" lon="-47.5319007"/>
 <node id="10255860398" visible="true" version="1" changeset="130004180" timestamp="2022-12-12T16:00:02Z" user="Linhares" uid="1310899" lat="-19.2920714" lon="-47.5319007"/>
 <node id="10255860399" visible="true" version="1" changeset="130004180" timestamp="2022-12-12T16:00:02Z" user="Linhares" uid="1310899" lat="-19.2919600" lon="-47.5319651"/>
 <node id="10255860400" visible="true" version="1" changeset="130004180" timestamp="2022-12-12T16:00:02Z" user="Linhares" uid="1310899" lat="-19.2917449" lon="-47.5322092"/>
 <node id="10255860401" visible="true" version="1" changeset="130004180" timestamp="2022-12-12T16:00:02Z" user="Linhares" uid="1310899" lat="-19.2916968" lon="-47.5322333"/>
 <node id="10255860402" visible="true" version="1" changeset="130004180" timestamp="2022-12-12T16:00:02Z" user="Linhares" uid="1310899" lat="-19.2916436" lon="-47.5322253"/>
 <node id="10255860403" visible="true" version="1" changeset="130004180" timestamp="2022-12-12T16:00:02Z" user="Linhares" uid="1310899" lat="-19.2915373" lon="-47.5321770"/>
 <node id="10255860404" visible="true" version="1" changeset="130004180" timestamp="2022-12-12T16:00:02Z" user="Linhares" uid="1310899" lat="-19.2910208" lon="-47.5318202"/>
 <node id="10255860405" visible="true" version="1" changeset="130004180" timestamp="2022-12-12T16:00:02Z" user="Linhares" uid="1310899" lat="-19.2909778" lon="-47.5316137"/>
 <node id="10255860406" visible="true" version="1" changeset="130004180" timestamp="2022-12-12T16:00:02Z" user="Linhares" uid="1310899" lat="-19.2910158" lon="-47.5314420"/>
 <node id="10255860407" visible="true" version="1" changeset="130004180" timestamp="2022-12-12T16:00:02Z" user="Linhares" uid="1310899" lat="-19.2910993" lon="-47.5312731"/>
 <node id="10255860408" visible="true" version="1" changeset="130004180" timestamp="2022-12-12T16:00:02Z" user="Linhares" uid="1310899" lat="-19.2910892" lon="-47.5310800"/>
 <node id="10255860409" visible="true" version="1" changeset="130004180" timestamp="2022-12-12T16:00:02Z" user="Linhares" uid="1310899" lat="-19.2910613" lon="-47.5309593"/>
 <node id="10255860410" visible="true" version="1" changeset="130004180" timestamp="2022-12-12T16:00:02Z" user="Linhares" uid="1310899" lat="-19.2906639" lon="-47.5303423"/>
 <node id="10255860411" visible="true" version="1" changeset="130004180" timestamp="2022-12-12T16:00:02Z" user="Linhares" uid="1310899" lat="-19.2905297" lon="-47.5302163"/>
 <node id="10255860412" visible="true" version="1" changeset="130004180" timestamp="2022-12-12T16:00:02Z" user="Linhares" uid="1310899" lat="-19.2902461" lon="-47.5301170"/>
 <node id="10255860413" visible="true" version="1" changeset="130004180" timestamp="2022-12-12T16:00:02Z" user="Linhares" uid="1310899" lat="-19.2898740" lon="-47.5300714"/>
 <node id="10255860414" visible="true" version="1" changeset="130004180" timestamp="2022-12-12T16:00:02Z" user="Linhares" uid="1310899" lat="-19.2896234" lon="-47.5299668"/>
 <node id="10255860415" visible="true" version="1" changeset="130004180" timestamp="2022-12-12T16:00:02Z" user="Linhares" uid="1310899" lat="-19.2894487" lon="-47.5298676"/>
 <node id="10255860416" visible="true" version="1" changeset="130004180" timestamp="2022-12-12T16:00:02Z" user="Linhares" uid="1310899" lat="-19.2888765" lon="-47.5298783"/>
 <node id="10255860417" visible="true" version="1" changeset="130004180" timestamp="2022-12-12T16:00:02Z" user="Linhares" uid="1310899" lat="-19.2886310" lon="-47.5298139"/>
 <node id="10255860418" visible="true" version="1" changeset="130004180" timestamp="2022-12-12T16:00:02Z" user="Linhares" uid="1310899" lat="-19.2884943" lon="-47.5298113"/>
 <node id="10255860419" visible="true" version="1" changeset="130004180" timestamp="2022-12-12T16:00:02Z" user="Linhares" uid="1310899" lat="-19.2883905" lon="-47.5298515"/>
 <node id="10255860420" visible="true" version="1" changeset="130004180" timestamp="2022-12-12T16:00:02Z" user="Linhares" uid="1310899" lat="-19.2882386" lon="-47.5299642"/>
 <node id="10255860421" visible="true" version="1" changeset="130004180" timestamp="2022-12-12T16:00:02Z" user="Linhares" uid="1310899" lat="-19.2882107" lon="-47.5300071"/>
 <node id="10255860422" visible="true" version="1" changeset="130004180" timestamp="2022-12-12T16:00:02Z" user="Linhares" uid="1310899" lat="-19.2882006" lon="-47.5302029"/>
 <node id="10255860423" visible="true" version="1" changeset="130004180" timestamp="2022-12-12T16:00:02Z" user="Linhares" uid="1310899" lat="-19.2882791" lon="-47.5304818"/>
 <node id="10255860424" visible="true" version="1" changeset="130004180" timestamp="2022-12-12T16:00:02Z" user="Linhares" uid="1310899" lat="-19.2886107" lon="-47.5308654"/>
 <node id="10255860425" visible="true" version="1" changeset="130004180" timestamp="2022-12-12T16:00:02Z" user="Linhares" uid="1310899" lat="-19.2888816" lon="-47.5309137"/>
 <node id="10255860426" visible="true" version="1" changeset="130004180" timestamp="2022-12-12T16:00:02Z" user="Linhares" uid="1310899" lat="-19.2892436" lon="-47.5311014"/>
 <node id="10255860427" visible="true" version="1" changeset="130004180" timestamp="2022-12-12T16:00:02Z" user="Linhares" uid="1310899" lat="-19.2894132" lon="-47.5313374"/>
 <node id="10255860428" visible="true" version="1" changeset="130004180" timestamp="2022-12-12T16:00:02Z" user="Linhares" uid="1310899" lat="-19.2894462" lon="-47.5314635"/>
 <node id="10255860429" visible="true" version="1" changeset="130004180" timestamp="2022-12-12T16:00:02Z" user="Linhares" uid="1310899" lat="-19.2894360" lon="-47.5317022"/>
 <node id="10255860430" visible="true" version="1" changeset="130004180" timestamp="2022-12-12T16:00:02Z" user="Linhares" uid="1310899" lat="-19.2893727" lon="-47.5318739"/>
 <node id="10255860431" visible="true" version="1" changeset="130004180" timestamp="2022-12-12T16:00:02Z" user="Linhares" uid="1310899" lat="-19.2892487" lon="-47.5320080"/>
 <node id="10255860432" visible="true" version="1" changeset="130004180" timestamp="2022-12-12T16:00:02Z" user="Linhares" uid="1310899" lat="-19.2889221" lon="-47.5322360"/>
 <node id="10255860433" visible="true" version="1" changeset="130004180" timestamp="2022-12-12T16:00:02Z" user="Linhares" uid="1310899" lat="-19.2888512" lon="-47.5323325"/>
 <node id="10255860434" visible="true" version="1" changeset="130004180" timestamp="2022-12-12T16:00:02Z" user="Linhares" uid="1310899" lat="-19.2887094" lon="-47.5326034"/>
 <node id="10255860435" visible="true" version="1" changeset="130004180" timestamp="2022-12-12T16:00:02Z" user="Linhares" uid="1310899" lat="-19.2885905" lon="-47.5327671"/>
 <node id="10255860436" visible="true" version="1" changeset="130004180" timestamp="2022-12-12T16:00:02Z" user="Linhares" uid="1310899" lat="-19.2881246" lon="-47.5327778"/>
 <node id="10255860437" visible="true" version="1" changeset="130004180" timestamp="2022-12-12T16:00:02Z" user="Linhares" uid="1310899" lat="-19.2879044" lon="-47.5326839"/>
 <node id="10255860438" visible="true" version="1" changeset="130004180" timestamp="2022-12-12T16:00:02Z" user="Linhares" uid="1310899" lat="-19.2876310" lon="-47.5325203"/>
 <node id="10255860439" visible="true" version="1" changeset="130004180" timestamp="2022-12-12T16:00:02Z" user="Linhares" uid="1310899" lat="-19.2870715" lon="-47.5323352"/>
 <node id="10255860440" visible="true" version="1" changeset="130004180" timestamp="2022-12-12T16:00:02Z" user="Linhares" uid="1310899" lat="-19.2863322" lon="-47.5320268"/>
 <node id="10255860441" visible="true" version="1" changeset="130004180" timestamp="2022-12-12T16:00:02Z" user="Linhares" uid="1310899" lat="-19.2862968" lon="-47.5312945"/>
 <node id="10255860442" visible="true" version="1" changeset="130004180" timestamp="2022-12-12T16:00:02Z" user="Linhares" uid="1310899" lat="-19.2862613" lon="-47.5312489"/>
 <node id="10255860443" visible="true" version="1" changeset="130004180" timestamp="2022-12-12T16:00:02Z" user="Linhares" uid="1310899" lat="-19.2862107" lon="-47.5312328"/>
 <node id="10255860444" visible="true" version="1" changeset="130004180" timestamp="2022-12-12T16:00:02Z" user="Linhares" uid="1310899" lat="-19.2860006" lon="-47.5312623"/>
 <node id="10255860445" visible="true" version="1" changeset="130004180" timestamp="2022-12-12T16:00:02Z" user="Linhares" uid="1310899" lat="-19.2859626" lon="-47.5312999"/>
 <node id="10255860446" visible="true" version="1" changeset="130004180" timestamp="2022-12-12T16:00:02Z" user="Linhares" uid="1310899" lat="-19.2858411" lon="-47.5316942"/>
 <node id="10255860447" visible="true" version="1" changeset="130004180" timestamp="2022-12-12T16:00:02Z" user="Linhares" uid="1310899" lat="-19.2856714" lon="-47.5320348"/>
 <node id="10255860448" visible="true" version="1" changeset="130004180" timestamp="2022-12-12T16:00:02Z" user="Linhares" uid="1310899" lat="-19.2855600" lon="-47.5323728"/>
 <node id="10255860449" visible="true" version="1" changeset="130004180" timestamp="2022-12-12T16:00:02Z" user="Linhares" uid="1310899" lat="-19.2854436" lon="-47.5325015"/>
 <node id="10255860450" visible="true" version="1" changeset="130004180" timestamp="2022-12-12T16:00:02Z" user="Linhares" uid="1310899" lat="-19.2853297" lon="-47.5325149"/>
 <node id="10255860451" visible="true" version="1" changeset="130004180" timestamp="2022-12-12T16:00:02Z" user="Linhares" uid="1310899" lat="-19.2852740" lon="-47.5324988"/>
 <node id="10255860452" visible="true" version="1" changeset="130004180" timestamp="2022-12-12T16:00:02Z" user="Linhares" uid="1310899" lat="-19.2850486" lon="-47.5322950"/>
 <node id="10255860453" visible="true" version="1" changeset="130004180" timestamp="2022-12-12T16:00:02Z" user="Linhares" uid="1310899" lat="-19.2844841" lon="-47.5319892"/>
 <node id="10255860454" visible="true" version="1" changeset="130004180" timestamp="2022-12-12T16:00:02Z" user="Linhares" uid="1310899" lat="-19.2844284" lon="-47.5319785"/>
 <node id="10255860455" visible="true" version="1" changeset="130004180" timestamp="2022-12-12T16:00:02Z" user="Linhares" uid="1310899" lat="-19.2836891" lon="-47.5321206"/>
 <node id="10255860456" visible="true" version="1" changeset="130004180" timestamp="2022-12-12T16:00:02Z" user="Linhares" uid="1310899" lat="-19.2836461" lon="-47.5320858"/>
 <node id="10255860457" visible="true" version="1" changeset="130004180" timestamp="2022-12-12T16:00:02Z" user="Linhares" uid="1310899" lat="-19.2835777" lon="-47.5319678"/>
 <node id="10255860458" visible="true" version="1" changeset="130004180" timestamp="2022-12-12T16:00:02Z" user="Linhares" uid="1310899" lat="-19.2835195" lon="-47.5316942"/>
 <node id="10255860459" visible="true" version="1" changeset="130004180" timestamp="2022-12-12T16:00:02Z" user="Linhares" uid="1310899" lat="-19.2834435" lon="-47.5315413"/>
 <node id="10255860460" visible="true" version="1" changeset="130004180" timestamp="2022-12-12T16:00:02Z" user="Linhares" uid="1310899" lat="-19.2831701" lon="-47.5312382"/>
 <node id="10255860461" visible="true" version="1" changeset="130004180" timestamp="2022-12-12T16:00:02Z" user="Linhares" uid="1310899" lat="-19.2831245" lon="-47.5312114"/>
 <node id="10255860462" visible="true" version="1" changeset="130004180" timestamp="2022-12-12T16:00:02Z" user="Linhares" uid="1310899" lat="-19.2828309" lon="-47.5311363"/>
 <node id="10255860463" visible="true" version="1" changeset="130004180" timestamp="2022-12-12T16:00:02Z" user="Linhares" uid="1310899" lat="-19.2827245" lon="-47.5311336"/>
 <node id="10255860464" visible="true" version="1" changeset="130004180" timestamp="2022-12-12T16:00:02Z" user="Linhares" uid="1310899" lat="-19.2826714" lon="-47.5311470"/>
 <node id="10255860465" visible="true" version="1" changeset="130004180" timestamp="2022-12-12T16:00:02Z" user="Linhares" uid="1310899" lat="-19.2826055" lon="-47.5313026"/>
 <node id="10255860466" visible="true" version="1" changeset="130004180" timestamp="2022-12-12T16:00:02Z" user="Linhares" uid="1310899" lat="-19.2826131" lon="-47.5318819"/>
 <node id="10255860467" visible="true" version="1" changeset="130004180" timestamp="2022-12-12T16:00:02Z" user="Linhares" uid="1310899" lat="-19.2825979" lon="-47.5320053"/>
 <node id="10255860468" visible="true" version="1" changeset="130004180" timestamp="2022-12-12T16:00:02Z" user="Linhares" uid="1310899" lat="-19.2825270" lon="-47.5322038"/>
 <node id="10255860469" visible="true" version="1" changeset="130004180" timestamp="2022-12-12T16:00:02Z" user="Linhares" uid="1310899" lat="-19.2824536" lon="-47.5323084"/>
 <node id="10255860470" visible="true" version="1" changeset="130004180" timestamp="2022-12-12T16:00:02Z" user="Linhares" uid="1310899" lat="-19.2823625" lon="-47.5323781"/>
 <node id="10255860471" visible="true" version="1" changeset="130004180" timestamp="2022-12-12T16:00:02Z" user="Linhares" uid="1310899" lat="-19.2821878" lon="-47.5323916"/>
 <node id="10255860472" visible="true" version="1" changeset="130004180" timestamp="2022-12-12T16:00:02Z" user="Linhares" uid="1310899" lat="-19.2820106" lon="-47.5323299"/>
 <node id="10255860473" visible="true" version="1" changeset="130004180" timestamp="2022-12-12T16:00:02Z" user="Linhares" uid="1310899" lat="-19.2819625" lon="-47.5322896"/>
 <node id="10255860474" visible="true" version="1" changeset="130004180" timestamp="2022-12-12T16:00:02Z" user="Linhares" uid="1310899" lat="-19.2815549" lon="-47.5319356"/>
 <node id="10255860475" visible="true" version="1" changeset="130004180" timestamp="2022-12-12T16:00:02Z" user="Linhares" uid="1310899" lat="-19.2815371" lon="-47.5318846"/>
 <node id="10255860476" visible="true" version="1" changeset="130004180" timestamp="2022-12-12T16:00:02Z" user="Linhares" uid="1310899" lat="-19.2815397" lon="-47.5316969"/>
 <node id="10255860477" visible="true" version="1" changeset="130004180" timestamp="2022-12-12T16:00:02Z" user="Linhares" uid="1310899" lat="-19.2816283" lon="-47.5313187"/>
 <node id="10255860478" visible="true" version="1" changeset="130004180" timestamp="2022-12-12T16:00:02Z" user="Linhares" uid="1310899" lat="-19.2817042" lon="-47.5311899"/>
 <node id="10255860479" visible="true" version="1" changeset="130004180" timestamp="2022-12-12T16:00:02Z" user="Linhares" uid="1310899" lat="-19.2818587" lon="-47.5310102"/>
 <node id="10255860480" visible="true" version="1" changeset="130004180" timestamp="2022-12-12T16:00:02Z" user="Linhares" uid="1310899" lat="-19.2819549" lon="-47.5307581"/>
 <node id="10255860481" visible="true" version="1" changeset="130004180" timestamp="2022-12-12T16:00:02Z" user="Linhares" uid="1310899" lat="-19.2819726" lon="-47.5304309"/>
 <node id="10255860482" visible="true" version="1" changeset="130004180" timestamp="2022-12-12T16:00:02Z" user="Linhares" uid="1310899" lat="-19.2819371" lon="-47.5303772"/>
 <node id="10255860483" visible="true" version="1" changeset="130004180" timestamp="2022-12-12T16:00:02Z" user="Linhares" uid="1310899" lat="-19.2817878" lon="-47.5303987"/>
 <node id="10255860484" visible="true" version="1" changeset="130004180" timestamp="2022-12-12T16:00:02Z" user="Linhares" uid="1310899" lat="-19.2813979" lon="-47.5305864"/>
 <node id="10255860485" visible="true" version="1" changeset="130004180" timestamp="2022-12-12T16:00:02Z" user="Linhares" uid="1310899" lat="-19.2813093" lon="-47.5306428"/>
 <node id="10255860486" visible="true" version="1" changeset="130004180" timestamp="2022-12-12T16:00:02Z" user="Linhares" uid="1310899" lat="-19.2810637" lon="-47.5308707"/>
 <node id="10255860487" visible="true" version="1" changeset="130004180" timestamp="2022-12-12T16:00:02Z" user="Linhares" uid="1310899" lat="-19.2809219" lon="-47.5309619"/>
 <node id="10255860488" visible="true" version="1" changeset="130004180" timestamp="2022-12-12T16:00:02Z" user="Linhares" uid="1310899" lat="-19.2807599" lon="-47.5311390"/>
 <node id="10255860489" visible="true" version="1" changeset="130004180" timestamp="2022-12-12T16:00:02Z" user="Linhares" uid="1310899" lat="-19.2806282" lon="-47.5315359"/>
 <node id="10255860490" visible="true" version="1" changeset="130004180" timestamp="2022-12-12T16:00:02Z" user="Linhares" uid="1310899" lat="-19.2805928" lon="-47.5315788"/>
 <node id="10255860491" visible="true" version="1" changeset="130004180" timestamp="2022-12-12T16:00:02Z" user="Linhares" uid="1310899" lat="-19.2801674" lon="-47.5317988"/>
 <node id="10255860492" visible="true" version="1" changeset="130004180" timestamp="2022-12-12T16:00:02Z" user="Linhares" uid="1310899" lat="-19.2798459" lon="-47.5318766"/>
 <node id="10255860493" visible="true" version="1" changeset="130004180" timestamp="2022-12-12T16:00:02Z" user="Linhares" uid="1310899" lat="-19.2795624" lon="-47.5319731"/>
 <node id="10255860494" visible="true" version="1" changeset="130004180" timestamp="2022-12-12T16:00:02Z" user="Linhares" uid="1310899" lat="-19.2794636" lon="-47.5320375"/>
 <node id="10255860495" visible="true" version="1" changeset="130004180" timestamp="2022-12-12T16:00:02Z" user="Linhares" uid="1310899" lat="-19.2794231" lon="-47.5321341"/>
 <node id="10255860496" visible="true" version="1" changeset="130004180" timestamp="2022-12-12T16:00:02Z" user="Linhares" uid="1310899" lat="-19.2793471" lon="-47.5325820"/>
 <node id="10255860497" visible="true" version="1" changeset="130004180" timestamp="2022-12-12T16:00:02Z" user="Linhares" uid="1310899" lat="-19.2793801" lon="-47.5329816"/>
 <node id="10255860498" visible="true" version="1" changeset="130004180" timestamp="2022-12-12T16:00:02Z" user="Linhares" uid="1310899" lat="-19.2793623" lon="-47.5335369"/>
 <node id="10255860499" visible="true" version="1" changeset="130004180" timestamp="2022-12-12T16:00:02Z" user="Linhares" uid="1310899" lat="-19.2792636" lon="-47.5336656"/>
 <node id="10255860500" visible="true" version="1" changeset="130004180" timestamp="2022-12-12T16:00:02Z" user="Linhares" uid="1310899" lat="-19.2792180" lon="-47.5336951"/>
 <node id="10255860501" visible="true" version="1" changeset="130004180" timestamp="2022-12-12T16:00:02Z" user="Linhares" uid="1310899" lat="-19.2791117" lon="-47.5337005"/>
 <node id="10255860502" visible="true" version="1" changeset="130004180" timestamp="2022-12-12T16:00:02Z" user="Linhares" uid="1310899" lat="-19.2786939" lon="-47.5335181"/>
 <node id="10255860503" visible="true" version="1" changeset="130004180" timestamp="2022-12-12T16:00:02Z" user="Linhares" uid="1310899" lat="-19.2785243" lon="-47.5334752"/>
 <node id="10255860504" visible="true" version="1" changeset="130004180" timestamp="2022-12-12T16:00:02Z" user="Linhares" uid="1310899" lat="-19.2784205" lon="-47.5334859"/>
 <node id="10255860505" visible="true" version="1" changeset="130004180" timestamp="2022-12-12T16:00:02Z" user="Linhares" uid="1310899" lat="-19.2784003" lon="-47.5335369"/>
 <node id="10255860506" visible="true" version="1" changeset="130004180" timestamp="2022-12-12T16:00:02Z" user="Linhares" uid="1310899" lat="-19.2784003" lon="-47.5336468"/>
 <node id="10255860507" visible="true" version="1" changeset="130004180" timestamp="2022-12-12T16:00:02Z" user="Linhares" uid="1310899" lat="-19.2785167" lon="-47.5341243"/>
 <node id="10255860508" visible="true" version="1" changeset="130004180" timestamp="2022-12-12T16:00:02Z" user="Linhares" uid="1310899" lat="-19.2785117" lon="-47.5342342"/>
 <node id="10255860509" visible="true" version="1" changeset="130004180" timestamp="2022-12-12T16:00:02Z" user="Linhares" uid="1310899" lat="-19.2784433" lon="-47.5343362"/>
 <node id="10255860510" visible="true" version="1" changeset="130004180" timestamp="2022-12-12T16:00:02Z" user="Linhares" uid="1310899" lat="-19.2783927" lon="-47.5343549"/>
 <node id="10255860511" visible="true" version="1" changeset="130004180" timestamp="2022-12-12T16:00:02Z" user="Linhares" uid="1310899" lat="-19.2782889" lon="-47.5343469"/>
 <node id="10255860512" visible="true" version="1" changeset="130004180" timestamp="2022-12-12T16:00:02Z" user="Linhares" uid="1310899" lat="-19.2778787" lon="-47.5344595"/>
 <node id="10255860513" visible="true" version="1" changeset="130004180" timestamp="2022-12-12T16:00:02Z" user="Linhares" uid="1310899" lat="-19.2775622" lon="-47.5346500"/>
 <node id="10255860514" visible="true" version="1" changeset="130004180" timestamp="2022-12-12T16:00:02Z" user="Linhares" uid="1310899" lat="-19.2775015" lon="-47.5346661"/>
 <node id="10255860515" visible="true" version="1" changeset="130004180" timestamp="2022-12-12T16:00:02Z" user="Linhares" uid="1310899" lat="-19.2768204" lon="-47.5345668"/>
 <node id="10255860516" visible="true" version="1" changeset="130004180" timestamp="2022-12-12T16:00:02Z" user="Linhares" uid="1310899" lat="-19.2767748" lon="-47.5344649"/>
 <node id="10255860517" visible="true" version="1" changeset="130004180" timestamp="2022-12-12T16:00:02Z" user="Linhares" uid="1310899" lat="-19.2766736" lon="-47.5341001"/>
 <node id="10255860518" visible="true" version="1" changeset="130004180" timestamp="2022-12-12T16:00:02Z" user="Linhares" uid="1310899" lat="-19.2765824" lon="-47.5339070"/>
 <node id="10255860519" visible="true" version="1" changeset="130004180" timestamp="2022-12-12T16:00:02Z" user="Linhares" uid="1310899" lat="-19.2761925" lon="-47.5333652"/>
 <node id="10255860520" visible="true" version="1" changeset="130004180" timestamp="2022-12-12T16:00:02Z" user="Linhares" uid="1310899" lat="-19.2760558" lon="-47.5332445"/>
 <node id="10255860521" visible="true" version="1" changeset="130004180" timestamp="2022-12-12T16:00:02Z" user="Linhares" uid="1310899" lat="-19.2759343" lon="-47.5332016"/>
 <node id="10255860522" visible="true" version="1" changeset="130004180" timestamp="2022-12-12T16:00:02Z" user="Linhares" uid="1310899" lat="-19.2758355" lon="-47.5332204"/>
 <node id="10255860523" visible="true" version="1" changeset="130004180" timestamp="2022-12-12T16:00:02Z" user="Linhares" uid="1310899" lat="-19.2758077" lon="-47.5332633"/>
 <node id="10255860524" visible="true" version="1" changeset="130004180" timestamp="2022-12-12T16:00:02Z" user="Linhares" uid="1310899" lat="-19.2756785" lon="-47.5337380"/>
 <node id="10255860525" visible="true" version="1" changeset="130004180" timestamp="2022-12-12T16:00:02Z" user="Linhares" uid="1310899" lat="-19.2756456" lon="-47.5339687"/>
 <node id="10255860526" visible="true" version="1" changeset="130004180" timestamp="2022-12-12T16:00:02Z" user="Linhares" uid="1310899" lat="-19.2755747" lon="-47.5340840"/>
 <node id="10255860527" visible="true" version="1" changeset="130004180" timestamp="2022-12-12T16:00:02Z" user="Linhares" uid="1310899" lat="-19.2752962" lon="-47.5342798"/>
 <node id="10255860528" visible="true" version="1" changeset="130004180" timestamp="2022-12-12T16:00:02Z" user="Linhares" uid="1310899" lat="-19.2751367" lon="-47.5343362"/>
 <node id="10255860529" visible="true" version="1" changeset="130004180" timestamp="2022-12-12T16:00:02Z" user="Linhares" uid="1310899" lat="-19.2747721" lon="-47.5345561"/>
 <node id="10255860530" visible="true" version="1" changeset="130004180" timestamp="2022-12-12T16:00:02Z" user="Linhares" uid="1310899" lat="-19.2746531" lon="-47.5345507"/>
 <node id="10255860531" visible="true" version="1" changeset="130004180" timestamp="2022-12-12T16:00:02Z" user="Linhares" uid="1310899" lat="-19.2746000" lon="-47.5345185"/>
 <node id="10255860532" visible="true" version="1" changeset="130004180" timestamp="2022-12-12T16:00:02Z" user="Linhares" uid="1310899" lat="-19.2744151" lon="-47.5341859"/>
 <node id="10255860533" visible="true" version="1" changeset="130004180" timestamp="2022-12-12T16:00:02Z" user="Linhares" uid="1310899" lat="-19.2743012" lon="-47.5338748"/>
 <node id="10255860534" visible="true" version="1" changeset="130004180" timestamp="2022-12-12T16:00:02Z" user="Linhares" uid="1310899" lat="-19.2742658" lon="-47.5338292"/>
 <node id="10255860535" visible="true" version="1" changeset="130004180" timestamp="2022-12-12T16:00:02Z" user="Linhares" uid="1310899" lat="-19.2741316" lon="-47.5337112"/>
 <node id="10255860536" visible="true" version="1" changeset="130004180" timestamp="2022-12-12T16:00:02Z" user="Linhares" uid="1310899" lat="-19.2740809" lon="-47.5336924"/>
 <node id="10255860537" visible="true" version="1" changeset="130004180" timestamp="2022-12-12T16:00:02Z" user="Linhares" uid="1310899" lat="-19.2739290" lon="-47.5337058"/>
 <node id="10255860538" visible="true" version="1" changeset="130004180" timestamp="2022-12-12T16:00:02Z" user="Linhares" uid="1310899" lat="-19.2738784" lon="-47.5337327"/>
 <node id="10255860539" visible="true" version="1" changeset="130004180" timestamp="2022-12-12T16:00:02Z" user="Linhares" uid="1310899" lat="-19.2736632" lon="-47.5339338"/>
 <node id="10255860540" visible="true" version="1" changeset="130004180" timestamp="2022-12-12T16:00:02Z" user="Linhares" uid="1310899" lat="-19.2735416" lon="-47.5342906"/>
 <node id="10255860541" visible="true" version="1" changeset="130004180" timestamp="2022-12-12T16:00:02Z" user="Linhares" uid="1310899" lat="-19.2731365" lon="-47.5350684"/>
 <node id="10255860542" visible="true" version="1" changeset="130004180" timestamp="2022-12-12T16:00:02Z" user="Linhares" uid="1310899" lat="-19.2730479" lon="-47.5351408"/>
 <node id="10255860543" visible="true" version="1" changeset="130004180" timestamp="2022-12-12T16:00:02Z" user="Linhares" uid="1310899" lat="-19.2728960" lon="-47.5352132"/>
 <node id="10255860544" visible="true" version="1" changeset="130004180" timestamp="2022-12-12T16:00:02Z" user="Linhares" uid="1310899" lat="-19.2725694" lon="-47.5354493"/>
 <node id="10255860545" visible="true" version="1" changeset="130004180" timestamp="2022-12-12T16:00:02Z" user="Linhares" uid="1310899" lat="-19.2724150" lon="-47.5355351"/>
 <node id="10255860546" visible="true" version="1" changeset="130004180" timestamp="2022-12-12T16:00:02Z" user="Linhares" uid="1310899" lat="-19.2719238" lon="-47.5359374"/>
 <node id="10255860547" visible="true" version="1" changeset="130004180" timestamp="2022-12-12T16:00:02Z" user="Linhares" uid="1310899" lat="-19.2716427" lon="-47.5360528"/>
 <node id="10255860548" visible="true" version="1" changeset="130004180" timestamp="2022-12-12T16:00:02Z" user="Linhares" uid="1310899" lat="-19.2715161" lon="-47.5360501"/>
 <node id="10255860549" visible="true" version="1" changeset="130004180" timestamp="2022-12-12T16:00:02Z" user="Linhares" uid="1310899" lat="-19.2714149" lon="-47.5359911"/>
 <node id="10255860550" visible="true" version="1" changeset="130004180" timestamp="2022-12-12T16:00:02Z" user="Linhares" uid="1310899" lat="-19.2711971" lon="-47.5358114"/>
 <node id="10255860551" visible="true" version="1" changeset="130004180" timestamp="2022-12-12T16:00:02Z" user="Linhares" uid="1310899" lat="-19.2710882" lon="-47.5357604"/>
 <node id="10255860552" visible="true" version="1" changeset="130004180" timestamp="2022-12-12T16:00:02Z" user="Linhares" uid="1310899" lat="-19.2708705" lon="-47.5357738"/>
 <node id="10255860553" visible="true" version="1" changeset="130004180" timestamp="2022-12-12T16:00:02Z" user="Linhares" uid="1310899" lat="-19.2707110" lon="-47.5358436"/>
 <node id="10255860554" visible="true" version="1" changeset="130004180" timestamp="2022-12-12T16:00:02Z" user="Linhares" uid="1310899" lat="-19.2707414" lon="-47.5361386"/>
 <node id="10255860555" visible="true" version="1" changeset="130004180" timestamp="2022-12-12T16:00:02Z" user="Linhares" uid="1310899" lat="-19.2707895" lon="-47.5363264"/>
 <node id="10255860556" visible="true" version="1" changeset="130004180" timestamp="2022-12-12T16:00:02Z" user="Linhares" uid="1310899" lat="-19.2710553" lon="-47.5368521"/>
 <node id="10255860557" visible="true" version="1" changeset="130004180" timestamp="2022-12-12T16:00:02Z" user="Linhares" uid="1310899" lat="-19.2710503" lon="-47.5369111"/>
 <node id="10255860558" visible="true" version="1" changeset="130004180" timestamp="2022-12-12T16:00:02Z" user="Linhares" uid="1310899" lat="-19.2709895" lon="-47.5369969"/>
 <node id="10255860559" visible="true" version="1" changeset="130004180" timestamp="2022-12-12T16:00:02Z" user="Linhares" uid="1310899" lat="-19.2707844" lon="-47.5369969"/>
 <node id="10255860560" visible="true" version="1" changeset="130004180" timestamp="2022-12-12T16:00:02Z" user="Linhares" uid="1310899" lat="-19.2705641" lon="-47.5369486"/>
 <node id="10255860561" visible="true" version="1" changeset="130004180" timestamp="2022-12-12T16:00:02Z" user="Linhares" uid="1310899" lat="-19.2702451" lon="-47.5370157"/>
 <node id="10255860562" visible="true" version="1" changeset="130004180" timestamp="2022-12-12T16:00:02Z" user="Linhares" uid="1310899" lat="-19.2698451" lon="-47.5370264"/>
 <node id="10255860563" visible="true" version="1" changeset="130004180" timestamp="2022-12-12T16:00:02Z" user="Linhares" uid="1310899" lat="-19.2696704" lon="-47.5370425"/>
 <node id="10255860564" visible="true" version="1" changeset="130004180" timestamp="2022-12-12T16:00:02Z" user="Linhares" uid="1310899" lat="-19.2695716" lon="-47.5370774"/>
 <node id="10255860565" visible="true" version="1" changeset="130004180" timestamp="2022-12-12T16:00:02Z" user="Linhares" uid="1310899" lat="-19.2692551" lon="-47.5373375"/>
 <node id="10291327773" visible="true" version="2" changeset="173672006" timestamp="2025-10-23T12:31:48Z" user="DressyPear4" uid="3984659" lat="-19.3164687" lon="-47.5334365"/>
 <node id="10291327774" visible="true" version="2" changeset="173672006" timestamp="2025-10-23T12:31:48Z" user="DressyPear4" uid="3984659" lat="-19.3162942" lon="-47.5330076"/>
 <node id="10291363547" visible="true" version="2" changeset="173672006" timestamp="2025-10-23T12:31:48Z" user="DressyPear4" uid="3984659" lat="-19.3178277" lon="-47.5355375"/>
 <node id="10291411264" visible="true" version="2" changeset="151111086" timestamp="2024-05-09T17:15:57Z" user="ProjetoMapeia" uid="11455881" lat="-19.3138581" lon="-47.5399974"/>
 <node id="10291415782" visible="true" version="1" changeset="130602937" timestamp="2022-12-28T13:47:17Z" user="Raphaelkaart" uid="12468685" lat="-19.3124830" lon="-47.5371091"/>
 <node id="10291415783" visible="true" version="1" changeset="130602937" timestamp="2022-12-28T13:47:17Z" user="Raphaelkaart" uid="12468685" lat="-19.3125651" lon="-47.5368435"/>
 <node id="10291415784" visible="true" version="1" changeset="130602937" timestamp="2022-12-28T13:47:17Z" user="Raphaelkaart" uid="12468685" lat="-19.3126663" lon="-47.5367126"/>
 <node id="10291415785" visible="true" version="1" changeset="130602937" timestamp="2022-12-28T13:47:17Z" user="Raphaelkaart" uid="12468685" lat="-19.3127554" lon="-47.5366868"/>
 <node id="10291415786" visible="true" version="1" changeset="130602937" timestamp="2022-12-28T13:47:17Z" user="Raphaelkaart" uid="12468685" lat="-19.3128304" lon="-47.5370452"/>
 <node id="10291415787" visible="true" version="1" changeset="130602937" timestamp="2022-12-28T13:47:17Z" user="Raphaelkaart" uid="12468685" lat="-19.3139187" lon="-47.5390202"/>
 <node id="10291415788" visible="true" version="1" changeset="130602937" timestamp="2022-12-28T13:47:17Z" user="Raphaelkaart" uid="12468685" lat="-19.3142479" lon="-47.5387575"/>
 <node id="10291415789" visible="true" version="1" changeset="130602937" timestamp="2022-12-28T13:47:17Z" user="Raphaelkaart" uid="12468685" lat="-19.3143977" lon="-47.5385622"/>
 <node id="10291415790" visible="true" version="1" changeset="130602937" timestamp="2022-12-28T13:47:17Z" user="Raphaelkaart" uid="12468685" lat="-19.3144058" lon="-47.5384163"/>
 <node id="10291415791" visible="true" version="1" changeset="130602937" timestamp="2022-12-28T13:47:17Z" user="Raphaelkaart" uid="12468685" lat="-19.3143714" lon="-47.5381824"/>
 <node id="10291415792" visible="true" version="1" changeset="130602937" timestamp="2022-12-28T13:47:17Z" user="Raphaelkaart" uid="12468685" lat="-19.3141871" lon="-47.5378412"/>
 <node id="10291415793" visible="true" version="1" changeset="130602937" timestamp="2022-12-28T13:47:17Z" user="Raphaelkaart" uid="12468685" lat="-19.3141284" lon="-47.5376310"/>
 <node id="10291415794" visible="true" version="1" changeset="130602937" timestamp="2022-12-28T13:47:17Z" user="Raphaelkaart" uid="12468685" lat="-19.3141507" lon="-47.5375129"/>
 <node id="10291415795" visible="true" version="3" changeset="178084739" timestamp="2026-02-04T09:01:39Z" user="MonteTitano" uid="23310648" lat="-19.3170827" lon="-47.5410207"/>
 <node id="10291415799" visible="true" version="2" changeset="173672006" timestamp="2025-10-23T12:31:48Z" user="DressyPear4" uid="3984659" lat="-19.3169466" lon="-47.5402383"/>
 <node id="10291485159" visible="true" version="2" changeset="173672006" timestamp="2025-10-23T12:31:48Z" user="DressyPear4" uid="3984659" lat="-19.3247459" lon="-47.5335626"/>
 <node id="10291485160" visible="true" version="2" changeset="173672006" timestamp="2025-10-23T12:31:48Z" user="DressyPear4" uid="3984659" lat="-19.3240993" lon="-47.5333144"/>
 <node id="10291485161" visible="true" version="2" changeset="173672006" timestamp="2025-10-23T12:31:48Z" user="DressyPear4" uid="3984659" lat="-19.3234387" lon="-47.5330605"/>
 <node id="10291485162" visible="true" version="2" changeset="173672006" timestamp="2025-10-23T12:31:48Z" user="DressyPear4" uid="3984659" lat="-19.3227851" lon="-47.5328094"/>
 <node id="10291485163" visible="true" version="2" changeset="173672006" timestamp="2025-10-23T12:31:48Z" user="DressyPear4" uid="3984659" lat="-19.3231111" lon="-47.5318925"/>
 <node id="10291485164" visible="true" version="2" changeset="173672006" timestamp="2025-10-23T12:31:48Z" user="DressyPear4" uid="3984659" lat="-19.3248566" lon="-47.5325770"/>
 <node id="10291485165" visible="true" version="2" changeset="173672006" timestamp="2025-10-23T12:31:48Z" user="DressyPear4" uid="3984659" lat="-19.3252918" lon="-47.5327481"/>
 <node id="10291485166" visible="true" version="2" changeset="173672006" timestamp="2025-10-23T12:31:48Z" user="DressyPear4" uid="3984659" lat="-19.3257227" lon="-47.5328951"/>
 <node id="10291485167" visible="true" version="2" changeset="173672006" timestamp="2025-10-23T12:31:48Z" user="DressyPear4" uid="3984659" lat="-19.3248522" lon="-47.5353691"/>
 <node id="10291512413" visible="true" version="1" changeset="130606337" timestamp="2022-12-28T15:00:07Z" user="Raphaelkaart" uid="12468685" lat="-19.3271045" lon="-47.5382843"/>
 <node id="10291516931" visible="true" version="1" changeset="130606337" timestamp="2022-12-28T15:00:07Z" user="Raphaelkaart" uid="12468685" lat="-19.3447528" lon="-47.5034513"/>
 <node id="10291519683" visible="true" version="1" changeset="130606473" timestamp="2022-12-28T15:03:13Z" user="Raphaelkaart" uid="12468685" lat="-19.3479486" lon="-47.5016848"/>
 <node id="10291556187" visible="true" version="1" changeset="130608764" timestamp="2022-12-28T16:00:57Z" user="Raphaelkaart" uid="12468685" lat="-19.3242210" lon="-47.5311688"/>
 <node id="10291556188" visible="true" version="1" changeset="130608764" timestamp="2022-12-28T16:00:57Z" user="Raphaelkaart" uid="12468685" lat="-19.3241240" lon="-47.5308442"/>
 <node id="10291556189" visible="true" version="1" changeset="130608764" timestamp="2022-12-28T16:00:57Z" user="Raphaelkaart" uid="12468685" lat="-19.3241240" lon="-47.5305686"/>
 <node id="10291556190" visible="true" version="1" changeset="130608764" timestamp="2022-12-28T16:00:57Z" user="Raphaelkaart" uid="12468685" lat="-19.3241770" lon="-47.5302675"/>
 <node id="10291556191" visible="true" version="1" changeset="130608764" timestamp="2022-12-28T16:00:57Z" user="Raphaelkaart" uid="12468685" lat="-19.3242493" lon="-47.5300634"/>
 <node id="10291556192" visible="true" version="1" changeset="130608764" timestamp="2022-12-28T16:00:57Z" user="Raphaelkaart" uid="12468685" lat="-19.3243937" lon="-47.5300532"/>
 <node id="10291556193" visible="true" version="1" changeset="130608764" timestamp="2022-12-28T16:00:57Z" user="Raphaelkaart" uid="12468685" lat="-19.3245286" lon="-47.5301910"/>
 <node id="10291556194" visible="true" version="1" changeset="130608764" timestamp="2022-12-28T16:00:57Z" user="Raphaelkaart" uid="12468685" lat="-19.3245864" lon="-47.5303288"/>
 <node id="10291556195" visible="true" version="1" changeset="130608764" timestamp="2022-12-28T16:00:57Z" user="Raphaelkaart" uid="12468685" lat="-19.3247068" lon="-47.5302777"/>
 <node id="10291556196" visible="true" version="1" changeset="130608764" timestamp="2022-12-28T16:00:57Z" user="Raphaelkaart" uid="12468685" lat="-19.3248513" lon="-47.5303186"/>
 <node id="10291556197" visible="true" version="1" changeset="130608764" timestamp="2022-12-28T16:00:57Z" user="Raphaelkaart" uid="12468685" lat="-19.3252677" lon="-47.5305288"/>
 <node id="10291556198" visible="true" version="1" changeset="130608764" timestamp="2022-12-28T16:00:57Z" user="Raphaelkaart" uid="12468685" lat="-19.3243286" lon="-47.5311434"/>
 <node id="10291556199" visible="true" version="1" changeset="130608764" timestamp="2022-12-28T16:00:57Z" user="Raphaelkaart" uid="12468685" lat="-19.3243263" lon="-47.5290529"/>
 <node id="10291556200" visible="true" version="1" changeset="130608764" timestamp="2022-12-28T16:00:57Z" user="Raphaelkaart" uid="12468685" lat="-19.3243889" lon="-47.5286140"/>
 <node id="10291556201" visible="true" version="1" changeset="130608764" timestamp="2022-12-28T16:00:57Z" user="Raphaelkaart" uid="12468685" lat="-19.3248946" lon="-47.5275116"/>
 <node id="10291599285" visible="true" version="1" changeset="130608674" timestamp="2022-12-28T15:58:19Z" user="Raphaelkaart" uid="12468685" lat="-19.3227398" lon="-47.5294062"/>
 <node id="10291620683" visible="true" version="1" changeset="130609178" timestamp="2022-12-28T16:12:22Z" user="Raphaelkaart" uid="12468685" lat="-19.3130875" lon="-47.5348758"/>
 <node id="10291620684" visible="true" version="2" changeset="168975721" timestamp="2025-07-15T17:03:14Z" user="MonteRosa1" uid="22220364" lat="-19.3125230" lon="-47.5353223"/>
 <node id="10291620685" visible="true" version="2" changeset="132664267" timestamp="2023-02-17T08:42:27Z" user="Marcos_Itba_Kaart" uid="12689837" lat="-19.3120984" lon="-47.5355489"/>
 <node id="10291620686" visible="true" version="2" changeset="132664267" timestamp="2023-02-17T08:42:27Z" user="Marcos_Itba_Kaart" uid="12689837" lat="-19.3119705" lon="-47.5353490"/>
 <node id="10291620687" visible="true" version="2" changeset="132664267" timestamp="2023-02-17T08:42:27Z" user="Marcos_Itba_Kaart" uid="12689837" lat="-19.3117716" lon="-47.5352098"/>
 <node id="10291620688" visible="true" version="2" changeset="132664267" timestamp="2023-02-17T08:42:27Z" user="Marcos_Itba_Kaart" uid="12689837" lat="-19.3114924" lon="-47.5350815"/>
 <node id="10291620689" visible="true" version="2" changeset="132664267" timestamp="2023-02-17T08:42:27Z" user="Marcos_Itba_Kaart" uid="12689837" lat="-19.3113088" lon="-47.5350311"/>
 <node id="10291620690" visible="true" version="2" changeset="168975721" timestamp="2025-07-15T17:03:14Z" user="MonteRosa1" uid="22220364" lat="-19.3113603" lon="-47.5348487"/>
 <node id="10291620691" visible="true" version="2" changeset="132664267" timestamp="2023-02-17T08:42:27Z" user="Marcos_Itba_Kaart" uid="12689837" lat="-19.3118087" lon="-47.5352200"/>
 <node id="10291620692" visible="true" version="1" changeset="130609178" timestamp="2022-12-28T16:12:22Z" user="Raphaelkaart" uid="12468685" lat="-19.3117909" lon="-47.5354142"/>
 <node id="10291620693" visible="true" version="1" changeset="130609178" timestamp="2022-12-28T16:12:22Z" user="Raphaelkaart" uid="12468685" lat="-19.3118368" lon="-47.5356418"/>
 <node id="10291620694" visible="true" version="1" changeset="130609178" timestamp="2022-12-28T16:12:22Z" user="Raphaelkaart" uid="12468685" lat="-19.3119399" lon="-47.5362366"/>
 <node id="10291620695" visible="true" version="1" changeset="130609178" timestamp="2022-12-28T16:12:22Z" user="Raphaelkaart" uid="12468685" lat="-19.3120372" lon="-47.5365279"/>
 <node id="10291620696" visible="true" version="1" changeset="130609178" timestamp="2022-12-28T16:12:22Z" user="Raphaelkaart" uid="12468685" lat="-19.3121346" lon="-47.5366887"/>
 <node id="10291620697" visible="true" version="1" changeset="130609178" timestamp="2022-12-28T16:12:22Z" user="Raphaelkaart" uid="12468685" lat="-19.3121613" lon="-47.5368973"/>
 <node id="10291620698" visible="true" version="1" changeset="130609178" timestamp="2022-12-28T16:12:22Z" user="Raphaelkaart" uid="12468685" lat="-19.3121776" lon="-47.5371318"/>
 <node id="10291620699" visible="true" version="1" changeset="130609178" timestamp="2022-12-28T16:12:22Z" user="Raphaelkaart" uid="12468685" lat="-19.3120544" lon="-47.5372289"/>
 <node id="10291620700" visible="true" version="2" changeset="132709136" timestamp="2023-02-18T10:19:45Z" user="Marcos_Itba_Kaart" uid="12689837" lat="-19.3120256" lon="-47.5373710"/>
 <node id="10291620701" visible="true" version="2" changeset="132709136" timestamp="2023-02-18T10:19:45Z" user="Marcos_Itba_Kaart" uid="12689837" lat="-19.3119525" lon="-47.5375111"/>
 <node id="10291620702" visible="true" version="2" changeset="132709136" timestamp="2023-02-18T10:19:45Z" user="Marcos_Itba_Kaart" uid="12689837" lat="-19.3115898" lon="-47.5380053"/>
 <node id="10291620703" visible="true" version="1" changeset="130609178" timestamp="2022-12-28T16:12:22Z" user="Raphaelkaart" uid="12468685" lat="-19.3111895" lon="-47.5376749"/>
 <node id="10291625498" visible="true" version="1" changeset="130608799" timestamp="2022-12-28T16:01:59Z" user="Raphaelkaart" uid="12468685" lat="-19.3222093" lon="-47.5357820"/>
 <node id="10291644816" visible="true" version="2" changeset="151111086" timestamp="2024-05-09T17:15:57Z" user="ProjetoMapeia" uid="11455881" lat="-19.3152127" lon="-47.5418970"/>
 <node id="10291644817" visible="true" version="1" changeset="130609178" timestamp="2022-12-28T16:12:22Z" user="Raphaelkaart" uid="12468685" lat="-19.3160545" lon="-47.5441389"/>
 <node id="10291671788" visible="true" version="1" changeset="130609761" timestamp="2022-12-28T16:27:14Z" user="Raphaelkaart" uid="12468685" lat="-19.3073068" lon="-47.5290310"/>
 <node id="10291758988" visible="true" version="1" changeset="130612604" timestamp="2022-12-28T17:45:52Z" user="Raphaelkaart" uid="12468685" lat="-19.3083511" lon="-47.5298445"/>
 <node id="10291770149" visible="true" version="1" changeset="130612692" timestamp="2022-12-28T17:48:34Z" user="Raphaelkaart" uid="12468685" lat="-19.3080130" lon="-47.5299674"/>
 <node id="10291840459" visible="true" version="1" changeset="130612721" timestamp="2022-12-28T17:49:29Z" user="Raphaelkaart" uid="12468685" lat="-19.3177390" lon="-47.5284600"/>
 <node id="10291840460" visible="true" version="1" changeset="130612721" timestamp="2022-12-28T17:49:29Z" user="Raphaelkaart" uid="12468685" lat="-19.3189966" lon="-47.5288060"/>
 <node id="10672623619" visible="true" version="2" changeset="168975721" timestamp="2025-07-15T17:03:14Z" user="MonteRosa1" uid="22220364" lat="-19.3113267" lon="-47.5348362"/>
 <node id="10672623620" visible="true" version="1" changeset="132664267" timestamp="2023-02-17T08:42:27Z" user="Marcos_Itba_Kaart" uid="12689837" lat="-19.3112731" lon="-47.5349323"/>
 <node id="10672623621" visible="true" version="1" changeset="132664267" timestamp="2023-02-17T08:42:27Z" user="Marcos_Itba_Kaart" uid="12689837" lat="-19.3118525" lon="-47.5352343"/>
 <node id="10672623622" visible="true" version="1" changeset="132664267" timestamp="2023-02-17T08:42:27Z" user="Marcos_Itba_Kaart" uid="12689837" lat="-19.3118928" lon="-47.5352713"/>
 <node id="10672623623" visible="true" version="1" changeset="132664267" timestamp="2023-02-17T08:42:27Z" user="Marcos_Itba_Kaart" uid="12689837" lat="-19.3122481" lon="-47.5354713"/>
 <node id="10672623624" visible="true" version="1" changeset="132664267" timestamp="2023-02-17T08:42:27Z" user="Marcos_Itba_Kaart" uid="12689837" lat="-19.3120673" lon="-47.5355434"/>
 <node id="10672623625" visible="true" version="1" changeset="132664267" timestamp="2023-02-17T08:42:27Z" user="Marcos_Itba_Kaart" uid="12689837" lat="-19.3120521" lon="-47.5355112"/>
 <node id="10672623626" visible="true" version="1" changeset="132664267" timestamp="2023-02-17T08:42:27Z" user="Marcos_Itba_Kaart" uid="12689837" lat="-19.3120333" lon="-47.5354401"/>
 <node id="10672623627" visible="true" version="1" changeset="132664267" timestamp="2023-02-17T08:42:27Z" user="Marcos_Itba_Kaart" uid="12689837" lat="-19.3116279" lon="-47.5351565"/>
 <node id="10672623628" visible="true" version="1" changeset="132664267" timestamp="2023-02-17T08:42:27Z" user="Marcos_Itba_Kaart" uid="12689837" lat="-19.3113898" lon="-47.5350541"/>
 <node id="10672623629" visible="true" version="1" changeset="132664267" timestamp="2023-02-17T08:42:27Z" user="Marcos_Itba_Kaart" uid="12689837" lat="-19.3112788" lon="-47.5349801"/>
 <node id="10672623630" visible="true" version="1" changeset="132664267" timestamp="2023-02-17T08:42:27Z" user="Marcos_Itba_Kaart" uid="12689837" lat="-19.3112842" lon="-47.5348999"/>
 <node id="10672623631" visible="true" version="2" changeset="168975721" timestamp="2025-07-15T17:03:14Z" user="MonteRosa1" uid="22220364" lat="-19.3124702" lon="-47.5352995"/>
 <node id="10672623632" visible="true" version="1" changeset="132664267" timestamp="2023-02-17T08:42:27Z" user="Marcos_Itba_Kaart" uid="12689837" lat="-19.3118002" lon="-47.5352977"/>
 <node id="10675912317" visible="true" version="1" changeset="132709136" timestamp="2023-02-18T10:19:45Z" user="Marcos_Itba_Kaart" uid="12689837" lat="-19.3120913" lon="-47.5372021">
  <tag k="access" v="private"/>
  <tag k="barrier" v="gate"/>
 </node>
 <node id="10675912318" visible="true" version="1" changeset="132709136" timestamp="2023-02-18T10:19:45Z" user="Marcos_Itba_Kaart" uid="12689837" lat="-19.3120508" lon="-47.5373027"/>
 <node id="10723202935" visible="true" version="1" changeset="133474652" timestamp="2023-03-09T11:16:50Z" user="(inactive) WarpathPeacock" uid="9633078" lat="-19.3121941" lon="-47.5370999"/>
 <node id="10936614162" visible="true" version="1" changeset="136693275" timestamp="2023-05-29T10:53:35Z" user="Aleksandar1994" uid="3733993" lat="-19.3060731" lon="-47.5301337"/>
 <node id="10936614163" visible="true" version="1" changeset="136693275" timestamp="2023-05-29T10:53:35Z" user="Aleksandar1994" uid="3733993" lat="-19.3060165" lon="-47.5300964"/>
 <node id="10936614164" visible="true" version="1" changeset="136693275" timestamp="2023-05-29T10:53:35Z" user="Aleksandar1994" uid="3733993" lat="-19.3060543" lon="-47.5300319"/>
 <node id="10936614165" visible="true" version="1" changeset="136693275" timestamp="2023-05-29T10:53:35Z" user="Aleksandar1994" uid="3733993" lat="-19.3060737" lon="-47.5300447"/>
 <node id="10936614166" visible="true" version="1" changeset="136693275" timestamp="2023-05-29T10:53:35Z" user="Aleksandar1994" uid="3733993" lat="-19.3061112" lon="-47.5299810"/>
 <node id="10936614167" visible="true" version="1" changeset="136693275" timestamp="2023-05-29T10:53:35Z" user="Aleksandar1994" uid="3733993" lat="-19.3061483" lon="-47.5300055"/>
 <node id="11103223478" visible="true" version="2" changeset="160774585" timestamp="2024-12-30T02:55:32Z" user="kaartense" uid="10292935" lat="-19.3172752" lon="-47.5390981">
  <tag k="addr:housenumber" v="180"/>
  <tag k="addr:street" v="Rua Canadá"/>
 </node>
 <node id="11891861559" visible="true" version="1" changeset="151111086" timestamp="2024-05-09T17:15:57Z" user="ProjetoMapeia" uid="11455881" lat="-19.3152921" lon="-47.5395517"/>
 <node id="11891861560" visible="true" version="1" changeset="151111086" timestamp="2024-05-09T17:15:57Z" user="ProjetoMapeia" uid="11455881" lat="-19.3150529" lon="-47.5394310"/>
 <node id="11891861561" visible="true" version="1" changeset="151111086" timestamp="2024-05-09T17:15:57Z" user="ProjetoMapeia" uid="11455881" lat="-19.3143404" lon="-47.5402035"/>
 <node id="11891861562" visible="true" version="1" changeset="151111086" timestamp="2024-05-09T17:15:57Z" user="ProjetoMapeia" uid="11455881" lat="-19.3142226" lon="-47.5402410"/>
 <node id="11891861563" visible="true" version="1" changeset="151111086" timestamp="2024-05-09T17:15:57Z" user="ProjetoMapeia" uid="11455881" lat="-19.3150402" lon="-47.5400908"/>
 <node id="11891861564" visible="true" version="1" changeset="151111086" timestamp="2024-05-09T17:15:57Z" user="ProjetoMapeia" uid="11455881" lat="-19.3146770" lon="-47.5404516"/>
 <node id="11891861565" visible="true" version="1" changeset="151111086" timestamp="2024-05-09T17:15:57Z" user="ProjetoMapeia" uid="11455881" lat="-19.3145302" lon="-47.5405227"/>
 <node id="11891861566" visible="true" version="1" changeset="151111086" timestamp="2024-05-09T17:15:57Z" user="ProjetoMapeia" uid="11455881" lat="-19.3148314" lon="-47.5408177"/>
 <node id="11891861567" visible="true" version="1" changeset="151111086" timestamp="2024-05-09T17:15:57Z" user="ProjetoMapeia" uid="11455881" lat="-19.3150010" lon="-47.5407185"/>
 <node id="11891861568" visible="true" version="1" changeset="151111086" timestamp="2024-05-09T17:15:57Z" user="ProjetoMapeia" uid="11455881" lat="-19.3146833" lon="-47.5391923"/>
 <node id="11891894069" visible="true" version="1" changeset="151111086" timestamp="2024-05-09T17:15:57Z" user="ProjetoMapeia" uid="11455881" lat="-19.3140809" lon="-47.5398655"/>
 <node id="11891894070" visible="true" version="1" changeset="151111086" timestamp="2024-05-09T17:15:57Z" user="ProjetoMapeia" uid="11455881" lat="-19.3142404" lon="-47.5397126"/>
 <node id="11891895437" visible="true" version="1" changeset="151112136" timestamp="2024-05-09T17:38:48Z" user="ProjetoMapeia" uid="11455881" lat="-19.3079235" lon="-47.5286150"/>
 <node id="11891895438" visible="true" version="1" changeset="151112136" timestamp="2024-05-09T17:38:48Z" user="ProjetoMapeia" uid="11455881" lat="-19.3078248" lon="-47.5289154"/>
 <node id="11891895439" visible="true" version="1" changeset="151112136" timestamp="2024-05-09T17:38:48Z" user="ProjetoMapeia" uid="11455881" lat="-19.3081361" lon="-47.5286955"/>
 <node id="11891895440" visible="true" version="1" changeset="151112136" timestamp="2024-05-09T17:38:48Z" user="ProjetoMapeia" uid="11455881" lat="-19.3080273" lon="-47.5290066"/>
 <node id="11891895441" visible="true" version="1" changeset="151112136" timestamp="2024-05-09T17:38:48Z" user="ProjetoMapeia" uid="11455881" lat="-19.3080324" lon="-47.5297281"/>
 <node id="12755530466" visible="true" version="1" changeset="164957876" timestamp="2025-04-14T21:11:38Z" user="NittyGrittyInTheCity" uid="15652980" lat="-19.3033402" lon="-47.5240091"/>
 <node id="12755530467" visible="true" version="1" changeset="164957876" timestamp="2025-04-14T21:11:38Z" user="NittyGrittyInTheCity" uid="15652980" lat="-19.3032036" lon="-47.5243859">
  <tag k="barrier" v="gate"/>
 </node>
 <node id="12755530468" visible="true" version="1" changeset="164957876" timestamp="2025-04-14T21:11:38Z" user="NittyGrittyInTheCity" uid="15652980" lat="-19.3054679" lon="-47.5254589"/>
 <node id="12755530469" visible="true" version="1" changeset="164957876" timestamp="2025-04-14T21:11:38Z" user="NittyGrittyInTheCity" uid="15652980" lat="-19.3050058" lon="-47.5254482"/>
 <node id="12755530470" visible="true" version="1" changeset="164957876" timestamp="2025-04-14T21:11:38Z" user="NittyGrittyInTheCity" uid="15652980" lat="-19.3049751" lon="-47.5258688"/>
 <node id="12755530471" visible="true" version="1" changeset="164957876" timestamp="2025-04-14T21:11:38Z" user="NittyGrittyInTheCity" uid="15652980" lat="-19.3064343" lon="-47.5238963"/>
 <node id="12755530472" visible="true" version="1" changeset="164957876" timestamp="2025-04-14T21:11:38Z" user="NittyGrittyInTheCity" uid="15652980" lat="-19.3067116" lon="-47.5233385"/>
 <node id="12755530473" visible="true" version="1" changeset="164957876" timestamp="2025-04-14T21:11:38Z" user="NittyGrittyInTheCity" uid="15652980" lat="-19.3067538" lon="-47.5233258"/>
 <node id="12755530474" visible="true" version="1" changeset="164957876" timestamp="2025-04-14T21:11:38Z" user="NittyGrittyInTheCity" uid="15652980" lat="-19.3068040" lon="-47.5233236"/>
 <node id="12755530475" visible="true" version="1" changeset="164957876" timestamp="2025-04-14T21:11:38Z" user="NittyGrittyInTheCity" uid="15652980" lat="-19.3073425" lon="-47.5236451"/>
 <node id="12755530476" visible="true" version="1" changeset="164957876" timestamp="2025-04-14T21:11:38Z" user="NittyGrittyInTheCity" uid="15652980" lat="-19.3073545" lon="-47.5236919"/>
 <node id="12755530477" visible="true" version="1" changeset="164957876" timestamp="2025-04-14T21:11:38Z" user="NittyGrittyInTheCity" uid="15652980" lat="-19.3073103" lon="-47.5239133"/>
 <node id="12755530478" visible="true" version="1" changeset="164957876" timestamp="2025-04-14T21:11:38Z" user="NittyGrittyInTheCity" uid="15652980" lat="-19.3073083" lon="-47.5239666"/>
 <node id="12755530479" visible="true" version="1" changeset="164957876" timestamp="2025-04-14T21:11:38Z" user="NittyGrittyInTheCity" uid="15652980" lat="-19.3074931" lon="-47.5244626">
  <tag k="barrier" v="gate"/>
 </node>
 <node id="12855286091" visible="true" version="1" changeset="166610116" timestamp="2025-05-22T12:07:27Z" user="MountAgung" uid="22557240" lat="-19.3153481" lon="-47.5351612"/>
 <node id="13002216338" visible="true" version="1" changeset="168975721" timestamp="2025-07-15T17:03:14Z" user="MonteRosa1" uid="22220364" lat="-19.3198964" lon="-47.5376735"/>
 <node id="13002216339" visible="true" version="1" changeset="168975721" timestamp="2025-07-15T17:03:14Z" user="MonteRosa1" uid="22220364" lat="-19.3200616" lon="-47.5372149"/>
 <node id="13002216340" visible="true" version="1" changeset="168975721" timestamp="2025-07-15T17:03:14Z" user="MonteRosa1" uid="22220364" lat="-19.3190535" lon="-47.5368574"/>
 <node id="13002216341" visible="true" version="1" changeset="168975721" timestamp="2025-07-15T17:03:14Z" user="MonteRosa1" uid="22220364" lat="-19.3199153" lon="-47.5376681"/>
 <node id="13002216342" visible="true" version="1" changeset="168975721" timestamp="2025-07-15T17:03:14Z" user="MonteRosa1" uid="22220364" lat="-19.3198514" lon="-47.5376628"/>
 <node id="13002216343" visible="true" version="1" changeset="168975721" timestamp="2025-07-15T17:03:14Z" user="MonteRosa1" uid="22220364" lat="-19.3202260" lon="-47.5367734"/>
 <node id="13002216344" visible="true" version="1" changeset="168975721" timestamp="2025-07-15T17:03:14Z" user="MonteRosa1" uid="22220364" lat="-19.3199248" lon="-47.5376420"/>
 <node id="13002216345" visible="true" version="1" changeset="168975721" timestamp="2025-07-15T17:03:14Z" user="MonteRosa1" uid="22220364" lat="-19.3198748" lon="-47.5376701"/>
 <node id="13002216346" visible="true" version="1" changeset="168975721" timestamp="2025-07-15T17:03:14Z" user="MonteRosa1" uid="22220364" lat="-19.3195534" lon="-47.5375615"/>
 <node id="13002216347" visible="true" version="1" changeset="168975721" timestamp="2025-07-15T17:03:14Z" user="MonteRosa1" uid="22220364" lat="-19.3198116" lon="-47.5375588"/>
 <node id="13002216348" visible="true" version="1" changeset="168975721" timestamp="2025-07-15T17:03:14Z" user="MonteRosa1" uid="22220364" lat="-19.3199381" lon="-47.5375937"/>
 <node id="13002216349" visible="true" version="1" changeset="168975721" timestamp="2025-07-15T17:03:14Z" user="MonteRosa1" uid="22220364" lat="-19.3199622" lon="-47.5375320"/>
 <node id="13002216350" visible="true" version="1" changeset="168975721" timestamp="2025-07-15T17:03:14Z" user="MonteRosa1" uid="22220364" lat="-19.3189092" lon="-47.5373268"/>
 <node id="13002216351" visible="true" version="1" changeset="168975721" timestamp="2025-07-15T17:03:14Z" user="MonteRosa1" uid="22220364" lat="-19.3189396" lon="-47.5372490"/>
 <node id="13002216352" visible="true" version="1" changeset="168975721" timestamp="2025-07-15T17:03:14Z" user="MonteRosa1" uid="22220364" lat="-19.3201102" lon="-47.5370599"/>
 <node id="13002216353" visible="true" version="1" changeset="168975721" timestamp="2025-07-15T17:03:14Z" user="MonteRosa1" uid="22220364" lat="-19.3190965" lon="-47.5367206"/>
 <node id="13004843917" visible="true" version="1" changeset="169026906" timestamp="2025-07-16T18:05:40Z" user="MonteRosa1" uid="22220364" lat="-19.3191100" lon="-47.5347394"/>
 <node id="13252015508" visible="true" version="1" changeset="173672006" timestamp="2025-10-23T12:31:48Z" user="DressyPear4" uid="3984659" lat="-19.3227361" lon="-47.5316124"/>
 <node id="13252015509" visible="true" version="1" changeset="173672006" timestamp="2025-10-23T12:31:48Z" user="DressyPear4" uid="3984659" lat="-19.3222996" lon="-47.5314370"/>
 <node id="13252015510" visible="true" version="1" changeset="173672006" timestamp="2025-10-23T12:31:48Z" user="DressyPear4" uid="3984659" lat="-19.3232257" lon="-47.5329787"/>
 <node id="13252015511" visible="true" version="1" changeset="173672006" timestamp="2025-10-23T12:31:48Z" user="DressyPear4" uid="3984659" lat="-19.3235451" lon="-47.5320640"/>
 <node id="13252015512" visible="true" version="1" changeset="173672006" timestamp="2025-10-23T12:31:48Z" user="DressyPear4" uid="3984659" lat="-19.3236425" lon="-47.5331388"/>
 <node id="13252015513" visible="true" version="1" changeset="173672006" timestamp="2025-10-23T12:31:48Z" user="DressyPear4" uid="3984659" lat="-19.3239683" lon="-47.5322312"/>
 <node id="13252015514" visible="true" version="1" changeset="173672006" timestamp="2025-10-23T12:31:48Z" user="DressyPear4" uid="3984659" lat="-19.3244301" lon="-47.5324110"/>
 <node id="13252015515" visible="true" version="1" changeset="173672006" timestamp="2025-10-23T12:31:48Z" user="DressyPear4" uid="3984659" lat="-19.3245300" lon="-47.5334797"/>
 <node id="13252015516" visible="true" version="1" changeset="173672006" timestamp="2025-10-23T12:31:48Z" user="DressyPear4" uid="3984659" lat="-19.3249645" lon="-47.5336466"/>
 <node id="13252015517" visible="true" version="1" changeset="173672006" timestamp="2025-10-23T12:31:48Z" user="DressyPear4" uid="3984659" lat="-19.3253994" lon="-47.5338137"/>
 <node id="13252015518" visible="true" version="1" changeset="173672006" timestamp="2025-10-23T12:31:48Z" user="DressyPear4" uid="3984659" lat="-19.3237101" lon="-47.5357900"/>
 <node id="13252015519" visible="true" version="1" changeset="173672006" timestamp="2025-10-23T12:31:48Z" user="DressyPear4" uid="3984659" lat="-19.3232977" lon="-47.5369694"/>
 <node id="13252015520" visible="true" version="1" changeset="173672006" timestamp="2025-10-23T12:31:48Z" user="DressyPear4" uid="3984659" lat="-19.3228963" lon="-47.5381330"/>
 <node id="13252015521" visible="true" version="1" changeset="173672006" timestamp="2025-10-23T12:31:48Z" user="DressyPear4" uid="3984659" lat="-19.3224893" lon="-47.5393238"/>
 <node id="13252015522" visible="true" version="1" changeset="173672006" timestamp="2025-10-23T12:31:48Z" user="DressyPear4" uid="3984659" lat="-19.3221187" lon="-47.5403926"/>
 <node id="13252015523" visible="true" version="1" changeset="173672006" timestamp="2025-10-23T12:31:48Z" user="DressyPear4" uid="3984659" lat="-19.3221541" lon="-47.5407064"/>
 <node id="13252015524" visible="true" version="1" changeset="173672006" timestamp="2025-10-23T12:31:48Z" user="DressyPear4" uid="3984659" lat="-19.3233168" lon="-47.5411342"/>
 <node id="13252015525" visible="true" version="1" changeset="173672006" timestamp="2025-10-23T12:31:48Z" user="DressyPear4" uid="3984659" lat="-19.3241840" lon="-47.5386342"/>
 <node id="13252015526" visible="true" version="1" changeset="173672006" timestamp="2025-10-23T12:31:48Z" user="DressyPear4" uid="3984659" lat="-19.3250016" lon="-47.5363150"/>
 <node id="13252015527" visible="true" version="1" changeset="173672006" timestamp="2025-10-23T12:31:48Z" user="DressyPear4" uid="3984659" lat="-19.3226376" lon="-47.5430802"/>
 <node id="13252015528" visible="true" version="1" changeset="173672006" timestamp="2025-10-23T12:31:48Z" user="DressyPear4" uid="3984659" lat="-19.3158329" lon="-47.5338187"/>
 <node id="13252015529" visible="true" version="1" changeset="173672006" timestamp="2025-10-23T12:31:48Z" user="DressyPear4" uid="3984659" lat="-19.3224756" lon="-47.5421903"/>
 <node id="13252015530" visible="true" version="1" changeset="173672006" timestamp="2025-10-23T12:31:48Z" user="DressyPear4" uid="3984659" lat="-19.3244229" lon="-47.5351441"/>
 <node id="13252015531" visible="true" version="1" changeset="173672006" timestamp="2025-10-23T12:31:48Z" user="DressyPear4" uid="3984659" lat="-19.3156636" lon="-47.5342830"/>
 <node id="13252015532" visible="true" version="1" changeset="173672006" timestamp="2025-10-23T12:31:48Z" user="DressyPear4" uid="3984659" lat="-19.3228575" lon="-47.5368024"/>
 <node id="13252015533" visible="true" version="1" changeset="173672006" timestamp="2025-10-23T12:31:48Z" user="DressyPear4" uid="3984659" lat="-19.3218631" lon="-47.5397167"/>
 <node id="13252015534" visible="true" version="1" changeset="173672006" timestamp="2025-10-23T12:31:48Z" user="DressyPear4" uid="3984659" lat="-19.3237740" lon="-47.5398240"/>
 <node id="13252015535" visible="true" version="1" changeset="173672006" timestamp="2025-10-23T12:31:48Z" user="DressyPear4" uid="3984659" lat="-19.3241401" lon="-47.5359582"/>
 <node id="13252015536" visible="true" version="1" changeset="173672006" timestamp="2025-10-23T12:31:48Z" user="DressyPear4" uid="3984659" lat="-19.3162959" lon="-47.5329312"/>
 <node id="13252015537" visible="true" version="1" changeset="173672006" timestamp="2025-10-23T12:31:48Z" user="DressyPear4" uid="3984659" lat="-19.3162641" lon="-47.5339768"/>
 <node id="13286647699" visible="true" version="1" changeset="174318723" timestamp="2025-11-07T06:47:20Z" user="ShashiRiver" uid="22557307" lat="-19.3117825" lon="-47.5387980">
  <tag k="barrier" v="gate"/>
 </node>
 <node id="13286647700" visible="true" version="1" changeset="174318723" timestamp="2025-11-07T06:47:20Z" user="ShashiRiver" uid="22557307" lat="-19.3122090" lon="-47.5383514"/>
 <node id="13286683172" visible="true" version="1" changeset="174318792" timestamp="2025-11-07T06:49:52Z" user="ShashiRiver" uid="22557307" lat="-19.3093154" lon="-47.5365478"/>
 <node id="13286700301" visible="true" version="1" changeset="174318723" timestamp="2025-11-07T06:47:20Z" user="ShashiRiver" uid="22557307" lat="-19.3111218" lon="-47.5385700"/>
 <node id="13286700302" visible="true" version="1" changeset="174318723" timestamp="2025-11-07T06:47:20Z" user="ShashiRiver" uid="22557307" lat="-19.3110598" lon="-47.5384668"/>
 <node id="13286700303" visible="true" version="1" changeset="174318723" timestamp="2025-11-07T06:47:20Z" user="ShashiRiver" uid="22557307" lat="-19.3106953" lon="-47.5379853"/>
 <node id="13286700304" visible="true" version="1" changeset="174318723" timestamp="2025-11-07T06:47:20Z" user="ShashiRiver" uid="22557307" lat="-19.3107991" lon="-47.5380845"/>
 <node id="13286700305" visible="true" version="1" changeset="174318723" timestamp="2025-11-07T06:47:20Z" user="ShashiRiver" uid="22557307" lat="-19.3109624" lon="-47.5382978"/>
 <node id="13286700306" visible="true" version="1" changeset="174318723" timestamp="2025-11-07T06:47:20Z" user="ShashiRiver" uid="22557307" lat="-19.3111889" lon="-47.5386451"/>
 <node id="13286700307" visible="true" version="1" changeset="174318723" timestamp="2025-11-07T06:47:20Z" user="ShashiRiver" uid="22557307" lat="-19.3115560" lon="-47.5388423"/>
 <node id="13286700308" visible="true" version="1" changeset="174318723" timestamp="2025-11-07T06:47:20Z" user="ShashiRiver" uid="22557307" lat="-19.3114484" lon="-47.5388061"/>
 <node id="13286700309" visible="true" version="1" changeset="174318723" timestamp="2025-11-07T06:47:20Z" user="ShashiRiver" uid="22557307" lat="-19.3117015" lon="-47.5388865"/>
 <node id="13286700310" visible="true" version="1" changeset="174318723" timestamp="2025-11-07T06:47:20Z" user="ShashiRiver" uid="22557307" lat="-19.3105673" lon="-47.5378876"/>
 <node id="13286700311" visible="true" version="1" changeset="174318723" timestamp="2025-11-07T06:47:20Z" user="ShashiRiver" uid="22557307" lat="-19.3096932" lon="-47.5371661"/>
 <node id="13286700312" visible="true" version="1" changeset="174318723" timestamp="2025-11-07T06:47:20Z" user="ShashiRiver" uid="22557307" lat="-19.3096976" lon="-47.5371774"/>
 <node id="13286700313" visible="true" version="1" changeset="174318723" timestamp="2025-11-07T06:47:20Z" user="ShashiRiver" uid="22557307" lat="-19.3096916" lon="-47.5371538"/>
 <node id="13518891691" visible="true" version="1" changeset="177996018" timestamp="2026-02-02T08:40:32Z" user="LakeVan" uid="22315977" lat="-19.2994888" lon="-47.5266194"/>
 <node id="13518891692" visible="true" version="1" changeset="177996018" timestamp="2026-02-02T08:40:32Z" user="LakeVan" uid="22315977" lat="-19.3012022" lon="-47.5291893"/>
 <node id="13518891693" visible="true" version="1" changeset="177996018" timestamp="2026-02-02T08:40:32Z" user="LakeVan" uid="22315977" lat="-19.3015406" lon="-47.5295833"/>
 <node id="13518891694" visible="true" version="1" changeset="177996018" timestamp="2026-02-02T08:40:32Z" user="LakeVan" uid="22315977" lat="-19.3016140" lon="-47.5296007"/>
 <node id="13523672562" visible="true" version="2" changeset="178163512" timestamp="2026-02-06T01:48:28Z" user="MonteTitano" uid="23310648" lat="-19.3190326" lon="-47.5437426"/>
 <node id="13523672563" visible="true" version="1" changeset="178084739" timestamp="2026-02-04T09:01:39Z" user="MonteTitano" uid="23310648" lat="-19.3171070" lon="-47.5409062"/>
 <node id="13523672564" visible="true" version="1" changeset="178084739" timestamp="2026-02-04T09:01:39Z" user="MonteTitano" uid="23310648" lat="-19.3170507" lon="-47.5409733"/>
 <node id="13523672565" visible="true" version="1" changeset="178084739" timestamp="2026-02-04T09:01:39Z" user="MonteTitano" uid="23310648" lat="-19.3171249" lon="-47.5410832"/>
 <node id="13523672566" visible="true" version="1" changeset="178084739" timestamp="2026-02-04T09:01:39Z" user="MonteTitano" uid="23310648" lat="-19.3187228" lon="-47.5432821"/>
 <node id="13523672567" visible="true" version="1" changeset="178084739" timestamp="2026-02-04T09:01:39Z" user="MonteTitano" uid="23310648" lat="-19.3184308" lon="-47.5428481"/>
 <node id="13523672568" visible="true" version="1" changeset="178084739" timestamp="2026-02-04T09:01:39Z" user="MonteTitano" uid="23310648" lat="-19.3181077" lon="-47.5423753"/>
 <node id="13523672569" visible="true" version="1" changeset="178084739" timestamp="2026-02-04T09:01:39Z" user="MonteTitano" uid="23310648" lat="-19.3178166" lon="-47.5419389"/>
 <node id="13523672570" visible="true" version="1" changeset="178084739" timestamp="2026-02-04T09:01:39Z" user="MonteTitano" uid="23310648" lat="-19.3175436" lon="-47.5415139"/>
 <node id="13523672571" visible="true" version="1" changeset="178084739" timestamp="2026-02-04T09:01:39Z" user="MonteTitano" uid="23310648" lat="-19.3172806" lon="-47.5411192"/>
 <node id="13525450953" visible="true" version="1" changeset="178120631" timestamp="2026-02-05T04:50:52Z" user="MonteTitano" uid="23310648" lat="-19.3171792" lon="-47.5409586"/>
 <node id="13527637830" visible="true" version="1" changeset="178163512" timestamp="2026-02-06T01:48:28Z" user="MonteTitano" uid="23310648" lat="-19.3171200" lon="-47.5409162"/>
 <node id="13670463190" visible="true" version="1" changeset="180277897" timestamp="2026-03-23T01:37:29Z" user="LakeLouise" uid="23310694" lat="-19.3199951" lon="-47.5271586"/>
 <node id="13670463191" visible="true" version="1" changeset="180277897" timestamp="2026-03-23T01:37:29Z" user="LakeLouise" uid="23310694" lat="-19.3199419" lon="-47.5272296"/>
 <way id="356690941" visible="true" version="16" changeset="174318723" timestamp="2025-11-07T06:47:20Z" user="ShashiRiver" uid="22557307">
  <nd ref="3621056745"/>
  <nd ref="7888903843"/>
  <nd ref="3878972880"/>
  <nd ref="7888864330"/>
  <nd ref="3621056746"/>
  <nd ref="7888864329"/>
  <nd ref="7888903845"/>
  <nd ref="7888903840"/>
  <nd ref="6778964301"/>
  <nd ref="7889463570"/>
  <nd ref="4053250146"/>
  <nd ref="6778964303"/>
  <nd ref="6778964318"/>
  <nd ref="3621056747"/>
  <nd ref="3621056748"/>
  <nd ref="3621056749"/>
  <nd ref="3621056750"/>
  <nd ref="3621056751"/>
  <nd ref="3621056752"/>
  <nd ref="3621056753"/>
  <nd ref="4053224859"/>
  <nd ref="3621056755"/>
  <nd ref="7800973678"/>
  <nd ref="3621056756"/>
  <tag k="highway" v="tertiary"/>
  <tag k="maxspeed" v="40"/>
  <tag k="name" v="Avenida Enio Gonçalves"/>
  <tag k="oneway" v="yes"/>
  <tag k="surface" v="asphalt"/>
 </way>
 <way id="356690942" visible="true" version="17" changeset="174318792" timestamp="2025-11-07T06:49:52Z" user="ShashiRiver" uid="22557307">
  <nd ref="7796596192"/>
  <nd ref="7800973677"/>
  <nd ref="3621056757"/>
  <nd ref="3621056758"/>
  <nd ref="3621056759"/>
  <nd ref="3621056760"/>
  <nd ref="3621056761"/>
  <nd ref="3621056762"/>
  <nd ref="3621056763"/>
  <nd ref="3621056764"/>
  <nd ref="3621056765"/>
  <nd ref="3621056929"/>
  <nd ref="4053250145"/>
  <nd ref="7889463571"/>
  <nd ref="6778964299"/>
  <nd ref="3621056766"/>
  <nd ref="7888903841"/>
  <nd ref="13286683172"/>
  <nd ref="3621056767"/>
  <nd ref="7888839529"/>
  <nd ref="3878972881"/>
  <nd ref="7888839536"/>
  <tag k="highway" v="tertiary"/>
  <tag k="maxspeed" v="40"/>
  <tag k="name" v="Avenida Enio Gonçalves"/>
  <tag k="oneway" v="yes"/>
  <tag k="surface" v="asphalt"/>
 </way>
 <way id="356690943" visible="true" version="5" changeset="89198363" timestamp="2020-08-10T12:05:23Z" user="NorthwestPassage" uid="10409507">
  <nd ref="3621056771"/>
  <nd ref="3621056772"/>
  <nd ref="3621056773"/>
  <nd ref="3621056774"/>
  <nd ref="3621056775"/>
  <nd ref="3621056776"/>
  <nd ref="3621056777"/>
  <nd ref="4053224826"/>
  <nd ref="7800973676"/>
  <tag k="highway" v="tertiary"/>
  <tag k="maxspeed" v="40"/>
  <tag k="name" v="Rua Antônio Rezende"/>
  <tag k="surface" v="asphalt"/>
 </way>
 <way id="356690944" visible="true" version="9" changeset="90616376" timestamp="2020-09-09T04:33:02Z" user="LaFloresta" uid="10529535">
  <nd ref="1420905156"/>
  <nd ref="3878972888"/>
  <nd ref="3878972889"/>
  <nd ref="7888864331"/>
  <nd ref="7888839537"/>
  <nd ref="7888864332"/>
  <nd ref="3621056745"/>
  <nd ref="3621056784"/>
  <nd ref="3621056789"/>
  <nd ref="3878972890"/>
  <nd ref="7888839530"/>
  <nd ref="3878972891"/>
  <nd ref="7888839536"/>
  <nd ref="3621056768"/>
  <nd ref="7888839531"/>
  <nd ref="3621056788"/>
  <nd ref="3621056778"/>
  <tag k="highway" v="tertiary"/>
  <tag k="incorrect:junction" v="roundabout"/>
  <tag k="junction" v="circular"/>
  <tag k="maxspeed" v="30"/>
  <tag k="oneway" v="yes"/>
  <tag k="surface" v="asphalt"/>
 </way>
 <way id="356690945" visible="true" version="5" changeset="90616376" timestamp="2020-09-09T04:33:02Z" user="LaFloresta" uid="10529535">
  <nd ref="3621056770"/>
  <nd ref="7888864333"/>
  <nd ref="3621056785"/>
  <nd ref="3621056779"/>
  <tag k="highway" v="trunk_link"/>
  <tag k="oneway" v="yes"/>
 </way>
 <way id="356690946" visible="true" version="5" changeset="90616376" timestamp="2020-09-09T04:33:02Z" user="LaFloresta" uid="10529535">
  <nd ref="3621056781"/>
  <nd ref="3621056786"/>
  <nd ref="7888864334"/>
  <nd ref="7888864335"/>
  <nd ref="3621056787"/>
  <tag k="highway" v="trunk_link"/>
  <tag k="oneway" v="yes"/>
 </way>
 <way id="356690947" visible="true" version="1" changeset="32235634" timestamp="2015-06-27T03:22:56Z" user="claudioprv" uid="386484">
  <nd ref="3621056790"/>
  <nd ref="3621056791"/>
  <nd ref="3621056792"/>
  <nd ref="3621056893"/>
  <nd ref="3621056790"/>
  <tag k="addr:street" v="Rua Antônio Rezende"/>
  <tag k="leisure" v="stadium"/>
  <tag k="sport" v="soccer"/>
 </way>
 <way id="356690948" visible="true" version="2" changeset="74199793" timestamp="2019-09-07T07:56:08Z" user="patodiez" uid="1856060">
  <nd ref="6778964314"/>
  <nd ref="3621056894"/>
  <nd ref="3621056748"/>
  <nd ref="3621056764"/>
  <nd ref="3621056895"/>
  <nd ref="3621056896"/>
  <tag k="highway" v="residential"/>
  <tag k="maxspeed" v="40"/>
  <tag k="name" v="Rua Mozart Portela de Oliveira"/>
  <tag k="surface" v="asphalt"/>
 </way>
 <way id="356690950" visible="true" version="6" changeset="102053436" timestamp="2021-03-31T11:51:00Z" user="Raphaelkaart" uid="12468685">
  <nd ref="3621056914"/>
  <nd ref="3621056941"/>
  <nd ref="7888903857"/>
  <nd ref="3621056942"/>
  <nd ref="7888903858"/>
  <nd ref="3621056943"/>
  <nd ref="3621056908"/>
  <nd ref="3621056909"/>
  <nd ref="7888903859"/>
  <nd ref="3621056910"/>
  <nd ref="3621056911"/>
  <nd ref="7888903860"/>
  <nd ref="3621056912"/>
  <nd ref="3621056913"/>
  <nd ref="7888903861"/>
  <nd ref="3621056932"/>
  <nd ref="3621056933"/>
  <nd ref="7888903865"/>
  <nd ref="3621056934"/>
  <tag k="highway" v="tertiary"/>
  <tag k="maxspeed" v="20"/>
  <tag k="name" v="Avenida Joaquim Honório da Silva"/>
  <tag k="oneway" v="yes"/>
 </way>
 <way id="356690951" visible="true" version="10" changeset="102053887" timestamp="2021-03-31T11:58:33Z" user="Raphaelkaart" uid="12468685">
  <nd ref="3621056914"/>
  <nd ref="7888864319"/>
  <nd ref="7888864320"/>
  <nd ref="3621056915"/>
  <nd ref="7888864318"/>
  <nd ref="3621056916"/>
  <nd ref="3621056917"/>
  <nd ref="3621056918"/>
  <nd ref="6778964285"/>
  <nd ref="3621056919"/>
  <nd ref="4053224881"/>
  <nd ref="7888864321"/>
  <nd ref="7888864322"/>
  <nd ref="3621056920"/>
  <nd ref="7888864324"/>
  <nd ref="3621056921"/>
  <nd ref="3621056922"/>
  <nd ref="3621056923"/>
  <nd ref="3621056924"/>
  <nd ref="3621056925"/>
  <nd ref="4053250123"/>
  <nd ref="3621056926"/>
  <nd ref="3621056927"/>
  <nd ref="3621056928"/>
  <nd ref="3621056931"/>
  <nd ref="3621056929"/>
  <tag k="highway" v="tertiary"/>
  <tag k="maxspeed" v="40"/>
  <tag k="name" v="Avenida Joaquim Honório da Silva"/>
  <tag k="oneway" v="yes"/>
 </way>
 <way id="356690952" visible="true" version="7" changeset="102053518" timestamp="2021-03-31T11:52:23Z" user="Raphaelkaart" uid="12468685">
  <nd ref="3621056765"/>
  <nd ref="6778964315"/>
  <nd ref="4053250130"/>
  <nd ref="3621056898"/>
  <nd ref="7888864328"/>
  <nd ref="3621056899"/>
  <nd ref="3621056900"/>
  <nd ref="3621056901"/>
  <nd ref="3621056902"/>
  <nd ref="7888864323"/>
  <nd ref="7888864327"/>
  <nd ref="7888864326"/>
  <nd ref="7888864325"/>
  <nd ref="3621056903"/>
  <nd ref="3621056904"/>
  <nd ref="3621056905"/>
  <nd ref="3621056906"/>
  <nd ref="3621056907"/>
  <nd ref="3621056908"/>
  <tag k="highway" v="tertiary"/>
  <tag k="maxspeed" v="40"/>
  <tag k="name" v="Avenida Joaquim Honório da Silva"/>
  <tag k="oneway" v="yes"/>
 </way>
 <way id="356690953" visible="true" version="8" changeset="102053481" timestamp="2021-03-31T11:51:41Z" user="Raphaelkaart" uid="12468685">
  <nd ref="3621056944"/>
  <nd ref="3621056945"/>
  <nd ref="7888903850"/>
  <nd ref="7888903849"/>
  <nd ref="3621056946"/>
  <nd ref="7888903848"/>
  <nd ref="3621056947"/>
  <nd ref="3621056937"/>
  <tag k="highway" v="tertiary"/>
  <tag k="name" v="Avenida Joaquim Honório da Silva"/>
  <tag k="surface" v="unpaved"/>
 </way>
 <way id="356690954" visible="true" version="9" changeset="177996018" timestamp="2026-02-02T08:40:32Z" user="LakeVan" uid="22315977">
  <nd ref="3621056934"/>
  <nd ref="3621056949"/>
  <nd ref="3621056950"/>
  <nd ref="7889003822"/>
  <nd ref="3621056951"/>
  <nd ref="7888903853"/>
  <nd ref="7889003823"/>
  <nd ref="3878972894"/>
  <nd ref="3621056952"/>
  <nd ref="3621056953"/>
  <nd ref="13518891694"/>
  <nd ref="13518891693"/>
  <nd ref="7889017397"/>
  <tag k="highway" v="tertiary"/>
  <tag k="name" v="Avenida Joaquim Honório da Silva"/>
  <tag k="surface" v="unpaved"/>
 </way>
 <way id="356690955" visible="true" version="4" changeset="90617573" timestamp="2020-09-09T05:00:03Z" user="LaFloresta" uid="10529535">
  <nd ref="3621056947"/>
  <nd ref="7888903856"/>
  <nd ref="7888903855"/>
  <nd ref="7888903854"/>
  <nd ref="3621056950"/>
  <tag k="highway" v="tertiary"/>
 </way>
 <way id="356690956" visible="true" version="3" changeset="130609491" timestamp="2022-12-28T16:19:38Z" user="Raphaelkaart" uid="12468685">
  <nd ref="3621056906"/>
  <nd ref="3621056955"/>
  <tag k="highway" v="residential"/>
  <tag k="name" v="Rua Antonio Manoel Borges"/>
 </way>
 <way id="356695473" visible="true" version="7" changeset="87669471" timestamp="2020-07-07T18:26:59Z" user="DressyPear4" uid="3984659">
  <nd ref="7692668472"/>
  <nd ref="7692668469"/>
  <nd ref="7692623262"/>
  <nd ref="7692623261"/>
  <nd ref="7692623260"/>
  <nd ref="7692623259"/>
  <nd ref="7692623258"/>
  <nd ref="7692623257"/>
  <nd ref="7692623256"/>
  <nd ref="7692623255"/>
  <nd ref="7692623254"/>
  <nd ref="7692623253"/>
  <nd ref="7692668466"/>
  <nd ref="3621099941"/>
  <nd ref="7692668471"/>
  <nd ref="7692668468"/>
  <nd ref="3621099938"/>
  <nd ref="7692668467"/>
  <nd ref="7692668470"/>
  <nd ref="7692668472"/>
  <tag k="landuse" v="grass"/>
 </way>
 <way id="356695474" visible="true" version="4" changeset="87669471" timestamp="2020-07-07T18:26:59Z" user="DressyPear4" uid="3984659">
  <nd ref="3621099943"/>
  <nd ref="7692668463"/>
  <nd ref="3621099944"/>
  <nd ref="7692668464"/>
  <nd ref="7692668465"/>
  <nd ref="6778964320"/>
  <nd ref="3621099945"/>
  <tag k="highway" v="residential"/>
 </way>
 <way id="356695475" visible="true" version="6" changeset="133474652" timestamp="2023-03-09T11:16:50Z" user="(inactive) WarpathPeacock" uid="9633078">
  <nd ref="3621099958"/>
  <nd ref="3621099959"/>
  <nd ref="3621099960"/>
  <nd ref="3621099961"/>
  <nd ref="3621099962"/>
  <nd ref="3621099963"/>
  <nd ref="3621099964"/>
  <nd ref="3621099946"/>
  <nd ref="10723202935"/>
  <nd ref="3621099947"/>
  <nd ref="3621099948"/>
  <nd ref="3621099953"/>
  <nd ref="3621099954"/>
  <nd ref="3621099955"/>
  <nd ref="3621099956"/>
  <nd ref="3621099957"/>
  <nd ref="3621099949"/>
  <nd ref="3621099950"/>
  <nd ref="3621099951"/>
  <nd ref="4053250148"/>
  <nd ref="3621099958"/>
  <tag k="highway" v="residential"/>
  <tag k="junction" v="roundabout"/>
 </way>
 <way id="356695476" visible="true" version="6" changeset="151111086" timestamp="2024-05-09T17:15:57Z" user="ProjetoMapeia" uid="11455881">
  <nd ref="3621099953"/>
  <nd ref="3621099965"/>
  <nd ref="3621099966"/>
  <nd ref="3621099967"/>
  <nd ref="3621099968"/>
  <nd ref="10291415787"/>
  <nd ref="3621099969"/>
  <nd ref="4053250161"/>
  <nd ref="3621099970"/>
  <nd ref="3621099971"/>
  <nd ref="3621099972"/>
  <nd ref="3621099973"/>
  <nd ref="3621099974"/>
  <nd ref="3621099975"/>
  <nd ref="3621099976"/>
  <nd ref="4053250187"/>
  <tag k="highway" v="residential"/>
  <tag k="name" v="Rua dos Ipês"/>
 </way>
 <way id="356695477" visible="true" version="2" changeset="130602695" timestamp="2022-12-28T13:42:11Z" user="Raphaelkaart" uid="12468685">
  <nd ref="3621099966"/>
  <nd ref="3621099993"/>
  <nd ref="3621099978"/>
  <tag k="highway" v="residential"/>
  <tag k="name" v="Rua das Aroeiras"/>
 </way>
 <way id="356695478" visible="true" version="3" changeset="151111086" timestamp="2024-05-09T17:15:57Z" user="ProjetoMapeia" uid="11455881">
  <nd ref="3621099978"/>
  <nd ref="3621099979"/>
  <nd ref="3621099980"/>
  <nd ref="3621099981"/>
  <nd ref="3621099982"/>
  <nd ref="3621099983"/>
  <nd ref="3621099984"/>
  <nd ref="3621099985"/>
  <tag k="highway" v="residential"/>
  <tag k="name" v="Rua dos Jacarandás"/>
  <tag k="surface" v="asphalt"/>
 </way>
 <way id="356695479" visible="true" version="2" changeset="151111086" timestamp="2024-05-09T17:15:57Z" user="ProjetoMapeia" uid="11455881">
  <nd ref="3621099985"/>
  <nd ref="11891861566"/>
  <nd ref="3621099986"/>
  <nd ref="11891861567"/>
  <nd ref="3621099973"/>
  <tag k="highway" v="residential"/>
  <tag k="name" v="Rua das Acácias"/>
 </way>
 <way id="356695480" visible="true" version="7" changeset="151111086" timestamp="2024-05-09T17:15:57Z" user="ProjetoMapeia" uid="11455881">
  <nd ref="3621099982"/>
  <nd ref="10291411264"/>
  <nd ref="3621099987"/>
  <nd ref="11891894069"/>
  <nd ref="11891894070"/>
  <nd ref="3621099970"/>
  <nd ref="11891861568"/>
  <nd ref="4053250165"/>
  <nd ref="6778964337"/>
  <tag k="highway" v="residential"/>
  <tag k="name" v="Rua Alemanha"/>
 </way>
 <way id="356695481" visible="true" version="4" changeset="151111086" timestamp="2024-05-09T17:15:57Z" user="ProjetoMapeia" uid="11455881">
  <nd ref="3621099983"/>
  <nd ref="11891861562"/>
  <nd ref="3621099988"/>
  <nd ref="11891861561"/>
  <nd ref="3621099971"/>
  <nd ref="7692668458"/>
  <nd ref="11891861560"/>
  <nd ref="6778964346"/>
  <tag k="highway" v="residential"/>
  <tag k="name" v="Rua das Paineiras"/>
 </way>
 <way id="356695482" visible="true" version="4" changeset="151111086" timestamp="2024-05-09T17:15:57Z" user="ProjetoMapeia" uid="11455881">
  <nd ref="3621099984"/>
  <nd ref="11891861565"/>
  <nd ref="3621099989"/>
  <nd ref="11891861564"/>
  <nd ref="11891861563"/>
  <nd ref="3621099972"/>
  <nd ref="4053250168"/>
  <tag k="highway" v="residential"/>
  <tag k="name" v="Rua dos Cedros"/>
 </way>
 <way id="356695483" visible="true" version="1" changeset="32235838" timestamp="2015-06-27T04:12:31Z" user="claudioprv" uid="386484">
  <nd ref="3621099987"/>
  <nd ref="3621099988"/>
  <nd ref="3621099989"/>
  <nd ref="3621099986"/>
  <tag k="highway" v="residential"/>
 </way>
 <way id="356695484" visible="true" version="2" changeset="130602679" timestamp="2022-12-28T13:41:50Z" user="Raphaelkaart" uid="12468685">
  <nd ref="3621099979"/>
  <nd ref="3621099990"/>
  <nd ref="3621099967"/>
  <tag k="highway" v="residential"/>
  <tag k="name" v="Rua Pau Brasil"/>
 </way>
 <way id="356695485" visible="true" version="2" changeset="130602612" timestamp="2022-12-28T13:40:56Z" user="Raphaelkaart" uid="12468685">
  <nd ref="3621099980"/>
  <nd ref="3621099991"/>
  <nd ref="3621099968"/>
  <tag k="highway" v="residential"/>
  <tag k="name" v="Rua das Palmeiras"/>
 </way>
 <way id="356695486" visible="true" version="2" changeset="130602612" timestamp="2022-12-28T13:40:56Z" user="Raphaelkaart" uid="12468685">
  <nd ref="3621099981"/>
  <nd ref="3621099992"/>
  <nd ref="3621099969"/>
  <tag k="highway" v="residential"/>
  <tag k="name" v="Rua das Cameleiras"/>
 </way>
 <way id="356695487" visible="true" version="1" changeset="32235838" timestamp="2015-06-27T04:12:31Z" user="claudioprv" uid="386484">
  <nd ref="3621099993"/>
  <nd ref="3621099990"/>
  <nd ref="3621099991"/>
  <nd ref="3621099992"/>
  <tag k="highway" v="residential"/>
 </way>
 <way id="356695488" visible="true" version="2" changeset="87669471" timestamp="2020-07-07T18:26:59Z" user="DressyPear4" uid="3984659">
  <nd ref="3621099994"/>
  <nd ref="3621099995"/>
  <nd ref="3621099996"/>
  <nd ref="3621099997"/>
  <nd ref="3621099994"/>
  <tag k="leisure" v="park"/>
 </way>
 <way id="356695490" visible="true" version="9" changeset="130609178" timestamp="2022-12-28T16:12:22Z" user="Raphaelkaart" uid="12468685">
  <nd ref="3621099933"/>
  <nd ref="3621100001"/>
  <nd ref="10291620683"/>
  <nd ref="3621100002"/>
  <nd ref="3621100003"/>
  <nd ref="3621100004"/>
  <nd ref="3621100005"/>
  <nd ref="3621100006"/>
  <nd ref="3621100007"/>
  <nd ref="3621100008"/>
  <nd ref="4053224827"/>
  <nd ref="3621100009"/>
  <nd ref="3621100010"/>
  <nd ref="3621100011"/>
  <nd ref="3621100012"/>
  <nd ref="3621100013"/>
  <nd ref="3621100014"/>
  <nd ref="3621100015"/>
  <nd ref="3621100016"/>
  <nd ref="7516594954"/>
  <nd ref="3621100017"/>
  <tag k="highway" v="residential"/>
  <tag k="maxspeed" v="40"/>
  <tag k="name" v="Rua João Faria"/>
  <tag k="surface" v="asphalt"/>
 </way>
 <way id="356695491" visible="true" version="3" changeset="85177430" timestamp="2020-05-14T05:51:17Z" user="CanalBelt" uid="10142300">
  <nd ref="7516594954"/>
  <nd ref="3621100018"/>
  <nd ref="3621100019"/>
  <nd ref="3621100020"/>
  <nd ref="3621056772"/>
  <nd ref="3621100021"/>
  <nd ref="3621100022"/>
  <tag k="highway" v="residential"/>
  <tag k="maxspeed" v="40"/>
  <tag k="name" v="Rua Tiradentes"/>
  <tag k="surface" v="asphalt"/>
 </way>
 <way id="356695492" visible="true" version="4" changeset="188508976" timestamp="2026-09-04T06:28:27Z" user="LakeEyasi" uid="23639055">
  <nd ref="4053224808"/>
  <nd ref="4053224807"/>
  <nd ref="4053224814"/>
  <nd ref="3621100023"/>
  <nd ref="3621100024"/>
  <nd ref="3621100025"/>
  <nd ref="3621100026"/>
  <nd ref="3621100027"/>
  <tag k="highway" v="residential"/>
  <tag k="maxspeed" v="40"/>
  <tag k="name" v="Rua José Goularte"/>
  <tag k="surface" v="asphalt"/>
 </way>
 <way id="356695493" visible="true" version="7" changeset="188133400" timestamp="2026-08-28T08:06:50Z" user="LakeOnega" uid="23310576">
  <nd ref="3621100033"/>
  <nd ref="3621100030"/>
  <nd ref="3621129487"/>
  <nd ref="3621100034"/>
  <nd ref="3621100035"/>
  <nd ref="3621100036"/>
  <nd ref="3621100037"/>
  <nd ref="3621100038"/>
  <nd ref="3621100039"/>
  <nd ref="3621100040"/>
  <nd ref="3621100041"/>
  <nd ref="3621100042"/>
  <nd ref="3621100043"/>
  <nd ref="3621100044"/>
  <nd ref="6778964334"/>
  <nd ref="3621100045"/>
  <nd ref="3621099934"/>
  <tag k="highway" v="residential"/>
  <tag k="name" v="Rua Teotônio da Cunha"/>
 </way>
 <way id="356695494" visible="true" version="2" changeset="32235966" timestamp="2015-06-27T04:38:16Z" user="claudioprv" uid="386484">
  <nd ref="3621100048"/>
  <nd ref="3621100020"/>
  <nd ref="3621100028"/>
  <nd ref="3621100049"/>
  <tag k="highway" v="residential"/>
  <tag k="name" v="Rua Fernando Portela"/>
 </way>
 <way id="356695495" visible="true" version="4" changeset="74199793" timestamp="2019-09-07T07:56:08Z" user="patodiez" uid="1856060">
  <nd ref="3621100050"/>
  <nd ref="3621100019"/>
  <nd ref="4053224799"/>
  <nd ref="3621100029"/>
  <nd ref="3621100051"/>
  <nd ref="3621100052"/>
  <nd ref="3621100053"/>
  <nd ref="3621100054"/>
  <nd ref="3621100055"/>
  <nd ref="3621100056"/>
  <nd ref="3621100057"/>
  <nd ref="3621100058"/>
  <nd ref="3621100059"/>
  <nd ref="3621100060"/>
  <nd ref="3621100061"/>
  <nd ref="3621100062"/>
  <nd ref="6778964313"/>
  <nd ref="6778964314"/>
  <nd ref="3621100063"/>
  <nd ref="6778964328"/>
  <tag k="highway" v="residential"/>
  <tag k="maxspeed" v="40"/>
  <tag k="name" v="Rua José Pedro Borges"/>
  <tag k="surface" v="asphalt"/>
 </way>
 <way id="356695496" visible="true" version="5" changeset="184204327" timestamp="2026-06-17T00:47:33Z" user="LomamiRiver" uid="23866726">
  <nd ref="3621099944"/>
  <nd ref="6778964321"/>
  <nd ref="3621099932"/>
  <nd ref="3621056894"/>
  <nd ref="3621100064"/>
  <nd ref="3621100065"/>
  <nd ref="3621100066"/>
  <nd ref="3621100067"/>
  <nd ref="3621100068"/>
  <nd ref="3621100069"/>
  <nd ref="3621100070"/>
  <nd ref="3621100071"/>
  <nd ref="3621100072"/>
  <nd ref="3621100073"/>
  <tag k="highway" v="residential"/>
  <tag k="name" v="Rua Fernando Portela"/>
 </way>
 <way id="356695497" visible="true" version="4" changeset="130609556" timestamp="2022-12-28T16:21:51Z" user="Raphaelkaart" uid="12468685">
  <nd ref="3621056775"/>
  <nd ref="3621100075"/>
  <nd ref="3621100076"/>
  <tag k="highway" v="residential"/>
  <tag k="name" v="Rua Almeida Júnior"/>
 </way>
 <way id="356695498" visible="true" version="5" changeset="89553695" timestamp="2020-08-18T06:29:02Z" user="NorthwestPassage" uid="10409507">
  <nd ref="3621100051"/>
  <nd ref="3621100013"/>
  <nd ref="3621100034"/>
  <nd ref="3621129488"/>
  <nd ref="3621100083"/>
  <nd ref="3621100084"/>
  <nd ref="3621100085"/>
  <tag k="highway" v="residential"/>
  <tag k="name" v="Rua Professor Orestes"/>
 </way>
 <way id="356695499" visible="true" version="5" changeset="180277897" timestamp="2026-03-23T01:37:29Z" user="LakeLouise" uid="23310694">
  <nd ref="7517228665"/>
  <nd ref="3621100117"/>
  <nd ref="7517228664"/>
  <nd ref="3621100087"/>
  <nd ref="3621100033"/>
  <nd ref="3621100097"/>
  <nd ref="3621100015"/>
  <tag k="highway" v="residential"/>
  <tag k="name" v="Rua do Sagrado Coração de Jesus"/>
 </way>
 <way id="356695500" visible="true" version="6" changeset="85180950" timestamp="2020-05-14T06:51:08Z" user="CanalBelt" uid="10142300">
  <nd ref="3621100016"/>
  <nd ref="3621100088"/>
  <nd ref="3621100089"/>
  <nd ref="3621100032"/>
  <nd ref="3621100090"/>
  <nd ref="7516809925"/>
  <nd ref="7516809926"/>
  <nd ref="3621100091"/>
  <nd ref="3621100092"/>
  <tag k="highway" v="residential"/>
  <tag k="maxspeed" v="40"/>
  <tag k="name" v="Rua Pracinha Honório Vieira"/>
  <tag k="oneway" v="yes"/>
  <tag k="surface" v="asphalt"/>
 </way>
 <way id="356695501" visible="true" version="3" changeset="85177430" timestamp="2020-05-14T05:51:17Z" user="CanalBelt" uid="10142300">
  <nd ref="3621100088"/>
  <nd ref="3621100096"/>
  <tag k="highway" v="residential"/>
  <tag k="oneway" v="yes"/>
 </way>
 <way id="356695502" visible="true" version="2" changeset="130608945" timestamp="2022-12-28T16:05:28Z" user="Raphaelkaart" uid="12468685">
  <nd ref="3621100097"/>
  <nd ref="3621100089"/>
  <nd ref="3621100095"/>
  <tag k="highway" v="residential"/>
  <tag k="name" v="Rua Modesto do Prado"/>
 </way>
 <way id="356695503" visible="true" version="8" changeset="173672006" timestamp="2025-10-23T12:31:48Z" user="DressyPear4" uid="3984659">
  <nd ref="3621100031"/>
  <nd ref="10291840459"/>
  <nd ref="3621100083"/>
  <nd ref="3621100098"/>
  <nd ref="3621100099"/>
  <nd ref="3621100100"/>
  <nd ref="3621100101"/>
  <nd ref="3621100102"/>
  <nd ref="3621100103"/>
  <nd ref="6778964333"/>
  <nd ref="4053224894"/>
  <nd ref="4053224901"/>
  <nd ref="13252015528"/>
  <nd ref="4053224893"/>
  <nd ref="13252015531"/>
  <nd ref="4053250096"/>
  <nd ref="12855286091"/>
  <nd ref="6778964335"/>
  <nd ref="3621099935"/>
  <tag k="highway" v="residential"/>
  <tag k="maxspeed" v="40"/>
  <tag k="name" v="Rua Miguel Abdanur"/>
  <tag k="surface" v="asphalt"/>
 </way>
 <way id="356695504" visible="true" version="3" changeset="85177430" timestamp="2020-05-14T05:51:17Z" user="CanalBelt" uid="10142300">
  <nd ref="3621100105"/>
  <nd ref="3621100106"/>
  <nd ref="3621056771"/>
  <nd ref="3621100048"/>
  <nd ref="3621100050"/>
  <nd ref="7516594953"/>
  <nd ref="3621100017"/>
  <tag k="highway" v="residential"/>
  <tag k="maxspeed" v="40"/>
  <tag k="name" v="Rua Pracinha Honório Vieira"/>
  <tag k="surface" v="asphalt"/>
 </way>
 <way id="356695505" visible="true" version="5" changeset="85199690" timestamp="2020-05-14T11:44:57Z" user="Tyrifjorden" uid="9625508">
  <nd ref="3621100107"/>
  <nd ref="3621100108"/>
  <nd ref="7517909065"/>
  <nd ref="7517228664"/>
  <tag k="highway" v="residential"/>
  <tag k="oneway" v="yes"/>
 </way>
 <way id="356695506" visible="true" version="1" changeset="32235838" timestamp="2015-06-27T04:12:32Z" user="claudioprv" uid="386484">
  <nd ref="3621100107"/>
  <nd ref="3621100092"/>
  <tag k="highway" v="residential"/>
 </way>
 <way id="356695507" visible="true" version="3" changeset="85192143" timestamp="2020-05-14T09:39:50Z" user="CanalBelt" uid="10142300">
  <nd ref="3621100111"/>
  <nd ref="7516594952"/>
  <nd ref="7517476303"/>
  <nd ref="7516594951"/>
  <nd ref="3621100113"/>
  <tag k="highway" v="residential"/>
 </way>
 <way id="356695508" visible="true" version="7" changeset="180277897" timestamp="2026-03-23T01:37:29Z" user="LakeLouise" uid="23310694">
  <nd ref="3621100031"/>
  <nd ref="3621100114"/>
  <nd ref="3621100115"/>
  <nd ref="3621100116"/>
  <nd ref="7796596188"/>
  <nd ref="13670463191"/>
  <nd ref="13670463190"/>
  <nd ref="3621100117"/>
  <tag k="alt_name" v="Rua Gregório Canedo"/>
  <tag k="highway" v="residential"/>
  <tag k="maxspeed" v="40"/>
  <tag k="name" v="Rua Gregoriano Canedo"/>
  <tag k="surface" v="asphalt"/>
 </way>
 <way id="356695509" visible="true" version="4" changeset="130612721" timestamp="2022-12-28T17:49:29Z" user="Raphaelkaart" uid="12468685">
  <nd ref="3621100115"/>
  <nd ref="7796596190"/>
  <nd ref="3621100118"/>
  <nd ref="7796596189"/>
  <nd ref="10291840460"/>
  <nd ref="3621100084"/>
  <nd ref="3621100119"/>
  <nd ref="3621100120"/>
  <nd ref="3621100121"/>
  <nd ref="3621100122"/>
  <nd ref="3621100123"/>
  <nd ref="3621100124"/>
  <nd ref="3621100125"/>
  <tag k="highway" v="residential"/>
  <tag k="maxspeed" v="40"/>
  <tag k="name" v="Rua Maria Teixeira"/>
  <tag k="surface" v="asphalt"/>
 </way>
 <way id="356695510" visible="true" version="5" changeset="87669471" timestamp="2020-07-07T18:26:59Z" user="DressyPear4" uid="3984659">
  <nd ref="3621100134"/>
  <nd ref="4053224834"/>
  <nd ref="3621100135"/>
  <nd ref="3621100136"/>
  <nd ref="3621100137"/>
  <nd ref="3621100138"/>
  <nd ref="3621100139"/>
  <nd ref="3621100140"/>
  <nd ref="3621100141"/>
  <tag k="highway" v="residential"/>
  <tag k="name" v="Avenida Juscelino Kubitscheck"/>
  <tag k="oneway" v="yes"/>
 </way>
 <way id="356695511" visible="true" version="4" changeset="74199793" timestamp="2019-09-07T07:56:08Z" user="patodiez" uid="1856060">
  <nd ref="3621100142"/>
  <nd ref="3621100143"/>
  <nd ref="3621100141"/>
  <tag k="highway" v="residential"/>
  <tag k="maxspeed" v="30"/>
  <tag k="name" v="Rua Inácio Paes Lemes"/>
  <tag k="surface" v="paved"/>
 </way>
 <way id="356695512" visible="true" version="3" changeset="74199793" timestamp="2019-09-07T07:56:08Z" user="patodiez" uid="1856060">
  <nd ref="3621100144"/>
  <nd ref="6778964364"/>
  <nd ref="3621100136"/>
  <nd ref="3621100129"/>
  <nd ref="3621100122"/>
  <nd ref="3621100101"/>
  <nd ref="3621100037"/>
  <tag k="highway" v="residential"/>
  <tag k="maxspeed" v="40"/>
  <tag k="name" v="Rua Professor Cândido Menezes"/>
  <tag k="surface" v="asphalt"/>
 </way>
 <way id="356695513" visible="true" version="4" changeset="102053956" timestamp="2021-03-31T11:59:29Z" user="Raphaelkaart" uid="12468685">
  <nd ref="3621100055"/>
  <nd ref="3621100010"/>
  <nd ref="3621100036"/>
  <nd ref="3621100100"/>
  <nd ref="3621100121"/>
  <nd ref="3621100128"/>
  <nd ref="3621100137"/>
  <nd ref="6778964365"/>
  <nd ref="3621100145"/>
  <tag k="highway" v="residential"/>
  <tag k="maxspeed" v="40"/>
  <tag k="name" v="Avenida João Severino Gonçalves"/>
  <tag k="surface" v="asphalt"/>
 </way>
 <way id="356695514" visible="true" version="4" changeset="175396212" timestamp="2025-12-02T10:38:42Z" user="MountainMakalu" uid="23310659">
  <nd ref="3621100146"/>
  <nd ref="6778964367"/>
  <nd ref="3621100138"/>
  <nd ref="3621100127"/>
  <nd ref="3621100120"/>
  <nd ref="3621100099"/>
  <nd ref="3621100035"/>
  <nd ref="3621100011"/>
  <nd ref="3621100054"/>
  <nd ref="3621100073"/>
  <nd ref="3621056776"/>
  <nd ref="3621100147"/>
  <nd ref="3621100148"/>
  <nd ref="3621100149"/>
  <tag k="highway" v="residential"/>
  <tag k="name" v="Rua São Vicente de Paula"/>
 </way>
 <way id="356695515" visible="true" version="6" changeset="166662698" timestamp="2025-05-23T15:38:36Z" user="LakeThingvalla" uid="22048964">
  <nd ref="3621100080"/>
  <nd ref="4053224819"/>
  <nd ref="3621100077"/>
  <tag k="highway" v="residential"/>
  <tag k="maxspeed" v="40"/>
  <tag k="name" v="Avenida da Saudade"/>
  <tag k="oneway" v="yes"/>
  <tag k="surface" v="asphalt"/>
 </way>
 <way id="356695516" visible="true" version="6" changeset="130609556" timestamp="2022-12-28T16:21:51Z" user="Raphaelkaart" uid="12468685">
  <nd ref="3621100076"/>
  <nd ref="3621100148"/>
  <nd ref="3621100156"/>
  <nd ref="3621100157"/>
  <nd ref="3621100158"/>
  <nd ref="3621100159"/>
  <nd ref="3621100160"/>
  <nd ref="3621100161"/>
  <nd ref="3621100162"/>
  <nd ref="4053250098"/>
  <nd ref="3621100164"/>
  <nd ref="3621056896"/>
  <nd ref="3621056898"/>
  <nd ref="3621056927"/>
  <tag k="highway" v="residential"/>
  <tag k="name" v="Rua Miguel Arabe"/>
 </way>
 <way id="356695517" visible="true" version="2" changeset="32235966" timestamp="2015-06-27T04:38:16Z" user="claudioprv" uid="386484">
  <nd ref="3621100156"/>
  <nd ref="3621100165"/>
  <nd ref="3621056777"/>
  <tag k="highway" v="residential"/>
  <tag k="maxspeed" v="30"/>
  <tag k="name" v="Rua Severino Gonçalves"/>
  <tag k="surface" v="asphalt"/>
 </way>
 <way id="356698540" visible="true" version="3" changeset="173672006" timestamp="2025-10-23T12:31:48Z" user="DressyPear4" uid="3984659">
  <nd ref="3621129484"/>
  <nd ref="13252015508"/>
  <nd ref="13252015509"/>
  <nd ref="3621129485"/>
  <nd ref="3621129486"/>
  <nd ref="6778964366"/>
  <nd ref="3621100139"/>
  <nd ref="3621100126"/>
  <nd ref="3621100119"/>
  <nd ref="3621100098"/>
  <tag k="highway" v="residential"/>
  <tag k="maxspeed" v="40"/>
  <tag k="name" v="Rua Lucas Ferreira da Cunha"/>
  <tag k="surface" v="asphalt"/>
 </way>
 <way id="356698541" visible="true" version="3" changeset="162008633" timestamp="2025-02-01T12:22:34Z" user="kaartense" uid="10292935">
  <nd ref="3621129487"/>
  <nd ref="3621100031"/>
  <tag k="alt_name" v="Rua Gregório Canedo"/>
  <tag k="highway" v="residential"/>
  <tag k="name" v="Rua Gregoriano Canedo"/>
 </way>
 <way id="356698542" visible="true" version="1" changeset="32235966" timestamp="2015-06-27T04:38:14Z" user="claudioprv" uid="386484">
  <nd ref="3621129487"/>
  <nd ref="3621129488"/>
  <tag k="highway" v="residential"/>
 </way>
 <way id="356698543" visible="true" version="8" changeset="169026906" timestamp="2025-07-16T18:05:40Z" user="MonteRosa1" uid="22220364">
  <nd ref="4423880242"/>
  <nd ref="13004843917"/>
  <nd ref="4423880283"/>
  <nd ref="3621129490"/>
  <nd ref="3621129491"/>
  <nd ref="4423881592"/>
  <nd ref="3621100144"/>
  <nd ref="3621100145"/>
  <nd ref="4423881595"/>
  <nd ref="3621100146"/>
  <nd ref="3621129486"/>
  <nd ref="4053224797"/>
  <nd ref="4053224486"/>
  <nd ref="4053224798"/>
  <nd ref="3621141293"/>
  <nd ref="3621141294"/>
  <nd ref="3621141295"/>
  <nd ref="7801098546"/>
  <nd ref="3621141296"/>
  <nd ref="6778964355"/>
  <nd ref="3621141297"/>
  <nd ref="7517476308"/>
  <nd ref="6778964353"/>
  <nd ref="7517476307"/>
  <tag k="highway" v="residential"/>
  <tag k="maxspeed" v="30"/>
  <tag k="name" v="Rua Agostinho Ferreira da Cunha"/>
  <tag k="oneway" v="yes"/>
  <tag k="surface" v="asphalt"/>
 </way>
 <way id="356700662" visible="true" version="5" changeset="70316208" timestamp="2019-05-16T12:17:39Z" user="user_9544873" uid="9544873">
  <nd ref="3621056771"/>
  <nd ref="6477908938"/>
  <tag k="highway" v="tertiary"/>
  <tag k="mtb:scale" v="1"/>
  <tag k="name" v="Estrada para Usina Pai Joaquim"/>
  <tag k="source:highway" v="schema_br2013"/>
  <tag k="source:highway_classification" v="IBGE"/>
  <tag k="surface" v="paved"/>
  <tag k="tracktype" v="grade3"/>
  <tag k="width" v="3"/>
 </way>
 <way id="402923494" visible="true" version="4" changeset="130608682" timestamp="2022-12-28T15:58:38Z" user="Raphaelkaart" uid="12468685">
  <nd ref="3621129484"/>
  <nd ref="7796559472"/>
  <nd ref="7796559471"/>
  <nd ref="7796559473"/>
  <nd ref="7800027722"/>
  <nd ref="4053224488"/>
  <nd ref="4053224789"/>
  <nd ref="4053224483"/>
  <nd ref="4053224791"/>
  <nd ref="4053224795"/>
  <nd ref="4053224482"/>
  <nd ref="4053224479"/>
  <tag k="highway" v="residential"/>
  <tag k="name" v="Rua da Sinceridade"/>
 </way>
 <way id="402923495" visible="true" version="4" changeset="130608764" timestamp="2022-12-28T16:00:57Z" user="Raphaelkaart" uid="12468685">
  <nd ref="7517228665"/>
  <nd ref="6778964356"/>
  <nd ref="6778964355"/>
  <nd ref="4053224480"/>
  <nd ref="4053224481"/>
  <nd ref="4053224485"/>
  <nd ref="4053224482"/>
  <tag k="highway" v="residential"/>
  <tag k="name" v="Rua da Luz"/>
  <tag k="surface" v="unpaved"/>
 </way>
 <way id="402923496" visible="true" version="4" changeset="130608674" timestamp="2022-12-28T15:58:19Z" user="Raphaelkaart" uid="12468685">
  <nd ref="6778964371"/>
  <nd ref="6778964372"/>
  <nd ref="3621141294"/>
  <nd ref="7801049471"/>
  <nd ref="4053224484"/>
  <nd ref="4053224793"/>
  <nd ref="4053224483"/>
  <tag k="highway" v="residential"/>
  <tag k="name" v="Rua da Paz"/>
 </way>
 <way id="402923497" visible="true" version="2" changeset="130608659" timestamp="2022-12-28T15:57:40Z" user="Raphaelkaart" uid="12468685">
  <nd ref="3621129485"/>
  <nd ref="4053224487"/>
  <nd ref="4053224790"/>
  <nd ref="4053224484"/>
  <tag k="highway" v="residential"/>
  <tag k="name" v="Rua da Harmonia"/>
 </way>
 <way id="402923498" visible="true" version="3" changeset="130608718" timestamp="2022-12-28T15:59:54Z" user="Raphaelkaart" uid="12468685">
  <nd ref="4053224792"/>
  <nd ref="7796559455"/>
  <nd ref="4053224796"/>
  <nd ref="4053224485"/>
  <tag k="highway" v="residential"/>
  <tag k="name" v="Rua da Harmonia"/>
  <tag k="surface" v="unpaved"/>
 </way>
 <way id="402923499" visible="true" version="2" changeset="130608640" timestamp="2022-12-28T15:57:11Z" user="Raphaelkaart" uid="12468685">
  <nd ref="4053224486"/>
  <nd ref="4053224487"/>
  <nd ref="4053224488"/>
  <tag k="highway" v="residential"/>
  <tag k="name" v="Rua da Prosperidade"/>
 </way>
 <way id="402923500" visible="true" version="3" changeset="130608659" timestamp="2022-12-28T15:57:40Z" user="Raphaelkaart" uid="12468685">
  <nd ref="4053224789"/>
  <nd ref="4053224790"/>
  <nd ref="3621141293"/>
  <nd ref="6778964370"/>
  <tag k="highway" v="residential"/>
  <tag k="name" v="Rua da Fortuna"/>
 </way>
 <way id="402923501" visible="true" version="2" changeset="130608696" timestamp="2022-12-28T15:59:11Z" user="Raphaelkaart" uid="12468685">
  <nd ref="4053224791"/>
  <nd ref="4053224794"/>
  <nd ref="4053224792"/>
  <tag k="highway" v="residential"/>
  <tag k="name" v="Rua da Liberdade"/>
 </way>
 <way id="402923502" visible="true" version="2" changeset="130608674" timestamp="2022-12-28T15:58:19Z" user="Raphaelkaart" uid="12468685">
  <nd ref="4053224793"/>
  <nd ref="10291599285"/>
  <nd ref="4053224794"/>
  <tag k="highway" v="residential"/>
  <tag k="name" v="Praça da Amizade"/>
 </way>
 <way id="402923503" visible="true" version="3" changeset="130608718" timestamp="2022-12-28T15:59:54Z" user="Raphaelkaart" uid="12468685">
  <nd ref="4053224795"/>
  <nd ref="4053224796"/>
  <nd ref="3621141296"/>
  <nd ref="6778964376"/>
  <nd ref="6778964375"/>
  <tag k="highway" v="residential"/>
  <tag k="name" v="Rua do Sucesso"/>
  <tag k="surface" v="unpaved"/>
 </way>
 <way id="402923504" visible="true" version="4" changeset="130608696" timestamp="2022-12-28T15:59:11Z" user="Raphaelkaart" uid="12468685">
  <nd ref="4053224792"/>
  <nd ref="7801049470"/>
  <nd ref="3621141295"/>
  <nd ref="6778964374"/>
  <nd ref="6778964373"/>
  <tag k="highway" v="residential"/>
  <tag k="name" v="Rua da Liberdade"/>
  <tag k="surface" v="unpaved"/>
 </way>
 <way id="402923505" visible="true" version="3" changeset="130608825" timestamp="2022-12-28T16:02:42Z" user="Raphaelkaart" uid="12468685">
  <nd ref="3621100140"/>
  <nd ref="6778964368"/>
  <nd ref="4053224797"/>
  <tag k="highway" v="residential"/>
  <tag k="name" v="Praça Cônego Lazaro Noel de Camargo"/>
 </way>
 <way id="402923506" visible="true" version="2" changeset="74199793" timestamp="2019-09-07T07:56:08Z" user="patodiez" uid="1856060">
  <nd ref="3621100143"/>
  <nd ref="6778964369"/>
  <nd ref="4053224798"/>
  <tag k="highway" v="residential"/>
 </way>
 <way id="402923507" visible="true" version="2" changeset="130608994" timestamp="2022-12-28T16:07:10Z" user="Raphaelkaart" uid="12468685">
  <nd ref="4053224799"/>
  <nd ref="4053224800"/>
  <nd ref="4053224801"/>
  <tag k="highway" v="residential"/>
  <tag k="name" v="Beco Etelvinia"/>
 </way>
 <way id="402923508" visible="true" version="4" changeset="74199793" timestamp="2019-09-07T07:56:08Z" user="patodiez" uid="1856060">
  <nd ref="3621100106"/>
  <nd ref="3621100021"/>
  <nd ref="3621100027"/>
  <nd ref="3621100082"/>
  <nd ref="3621100075"/>
  <nd ref="3621100147"/>
  <nd ref="3621100165"/>
  <nd ref="4053224821"/>
  <nd ref="4053224860"/>
  <nd ref="4053224862"/>
  <nd ref="4053224802"/>
  <nd ref="4053224898"/>
  <nd ref="4053224895"/>
  <nd ref="4053250097"/>
  <nd ref="4053250120"/>
  <nd ref="3621056895"/>
  <nd ref="6778964315"/>
  <nd ref="3621056931"/>
  <tag k="highway" v="residential"/>
  <tag k="name" v="Rua Padre Artur Samuel"/>
 </way>
 <way id="402923509" visible="true" version="1" changeset="37737374" timestamp="2016-03-10T15:42:41Z" user="patodiez" uid="1856060">
  <nd ref="4053224803"/>
  <nd ref="4053224804"/>
  <nd ref="4053224805"/>
  <nd ref="4053224806"/>
  <nd ref="4053224803"/>
  <tag k="leisure" v="park"/>
 </way>
 <way id="402923510" visible="true" version="3" changeset="130609692" timestamp="2022-12-28T16:25:10Z" user="Raphaelkaart" uid="12468685">
  <nd ref="4053224808"/>
  <nd ref="4053224809"/>
  <nd ref="4053224810"/>
  <nd ref="7651163410"/>
  <nd ref="4053224811"/>
  <nd ref="4053224812"/>
  <nd ref="7651163409"/>
  <nd ref="7651163408"/>
  <nd ref="4053224813"/>
  <tag k="highway" v="residential"/>
  <tag k="name" v="Rua José Goulart"/>
 </way>
 <way id="402923511" visible="true" version="6" changeset="151112136" timestamp="2024-05-09T17:38:48Z" user="ProjetoMapeia" uid="11455881">
  <nd ref="7651412387"/>
  <nd ref="3621100078"/>
  <nd ref="4053224818"/>
  <nd ref="3621100150"/>
  <nd ref="6778964289"/>
  <nd ref="7889444163"/>
  <nd ref="4053224817"/>
  <tag k="highway" v="residential"/>
  <tag k="name" v="Rua Pedro José de Oliveira"/>
 </way>
 <way id="402923512" visible="true" version="3" changeset="184254841" timestamp="2026-06-18T05:47:23Z" user="Mamberamo River" uid="23866625">
  <nd ref="4053224818"/>
  <nd ref="4053224820"/>
  <tag k="highway" v="residential"/>
  <tag k="name" v="Praça Pio XII"/>
 </way>
 <way id="402923513" visible="true" version="1" changeset="37737374" timestamp="2016-03-10T15:42:41Z" user="patodiez" uid="1856060">
  <nd ref="4053224820"/>
  <nd ref="3621100079"/>
  <tag k="highway" v="residential"/>
 </way>
 <way id="402923514" visible="true" version="5" changeset="90630328" timestamp="2020-09-09T08:24:40Z" user="LaFloresta" uid="10529535">
  <nd ref="4053224821"/>
  <nd ref="3621100157"/>
  <nd ref="4053224864"/>
  <nd ref="3621100151"/>
  <nd ref="7888940467"/>
  <nd ref="4053224822"/>
  <nd ref="4053250106"/>
  <nd ref="4053250117"/>
  <nd ref="4053224817"/>
  <nd ref="4053250124"/>
  <nd ref="4053250113"/>
  <nd ref="4053224823"/>
  <nd ref="4053224824"/>
  <nd ref="7888940447"/>
  <nd ref="4053224825"/>
  <tag k="highway" v="residential"/>
  <tag k="name" v="Rua Vinte e Seis de Outubro"/>
 </way>
 <way id="402923515" visible="true" version="4" changeset="89626250" timestamp="2020-08-19T10:16:12Z" user="NorthwestPassage" uid="10409507">
  <nd ref="3621100071"/>
  <nd ref="7824769347"/>
  <nd ref="4053224826"/>
  <tag k="highway" v="residential"/>
  <tag k="oneway" v="yes"/>
 </way>
 <way id="402923516" visible="true" version="2" changeset="130612692" timestamp="2022-12-28T17:48:34Z" user="Raphaelkaart" uid="12468685">
  <nd ref="3621100053"/>
  <nd ref="3621100012"/>
  <tag k="highway" v="residential"/>
  <tag k="name" v="Rua Antonio Vieira da Rocha"/>
 </way>
 <way id="402923517" visible="true" version="1" changeset="37737374" timestamp="2016-03-10T15:42:41Z" user="patodiez" uid="1856060">
  <nd ref="4053224829"/>
  <nd ref="4053224830"/>
  <nd ref="4053224831"/>
  <nd ref="4053224829"/>
  <tag k="leisure" v="park"/>
 </way>
 <way id="402923518" visible="true" version="5" changeset="130600924" timestamp="2022-12-28T13:05:17Z" user="Raphaelkaart" uid="12468685">
  <nd ref="3621100132"/>
  <nd ref="3621100134"/>
  <nd ref="6778964361"/>
  <tag k="highway" v="residential"/>
  <tag k="name" v="Rua Miguel Abud"/>
  <tag k="surface" v="unpaved"/>
 </way>
 <way id="402923520" visible="true" version="4" changeset="89126554" timestamp="2020-08-08T12:24:20Z" user="NorthwestPassage" uid="10409507">
  <nd ref="3621129491"/>
  <nd ref="6778964363"/>
  <nd ref="3621100135"/>
  <nd ref="3621100130"/>
  <nd ref="3621100123"/>
  <nd ref="3621100102"/>
  <nd ref="3621100038"/>
  <nd ref="3621100008"/>
  <nd ref="3621100057"/>
  <nd ref="3621100070"/>
  <nd ref="3621056756"/>
  <nd ref="7796596192"/>
  <nd ref="4053224860"/>
  <nd ref="3621100158"/>
  <nd ref="4053224861"/>
  <tag k="highway" v="residential"/>
  <tag k="name" v="Rua Homero Rodrigues Machado"/>
 </way>
 <way id="402923521" visible="true" version="4" changeset="173672006" timestamp="2025-10-23T12:31:48Z" user="DressyPear4" uid="3984659">
  <nd ref="3621129490"/>
  <nd ref="6778964362"/>
  <nd ref="4053224834"/>
  <nd ref="3621100131"/>
  <nd ref="3621100124"/>
  <nd ref="13252015536"/>
  <nd ref="6778964333"/>
  <tag k="highway" v="residential"/>
  <tag k="name" v="Rua Elzira Portela"/>
 </way>
 <way id="402923524" visible="true" version="2" changeset="40696532" timestamp="2016-07-12T19:38:51Z" user="Renildo Ferreira" uid="4103293">
  <nd ref="3621100103"/>
  <nd ref="3621100039"/>
  <nd ref="3621100007"/>
  <nd ref="3621100058"/>
  <nd ref="3621100069"/>
  <nd ref="4053224859"/>
  <nd ref="3621056758"/>
  <nd ref="4053224862"/>
  <nd ref="3621100159"/>
  <nd ref="4053224863"/>
  <tag k="highway" v="residential"/>
  <tag k="name" v="Rua Antonio Ferreira"/>
 </way>
 <way id="402923525" visible="true" version="4" changeset="90616376" timestamp="2020-09-09T04:33:02Z" user="LaFloresta" uid="10529535">
  <nd ref="4053224864"/>
  <nd ref="4053224861"/>
  <nd ref="4053224863"/>
  <nd ref="4053250102"/>
  <nd ref="4053224865"/>
  <nd ref="4053224897"/>
  <nd ref="4053224892"/>
  <nd ref="4053224866"/>
  <nd ref="4053250122"/>
  <nd ref="3621056899"/>
  <tag k="highway" v="residential"/>
  <tag k="name" v="Rua Antonio Martins do Prado"/>
 </way>
 <way id="402923526" visible="true" version="2" changeset="151112136" timestamp="2024-05-09T17:38:48Z" user="ProjetoMapeia" uid="11455881">
  <nd ref="4053224867"/>
  <nd ref="11891895440"/>
  <nd ref="11891895438"/>
  <nd ref="11891895437"/>
  <nd ref="11891895439"/>
  <nd ref="4053224868"/>
  <nd ref="4053224869"/>
  <nd ref="4053224870"/>
  <nd ref="11891895441"/>
  <nd ref="4053224867"/>
  <tag k="landuse" v="cemetery"/>
 </way>
 <way id="402923527" visible="true" version="4" changeset="130609430" timestamp="2022-12-28T16:18:42Z" user="Raphaelkaart" uid="12468685">
  <nd ref="4053224825"/>
  <nd ref="7888940448"/>
  <nd ref="4053250109"/>
  <nd ref="4053224871"/>
  <nd ref="7888940452"/>
  <nd ref="4053224872"/>
  <nd ref="4053224890"/>
  <nd ref="4053224888"/>
  <nd ref="7888940453"/>
  <nd ref="4053224873"/>
  <nd ref="4053224874"/>
  <nd ref="4053224883"/>
  <nd ref="4053224876"/>
  <nd ref="3621056905"/>
  <nd ref="3621056917"/>
  <tag k="highway" v="residential"/>
  <tag k="name" v="Rua Pedro Alves Borges"/>
 </way>
 <way id="402923528" visible="true" version="2" changeset="130609401" timestamp="2022-12-28T16:17:59Z" user="Raphaelkaart" uid="12468685">
  <nd ref="4053224875"/>
  <nd ref="3621056955"/>
  <nd ref="4053224876"/>
  <nd ref="4053224878"/>
  <nd ref="4053224877"/>
  <tag k="highway" v="residential"/>
  <tag k="name" v="Rua Maria Augusta Gonçalves"/>
 </way>
 <way id="402923529" visible="true" version="7" changeset="130609401" timestamp="2022-12-28T16:17:59Z" user="Raphaelkaart" uid="12468685">
  <nd ref="6778964281"/>
  <nd ref="7889003842"/>
  <nd ref="7889003841"/>
  <nd ref="6778964285"/>
  <nd ref="3621056904"/>
  <nd ref="4053224878"/>
  <nd ref="4053224884"/>
  <nd ref="4053224887"/>
  <nd ref="4053224879"/>
  <nd ref="4053224880"/>
  <nd ref="7889003843"/>
  <nd ref="4053250108"/>
  <nd ref="7888940451"/>
  <nd ref="7888940450"/>
  <nd ref="7888940449"/>
  <nd ref="4053224824"/>
  <tag k="highway" v="residential"/>
  <tag k="name" v="Rua Leonidio Carneiro Espindola"/>
 </way>
 <way id="402923530" visible="true" version="3" changeset="130609341" timestamp="2022-12-28T16:16:59Z" user="Raphaelkaart" uid="12468685">
  <nd ref="4053224881"/>
  <nd ref="3621056903"/>
  <nd ref="4053224877"/>
  <nd ref="4053224885"/>
  <nd ref="4053224886"/>
  <nd ref="7888940455"/>
  <nd ref="7888940454"/>
  <nd ref="4053224889"/>
  <tag k="highway" v="residential"/>
  <tag k="name" v="Rua Luciano Naves"/>
 </way>
 <way id="402923531" visible="true" version="2" changeset="130609401" timestamp="2022-12-28T16:17:59Z" user="Raphaelkaart" uid="12468685">
  <nd ref="4053224883"/>
  <nd ref="4053224884"/>
  <nd ref="4053224885"/>
  <tag k="highway" v="residential"/>
  <tag k="name" v="Rua Virgilio Antonio Teixeira"/>
 </way>
 <way id="402923532" visible="true" version="2" changeset="130609491" timestamp="2022-12-28T16:19:38Z" user="Raphaelkaart" uid="12468685">
  <nd ref="4053224886"/>
  <nd ref="4053224887"/>
  <nd ref="4053224888"/>
  <tag k="highway" v="residential"/>
  <tag k="name" v="Rua Doutor Norival Borges de Andrade"/>
 </way>
 <way id="402923533" visible="true" version="3" changeset="130609430" timestamp="2022-12-28T16:18:42Z" user="Raphaelkaart" uid="12468685">
  <nd ref="4053224889"/>
  <nd ref="7888940459"/>
  <nd ref="7888940458"/>
  <nd ref="7888940457"/>
  <nd ref="7888940456"/>
  <nd ref="4053224896"/>
  <nd ref="4053224879"/>
  <nd ref="4053224890"/>
  <tag k="highway" v="residential"/>
  <tag k="name" v="Rua Pereira Cardoso"/>
 </way>
 <way id="402923534" visible="true" version="4" changeset="130609782" timestamp="2022-12-28T16:28:10Z" user="Raphaelkaart" uid="12468685">
  <nd ref="4053224889"/>
  <nd ref="4053224882"/>
  <nd ref="4053250114"/>
  <nd ref="4053250104"/>
  <nd ref="4053224892"/>
  <nd ref="3621100162"/>
  <nd ref="4053224895"/>
  <nd ref="3621056761"/>
  <nd ref="3621056751"/>
  <nd ref="3621100066"/>
  <nd ref="3621100061"/>
  <nd ref="3621100004"/>
  <nd ref="3621100042"/>
  <nd ref="4053224893"/>
  <tag k="highway" v="residential"/>
  <tag k="name" v="Rua José Pacheco"/>
 </way>
 <way id="402923535" visible="true" version="1" changeset="37737374" timestamp="2016-03-10T15:42:43Z" user="patodiez" uid="1856060">
  <nd ref="4053224894"/>
  <nd ref="3621100040"/>
  <nd ref="3621100006"/>
  <nd ref="3621100059"/>
  <nd ref="3621100068"/>
  <nd ref="3621056753"/>
  <nd ref="3621056759"/>
  <nd ref="4053224802"/>
  <nd ref="3621100160"/>
  <tag k="highway" v="residential"/>
 </way>
 <way id="402923536" visible="true" version="4" changeset="130609530" timestamp="2022-12-28T16:20:50Z" user="Raphaelkaart" uid="12468685">
  <nd ref="4053224896"/>
  <nd ref="4053250111"/>
  <nd ref="4053250115"/>
  <nd ref="4053250105"/>
  <nd ref="4053250100"/>
  <nd ref="4053224897"/>
  <nd ref="3621100161"/>
  <nd ref="4053224898"/>
  <nd ref="3621056760"/>
  <nd ref="3621056752"/>
  <nd ref="3621100067"/>
  <nd ref="3621100060"/>
  <nd ref="4053224900"/>
  <nd ref="3621100005"/>
  <nd ref="3621100041"/>
  <nd ref="4053224901"/>
  <tag k="highway" v="residential"/>
  <tag k="name" v="Rua Miguel Abud"/>
 </way>
 <way id="402925949" visible="true" version="3" changeset="90618005" timestamp="2020-09-09T05:08:14Z" user="LaFloresta" uid="10529535">
  <nd ref="4053250096"/>
  <nd ref="3621100043"/>
  <nd ref="3621100003"/>
  <nd ref="3621100062"/>
  <nd ref="3621100065"/>
  <nd ref="3621056750"/>
  <nd ref="3621056762"/>
  <nd ref="4053250097"/>
  <nd ref="4053250098"/>
  <nd ref="4053224866"/>
  <nd ref="4053250099"/>
  <tag k="highway" v="residential"/>
  <tag k="name" v="Rua Oliveira"/>
 </way>
 <way id="402925950" visible="true" version="4" changeset="130612692" timestamp="2022-12-28T17:48:34Z" user="Raphaelkaart" uid="12468685">
  <nd ref="4053250100"/>
  <nd ref="10291770149"/>
  <nd ref="4053250101"/>
  <nd ref="7888940465"/>
  <nd ref="7888940464"/>
  <tag k="highway" v="residential"/>
  <tag k="name" v="Rua Nossa Senhora Aparecida"/>
 </way>
 <way id="402925951" visible="true" version="3" changeset="90618005" timestamp="2020-09-09T05:08:14Z" user="LaFloresta" uid="10529535">
  <nd ref="4053250099"/>
  <nd ref="7888940468"/>
  <nd ref="7888940471"/>
  <nd ref="7888940470"/>
  <nd ref="7888940469"/>
  <nd ref="4053250104"/>
  <nd ref="4053250105"/>
  <nd ref="4053250107"/>
  <nd ref="4053250106"/>
  <tag k="highway" v="residential"/>
  <tag k="name" v="Rua Helvecio de Padua Castro"/>
 </way>
 <way id="402925952" visible="true" version="3" changeset="130609761" timestamp="2022-12-28T16:27:14Z" user="Raphaelkaart" uid="12468685">
  <nd ref="4053250107"/>
  <nd ref="10291671788"/>
  <nd ref="4053250116"/>
  <nd ref="4053250125"/>
  <nd ref="4053250112"/>
  <nd ref="4053250108"/>
  <nd ref="4053250109"/>
  <tag k="highway" v="residential"/>
  <tag k="name" v="Rua José Vigilato Borges"/>
 </way>
 <way id="402925953" visible="true" version="3" changeset="130609692" timestamp="2022-12-28T16:25:10Z" user="Raphaelkaart" uid="12468685">
  <nd ref="4053224889"/>
  <nd ref="4053250111"/>
  <nd ref="4053250112"/>
  <nd ref="4053250113"/>
  <tag k="highway" v="residential"/>
  <tag k="name" v="Rua Anderson Sebastião de Oliveira"/>
 </way>
 <way id="402925954" visible="true" version="3" changeset="143673388" timestamp="2023-11-06T01:48:47Z" user="Marcos_Itba_Kaart" uid="12689837">
  <nd ref="4053250114"/>
  <nd ref="4053250115"/>
  <nd ref="4053250116"/>
  <nd ref="4053250117"/>
  <tag k="highway" v="residential"/>
  <tag k="name" v="Rua Elias José Martins"/>
 </way>
 <way id="402925955" visible="true" version="5" changeset="151112136" timestamp="2024-05-09T17:38:48Z" user="ProjetoMapeia" uid="11455881">
  <nd ref="4053250118"/>
  <nd ref="7888940460"/>
  <nd ref="4053250119"/>
  <nd ref="6778964286"/>
  <nd ref="6778964287"/>
  <nd ref="6778964289"/>
  <tag k="highway" v="residential"/>
  <tag k="name" v="Avenida Bartolomeu de Castro"/>
 </way>
 <way id="402925956" visible="true" version="3" changeset="74199793" timestamp="2019-09-07T07:56:08Z" user="patodiez" uid="1856060">
  <nd ref="6778964313"/>
  <nd ref="3621100064"/>
  <nd ref="3621056749"/>
  <nd ref="3621056763"/>
  <nd ref="4053250120"/>
  <nd ref="3621100164"/>
  <nd ref="4053250122"/>
  <nd ref="4053250121"/>
  <tag k="highway" v="residential"/>
  <tag k="name" v="Rua Gerson Boaventura"/>
 </way>
 <way id="402925957" visible="true" version="2" changeset="130601340" timestamp="2022-12-28T13:14:44Z" user="Raphaelkaart" uid="12468685">
  <nd ref="3621100044"/>
  <nd ref="3621100002"/>
  <tag k="highway" v="residential"/>
  <tag k="name" v="Rua Gerson Boaventura"/>
 </way>
 <way id="402925958" visible="true" version="3" changeset="173672006" timestamp="2025-10-23T12:31:48Z" user="DressyPear4" uid="3984659">
  <nd ref="10291620683"/>
  <nd ref="6778964334"/>
  <tag k="highway" v="residential"/>
  <tag k="name" v="Rua Mozart Portela de Oliveira"/>
 </way>
 <way id="402925959" visible="true" version="2" changeset="130609761" timestamp="2022-12-28T16:27:14Z" user="Raphaelkaart" uid="12468685">
  <nd ref="4053250124"/>
  <nd ref="4053250125"/>
  <tag k="highway" v="residential"/>
  <tag k="name" v="Rua Santa Terezinha"/>
 </way>
 <way id="402925960" visible="true" version="3" changeset="145850950" timestamp="2024-01-03T18:40:05Z" user="Marcos_Itba_Kaart" uid="12689837">
  <nd ref="4053250126"/>
  <nd ref="3621056920"/>
  <tag k="highway" v="residential"/>
  <tag k="name" v="Rua José Machado de Assis"/>
 </way>
 <way id="402925961" visible="true" version="3" changeset="130609303" timestamp="2022-12-28T16:15:48Z" user="Raphaelkaart" uid="12468685">
  <nd ref="4053250126"/>
  <nd ref="7888903876"/>
  <nd ref="7888903877"/>
  <nd ref="7888903878"/>
  <nd ref="4053250127"/>
  <nd ref="4053250128"/>
  <nd ref="4053250142"/>
  <nd ref="4053250141"/>
  <nd ref="4053250140"/>
  <nd ref="4053250135"/>
  <nd ref="4053250133"/>
  <nd ref="4053250131"/>
  <nd ref="4053250132"/>
  <nd ref="4053250129"/>
  <tag k="highway" v="residential"/>
  <tag k="name" v="Rua Cinco"/>
 </way>
 <way id="402925962" visible="true" version="3" changeset="130609228" timestamp="2022-12-28T16:13:48Z" user="Raphaelkaart" uid="12468685">
  <nd ref="4053250130"/>
  <nd ref="3621056928"/>
  <nd ref="7888903881"/>
  <nd ref="7888903882"/>
  <nd ref="7888903883"/>
  <nd ref="4053250129"/>
  <tag k="highway" v="residential"/>
  <tag k="name" v="Rua Vereador Geraldo Espindula"/>
 </way>
 <way id="402925963" visible="true" version="2" changeset="130609239" timestamp="2022-12-28T16:14:07Z" user="Raphaelkaart" uid="12468685">
  <nd ref="3621056926"/>
  <nd ref="4053250131"/>
  <tag k="highway" v="residential"/>
  <tag k="name" v="Rua Tia Nana"/>
 </way>
 <way id="402925964" visible="true" version="2" changeset="130609228" timestamp="2022-12-28T16:13:48Z" user="Raphaelkaart" uid="12468685">
  <nd ref="3621056927"/>
  <nd ref="4053250132"/>
  <tag k="highway" v="residential"/>
  <tag k="name" v="Rua Edson Viera da Rocha"/>
 </way>
 <way id="402925965" visible="true" version="2" changeset="130609262" timestamp="2022-12-28T16:14:42Z" user="Raphaelkaart" uid="12468685">
  <nd ref="4053250133"/>
  <nd ref="3621056925"/>
  <tag k="highway" v="residential"/>
  <tag k="name" v="Rua Waldemar José Carneiro"/>
 </way>
 <way id="402925966" visible="true" version="2" changeset="130609290" timestamp="2022-12-28T16:15:29Z" user="Raphaelkaart" uid="12468685">
  <nd ref="3621056900"/>
  <nd ref="3621056924"/>
  <nd ref="4053250134"/>
  <tag k="highway" v="residential"/>
  <tag k="name" v="Rua José Teodoro Filho"/>
 </way>
 <way id="402925967" visible="true" version="4" changeset="140516279" timestamp="2023-08-28T23:49:02Z" user="Marcos_Itba_Kaart" uid="12689837">
  <nd ref="4053250135"/>
  <nd ref="4053250136"/>
  <nd ref="4053250137"/>
  <nd ref="7888903880"/>
  <nd ref="4053250134"/>
  <tag k="highway" v="residential"/>
  <tag k="name" v="Rua José Teodoro Filho"/>
 </way>
 <way id="402925968" visible="true" version="2" changeset="130609341" timestamp="2022-12-28T16:16:59Z" user="Raphaelkaart" uid="12468685">
  <nd ref="4053250141"/>
  <nd ref="3621056923"/>
  <tag k="highway" v="residential"/>
  <tag k="name" v="Rua Decio Carlos da Silva"/>
 </way>
 <way id="402925969" visible="true" version="2" changeset="130609341" timestamp="2022-12-28T16:16:59Z" user="Raphaelkaart" uid="12468685">
  <nd ref="4053250142"/>
  <nd ref="3621056922"/>
  <nd ref="3621056901"/>
  <tag k="highway" v="residential"/>
  <tag k="name" v="Rua Jovelino Gonçalves da Costa"/>
 </way>
 <way id="402925970" visible="true" version="2" changeset="130609341" timestamp="2022-12-28T16:16:59Z" user="Raphaelkaart" uid="12468685">
  <nd ref="4053250128"/>
  <nd ref="3621056921"/>
  <tag k="highway" v="residential"/>
  <tag k="name" v="Rua Maria Teresa de Jesus"/>
 </way>
 <way id="402925971" visible="true" version="4" changeset="90619507" timestamp="2020-09-09T05:35:33Z" user="LaFloresta" uid="10529535">
  <nd ref="7692668464"/>
  <nd ref="4053250143"/>
  <nd ref="4053250144"/>
  <nd ref="6778964300"/>
  <nd ref="6778964297"/>
  <nd ref="6778964298"/>
  <tag k="highway" v="residential"/>
 </way>
 <way id="402925972" visible="true" version="3" changeset="87669471" timestamp="2020-07-07T18:26:59Z" user="DressyPear4" uid="3984659">
  <nd ref="4053250145"/>
  <nd ref="4053250146"/>
  <nd ref="6778964296"/>
  <nd ref="4053250144"/>
  <nd ref="6778964305"/>
  <tag k="highway" v="residential"/>
 </way>
 <way id="402925973" visible="true" version="3" changeset="130602937" timestamp="2022-12-28T13:47:17Z" user="Raphaelkaart" uid="12468685">
  <nd ref="3621099999"/>
  <nd ref="7796559456"/>
  <nd ref="7796559457"/>
  <nd ref="7796559458"/>
  <nd ref="7796596186"/>
  <nd ref="4053250147"/>
  <nd ref="10291415782"/>
  <nd ref="7796596187"/>
  <nd ref="4053250148"/>
  <tag k="highway" v="residential"/>
  <tag k="surface" v="unpaved"/>
 </way>
 <way id="402925974" visible="true" version="5" changeset="130602779" timestamp="2022-12-28T13:43:56Z" user="Raphaelkaart" uid="12468685">
  <nd ref="4053250153"/>
  <nd ref="7796559461"/>
  <nd ref="7796559462"/>
  <nd ref="4053250154"/>
  <nd ref="3621100047"/>
  <nd ref="4053250155"/>
  <nd ref="4053250156"/>
  <nd ref="4053250157"/>
  <nd ref="4053250158"/>
  <nd ref="6778964351"/>
  <nd ref="4053250159"/>
  <nd ref="4053250160"/>
  <nd ref="4053250170"/>
  <nd ref="4053250161"/>
  <tag k="highway" v="residential"/>
  <tag k="name" v="Rua Olimpio Pedro Borges"/>
  <tag k="surface" v="unpaved"/>
 </way>
 <way id="402925975" visible="true" version="4" changeset="130601497" timestamp="2022-12-28T13:17:48Z" user="Raphaelkaart" uid="12468685">
  <nd ref="4053250149"/>
  <nd ref="3621100046"/>
  <nd ref="4053250162"/>
  <nd ref="7692623265"/>
  <tag k="highway" v="residential"/>
  <tag k="name" v="Rua João Evengelista de Castro"/>
  <tag k="surface" v="unpaved"/>
 </way>
 <way id="402925976" visible="true" version="6" changeset="162144051" timestamp="2025-02-04T21:59:49Z" user="kaartense" uid="10292935">
  <nd ref="7796608166"/>
  <nd ref="6778964341"/>
  <nd ref="7796608165"/>
  <nd ref="7796608163"/>
  <nd ref="7796608164"/>
  <nd ref="4423880236"/>
  <nd ref="7692668393"/>
  <tag k="highway" v="residential"/>
  <tag k="name" v="Rua Antônio Horácio Ferreira"/>
  <tag k="surface" v="paved"/>
 </way>
 <way id="402925977" visible="true" version="8" changeset="178084739" timestamp="2026-02-04T09:01:39Z" user="MonteTitano" uid="23310648">
  <nd ref="4053250170"/>
  <nd ref="4053250165"/>
  <nd ref="6778964346"/>
  <nd ref="11891861559"/>
  <nd ref="4053250168"/>
  <nd ref="6778964342"/>
  <nd ref="6778964344"/>
  <nd ref="7692668456"/>
  <nd ref="4053250172"/>
  <nd ref="4053250173"/>
  <nd ref="4053250180"/>
  <nd ref="7517476296"/>
  <tag k="highway" v="residential"/>
  <tag k="name" v="Rua José Totofo"/>
  <tag k="surface" v="unpaved"/>
 </way>
 <way id="402925979" visible="true" version="3" changeset="151111086" timestamp="2024-05-09T17:15:57Z" user="ProjetoMapeia" uid="11455881">
  <nd ref="3621099985"/>
  <nd ref="4053250178"/>
  <nd ref="4053250179"/>
  <nd ref="10291644816"/>
  <nd ref="4053250181"/>
  <nd ref="4053250177"/>
  <tag k="highway" v="residential"/>
  <tag k="name" v="Rua dos Jacarandás"/>
  <tag k="surface" v="asphalt"/>
 </way>
 <way id="402925980" visible="true" version="4" changeset="151111086" timestamp="2024-05-09T17:15:57Z" user="ProjetoMapeia" uid="11455881">
  <nd ref="4053250178"/>
  <nd ref="3621099974"/>
  <nd ref="4053250172"/>
  <tag k="highway" v="residential"/>
  <tag k="name" v="Rua Jovelino Cândido da Mota"/>
  <tag k="surface" v="unpaved"/>
 </way>
 <way id="402925981" visible="true" version="2" changeset="151111086" timestamp="2024-05-09T17:15:57Z" user="ProjetoMapeia" uid="11455881">
  <nd ref="4053250179"/>
  <nd ref="3621099975"/>
  <nd ref="4053250180"/>
  <tag k="highway" v="residential"/>
  <tag k="name" v="Rua José Vieira da Mota"/>
  <tag k="surface" v="unpaved"/>
 </way>
 <way id="402925982" visible="true" version="2" changeset="151111086" timestamp="2024-05-09T17:15:57Z" user="ProjetoMapeia" uid="11455881">
  <nd ref="4053250181"/>
  <nd ref="3621099976"/>
  <nd ref="4053250182"/>
  <tag k="highway" v="residential"/>
  <tag k="name" v="Rua Geraldo Inácio da Silva"/>
  <tag k="surface" v="unpaved"/>
 </way>
 <way id="402925985" visible="true" version="5" changeset="178084739" timestamp="2026-02-04T09:01:39Z" user="MonteTitano" uid="23310648">
  <nd ref="7517476296"/>
  <nd ref="13523672564"/>
  <nd ref="10291415795"/>
  <nd ref="13523672565"/>
  <nd ref="4053250182"/>
  <nd ref="4053250174"/>
  <nd ref="4053251189"/>
  <nd ref="4053251191"/>
  <nd ref="4053251193"/>
  <nd ref="4053251195"/>
  <nd ref="4053250186"/>
  <tag k="highway" v="residential"/>
  <tag k="oneway" v="yes"/>
  <tag k="surface" v="unpaved"/>
 </way>
 <way id="402925986" visible="true" version="4" changeset="178084739" timestamp="2026-02-04T09:01:39Z" user="MonteTitano" uid="23310648">
  <nd ref="4053250177"/>
  <nd ref="7800047278"/>
  <nd ref="4053250187"/>
  <nd ref="4053250174"/>
  <nd ref="13523672570"/>
  <tag k="highway" v="residential"/>
  <tag k="name" v="Rua dos Jasmins"/>
 </way>
 <way id="402925987" visible="true" version="4" changeset="178084739" timestamp="2026-02-04T09:01:39Z" user="MonteTitano" uid="23310648">
  <nd ref="4053250188"/>
  <nd ref="7800047279"/>
  <nd ref="4053251189"/>
  <nd ref="13523672569"/>
  <tag k="highway" v="residential"/>
  <tag k="name" v="Rua das Hortências"/>
 </way>
 <way id="434390566" visible="true" version="5" changeset="160917803" timestamp="2025-01-02T17:16:12Z" user="kaartense" uid="10292935">
  <nd ref="3621056768"/>
  <nd ref="3621056769"/>
  <nd ref="7888839524"/>
  <nd ref="3621056770"/>
  <tag k="highway" v="trunk_link"/>
  <tag k="maxspeed" v="40"/>
  <tag k="name" v="Avenida Enio Gonçalves"/>
  <tag k="oneway" v="yes"/>
  <tag k="surface" v="asphalt"/>
 </way>
 <way id="434390568" visible="true" version="5" changeset="160917803" timestamp="2025-01-02T17:16:12Z" user="kaartense" uid="10292935">
  <nd ref="3621056787"/>
  <nd ref="3878972882"/>
  <nd ref="7888839537"/>
  <tag k="highway" v="trunk_link"/>
  <tag k="maxspeed" v="40"/>
  <tag k="name" v="Avenida Enio Gonçalves"/>
  <tag k="oneway" v="yes"/>
  <tag k="surface" v="asphalt"/>
 </way>
 <way id="444928023" visible="true" version="5" changeset="130600774" timestamp="2022-12-28T13:01:36Z" user="Raphaelkaart" uid="12468685">
  <nd ref="4053250167"/>
  <nd ref="6778964340"/>
  <nd ref="7796608161"/>
  <nd ref="7796608162"/>
  <nd ref="7796608160"/>
  <nd ref="4423880222"/>
  <nd ref="7692668394"/>
  <tag k="highway" v="residential"/>
  <tag k="name" v="Rua Alamanha"/>
  <tag k="surface" v="paved"/>
 </way>
 <way id="444928024" visible="true" version="6" changeset="130602937" timestamp="2022-12-28T13:47:17Z" user="Raphaelkaart" uid="12468685">
  <nd ref="7692668400"/>
  <nd ref="10291415799"/>
  <nd ref="6778964338"/>
  <nd ref="6778964336"/>
  <nd ref="7692668455"/>
  <nd ref="6778964348"/>
  <nd ref="6778964350"/>
  <nd ref="6778964349"/>
  <nd ref="6778964337"/>
  <nd ref="4053250167"/>
  <nd ref="4053250164"/>
  <nd ref="7796608166"/>
  <nd ref="6778964352"/>
  <nd ref="4423880223"/>
  <nd ref="4423880224"/>
  <tag k="highway" v="residential"/>
  <tag k="name" v="Rua Estados Unidos"/>
  <tag k="surface" v="paved"/>
 </way>
 <way id="444928025" visible="true" version="7" changeset="178163512" timestamp="2026-02-06T01:48:28Z" user="MonteTitano" uid="23310648">
  <nd ref="7692668418"/>
  <nd ref="7692668393"/>
  <nd ref="7692668394"/>
  <nd ref="7692668395"/>
  <nd ref="7692668396"/>
  <nd ref="7692668398"/>
  <nd ref="7692668400"/>
  <nd ref="13527637830"/>
  <nd ref="10291415795"/>
  <tag k="highway" v="residential"/>
  <tag k="maxspeed" v="30"/>
  <tag k="name" v="Rua Agostinho Ferreira da Cunha"/>
  <tag k="oneway" v="yes"/>
  <tag k="surface" v="asphalt"/>
 </way>
 <way id="444928026" visible="true" version="3" changeset="130600885" timestamp="2022-12-28T13:04:17Z" user="Raphaelkaart" uid="12468685">
  <nd ref="7692623276"/>
  <nd ref="7692668445"/>
  <nd ref="7692623275"/>
  <nd ref="7692668444"/>
  <nd ref="7692623274"/>
  <nd ref="7692623273"/>
  <nd ref="7692623272"/>
  <nd ref="7692623271"/>
  <tag k="highway" v="residential"/>
  <tag k="name" v="Rua Egito"/>
  <tag k="surface" v="paved"/>
 </way>
 <way id="444928027" visible="true" version="6" changeset="178120631" timestamp="2026-02-05T04:50:52Z" user="MonteTitano" uid="23310648">
  <nd ref="13523672565"/>
  <nd ref="13525450953"/>
  <nd ref="7692668402"/>
  <nd ref="7692668399"/>
  <nd ref="7692668404"/>
  <nd ref="7692668406"/>
  <nd ref="7692668397"/>
  <nd ref="7692668408"/>
  <nd ref="7692668410"/>
  <nd ref="7692668412"/>
  <nd ref="7692668414"/>
  <nd ref="7692668415"/>
  <tag k="highway" v="residential"/>
  <tag k="maxspeed" v="30"/>
  <tag k="name" v="Rua Agostinho Ferreira da Cunha"/>
  <tag k="oneway" v="yes"/>
  <tag k="surface" v="asphalt"/>
 </way>
 <way id="444928028" visible="true" version="4" changeset="130608783" timestamp="2022-12-28T16:01:31Z" user="Raphaelkaart" uid="12468685">
  <nd ref="4423880264"/>
  <nd ref="7692668440"/>
  <nd ref="4533941594"/>
  <nd ref="4533941596"/>
  <nd ref="4533941605"/>
  <nd ref="4533941600"/>
  <nd ref="4423880265"/>
  <tag k="highway" v="residential"/>
  <tag k="name" v="Rua Helio Antonio da Cunha"/>
 </way>
 <way id="444928029" visible="true" version="3" changeset="130608799" timestamp="2022-12-28T16:01:59Z" user="Raphaelkaart" uid="12468685">
  <nd ref="4423880266"/>
  <nd ref="4533941610"/>
  <nd ref="4533941613"/>
  <nd ref="10291625498"/>
  <nd ref="4533941612"/>
  <nd ref="4533941611"/>
  <nd ref="4423880251"/>
  <tag k="highway" v="residential"/>
  <tag k="name" v="Rua José Bernardes de Castro"/>
 </way>
 <way id="444928030" visible="true" version="3" changeset="130605789" timestamp="2022-12-28T14:49:57Z" user="Raphaelkaart" uid="12468685">
  <nd ref="4423880267"/>
  <nd ref="4533941614"/>
  <nd ref="4533941617"/>
  <nd ref="4533941616"/>
  <nd ref="4533941615"/>
  <nd ref="4423880268"/>
  <tag k="highway" v="residential"/>
  <tag k="name" v="Rua Virmondes Teofilo Carneiro"/>
 </way>
 <way id="444928031" visible="true" version="3" changeset="130605695" timestamp="2022-12-28T14:47:52Z" user="Raphaelkaart" uid="12468685">
  <nd ref="4423880269"/>
  <nd ref="4533941618"/>
  <nd ref="4533941621"/>
  <nd ref="4533941620"/>
  <nd ref="4533941619"/>
  <nd ref="4423880270"/>
  <tag k="highway" v="residential"/>
  <tag k="name" v="Rua Odilia Candida de Oliveira"/>
 </way>
 <way id="444928032" visible="true" version="3" changeset="130603004" timestamp="2022-12-28T13:48:54Z" user="Raphaelkaart" uid="12468685">
  <nd ref="4423880271"/>
  <nd ref="4533941597"/>
  <nd ref="4533941606"/>
  <nd ref="4533941601"/>
  <nd ref="4423880272"/>
  <tag k="highway" v="residential"/>
  <tag k="name" v="Rua Veronica Rosa de Oliveira"/>
 </way>
 <way id="444928033" visible="true" version="4" changeset="130603004" timestamp="2022-12-28T13:48:54Z" user="Raphaelkaart" uid="12468685">
  <nd ref="4423880273"/>
  <nd ref="4533941598"/>
  <nd ref="4533941607"/>
  <nd ref="4533941602"/>
  <nd ref="4423880274"/>
  <nd ref="6778964377"/>
  <tag k="highway" v="residential"/>
  <tag k="name" v="Rua José Americo Ze Mexica"/>
 </way>
 <way id="444928034" visible="true" version="3" changeset="130602975" timestamp="2022-12-28T13:48:05Z" user="Raphaelkaart" uid="12468685">
  <nd ref="4423880275"/>
  <nd ref="4533941599"/>
  <nd ref="4533941609"/>
  <nd ref="4533941604"/>
  <nd ref="4423881593"/>
  <nd ref="4423880276"/>
  <tag k="highway" v="residential"/>
  <tag k="name" v="Rua Erasmo Ferreira Rodrigues"/>
 </way>
 <way id="444928035" visible="true" version="4" changeset="130602975" timestamp="2022-12-28T13:48:05Z" user="Raphaelkaart" uid="12468685">
  <nd ref="4423880277"/>
  <nd ref="4533941608"/>
  <nd ref="4533941603"/>
  <nd ref="4423881594"/>
  <nd ref="6778964378"/>
  <tag k="highway" v="residential"/>
  <tag k="name" v="Rua Alvaro José da Silva"/>
 </way>
 <way id="444928036" visible="true" version="7" changeset="169026906" timestamp="2025-07-16T18:05:40Z" user="MonteRosa1" uid="22220364">
  <nd ref="7796591398"/>
  <nd ref="4423880281"/>
  <nd ref="13004843917"/>
  <tag k="highway" v="tertiary_link"/>
  <tag k="oneway" v="yes"/>
  <tag k="surface" v="paved"/>
 </way>
 <way id="444928037" visible="true" version="3" changeset="173672006" timestamp="2025-10-23T12:31:48Z" user="DressyPear4" uid="3984659">
  <nd ref="7800027776"/>
  <nd ref="13252015520"/>
  <nd ref="4423880285"/>
  <nd ref="4533941594"/>
  <nd ref="4533941610"/>
  <nd ref="4533941614"/>
  <nd ref="4533941618"/>
  <nd ref="4423880286"/>
  <tag k="highway" v="residential"/>
 </way>
 <way id="444928038" visible="true" version="4" changeset="173672006" timestamp="2025-10-23T12:31:48Z" user="DressyPear4" uid="3984659">
  <nd ref="4423880287"/>
  <nd ref="7796605139"/>
  <nd ref="7800027777"/>
  <nd ref="13252015519"/>
  <nd ref="13252015532"/>
  <nd ref="4533941596"/>
  <nd ref="4533941613"/>
  <nd ref="4533941617"/>
  <nd ref="4533941621"/>
  <nd ref="4533941597"/>
  <nd ref="4533941598"/>
  <nd ref="4533941599"/>
  <nd ref="4053224858"/>
  <tag k="highway" v="residential"/>
 </way>
 <way id="444928039" visible="true" version="4" changeset="173672006" timestamp="2025-10-23T12:31:48Z" user="DressyPear4" uid="3984659">
  <nd ref="13252015535"/>
  <nd ref="13252015518"/>
  <nd ref="4423881589"/>
  <nd ref="4533941605"/>
  <nd ref="4533941612"/>
  <nd ref="4533941616"/>
  <nd ref="4533941620"/>
  <nd ref="4533941606"/>
  <nd ref="4533941607"/>
  <nd ref="4533941609"/>
  <nd ref="4533941608"/>
  <nd ref="3621129490"/>
  <tag k="highway" v="residential"/>
 </way>
 <way id="444928040" visible="true" version="2" changeset="44114391" timestamp="2016-12-02T13:36:14Z" user="erickdeoliveiraleal" uid="463504">
  <nd ref="4423881591"/>
  <nd ref="4533941600"/>
  <nd ref="4533941611"/>
  <nd ref="4533941615"/>
  <nd ref="4533941619"/>
  <nd ref="4533941601"/>
  <nd ref="4533941602"/>
  <nd ref="4533941604"/>
  <nd ref="4533941603"/>
  <nd ref="4423881592"/>
  <tag k="highway" v="residential"/>
 </way>
 <way id="444928041" visible="true" version="4" changeset="173672006" timestamp="2025-10-23T12:31:48Z" user="DressyPear4" uid="3984659">
  <nd ref="4423880272"/>
  <nd ref="7796591396"/>
  <nd ref="4423880274"/>
  <nd ref="4423881593"/>
  <nd ref="4423881594"/>
  <nd ref="4423881595"/>
  <tag k="highway" v="residential"/>
  <tag k="name" v="Rua Eliana Torres"/>
 </way>
 <way id="690471550" visible="true" version="23" changeset="130606473" timestamp="2022-12-28T15:03:13Z" user="Raphaelkaart" uid="12468685">
  <nd ref="6477908937"/>
  <nd ref="3621165625"/>
  <nd ref="7516548640"/>
  <nd ref="3621165626"/>
  <nd ref="7516548641"/>
  <nd ref="6778964295"/>
  <nd ref="7516548642"/>
  <nd ref="3621165627"/>
  <nd ref="7516548643"/>
  <nd ref="7516548644"/>
  <nd ref="3621165628"/>
  <nd ref="7516548645"/>
  <nd ref="7516548646"/>
  <nd ref="3621165629"/>
  <nd ref="3621165630"/>
  <nd ref="3621165631"/>
  <nd ref="7516548647"/>
  <nd ref="7516548648"/>
  <nd ref="3621165632"/>
  <nd ref="3621165633"/>
  <nd ref="3621165634"/>
  <nd ref="7516548649"/>
  <nd ref="3621165635"/>
  <nd ref="3621165636"/>
  <nd ref="3621165637"/>
  <nd ref="7516548650"/>
  <nd ref="7517210423"/>
  <nd ref="3621165638"/>
  <nd ref="7516548651"/>
  <nd ref="7517026934"/>
  <nd ref="7517075850"/>
  <nd ref="3621165639"/>
  <nd ref="3621165640"/>
  <nd ref="10291516931"/>
  <nd ref="3621165641"/>
  <nd ref="10291519683"/>
  <nd ref="3621165642"/>
  <nd ref="7451308360"/>
  <nd ref="7516548652"/>
  <nd ref="7516548653"/>
  <nd ref="7516548654"/>
  <nd ref="3621165643"/>
  <nd ref="7516548655"/>
  <nd ref="7517075842"/>
  <nd ref="3621165644"/>
  <nd ref="7451015128"/>
  <nd ref="3621165645"/>
  <nd ref="6477908812"/>
  <nd ref="3621165646"/>
  <nd ref="7451061053"/>
  <nd ref="7451015127"/>
  <nd ref="7451015126"/>
  <nd ref="7451015125"/>
  <nd ref="3621165647"/>
  <nd ref="7451015124"/>
  <nd ref="7451015123"/>
  <nd ref="7451054527"/>
  <nd ref="3621165648"/>
  <nd ref="7451015122"/>
  <nd ref="7451268324"/>
  <nd ref="3621165649"/>
  <nd ref="7451015121"/>
  <nd ref="7451015120"/>
  <nd ref="3621165650"/>
  <nd ref="3621165651"/>
  <nd ref="7451015119"/>
  <nd ref="3621165652"/>
  <nd ref="3621165653"/>
  <nd ref="7451015118"/>
  <nd ref="3621165654"/>
  <nd ref="7451015117"/>
  <nd ref="3621165655"/>
  <nd ref="3621165656"/>
  <nd ref="3621165657"/>
  <nd ref="3621165658"/>
  <nd ref="7451268282"/>
  <nd ref="3621165659"/>
  <nd ref="7451015116"/>
  <nd ref="7451015115"/>
  <nd ref="3621165660"/>
  <nd ref="7451015114"/>
  <nd ref="7451015113"/>
  <nd ref="7451052582"/>
  <nd ref="3621165661"/>
  <nd ref="7451015112"/>
  <nd ref="7451015111"/>
  <nd ref="3621165662"/>
  <nd ref="7451268103"/>
  <nd ref="7451015110"/>
  <nd ref="3621165663"/>
  <nd ref="7451268166"/>
  <nd ref="3621165664"/>
  <nd ref="7451015107"/>
  <nd ref="3621165665"/>
  <nd ref="7451015108"/>
  <nd ref="7451015109"/>
  <nd ref="3621165666"/>
  <nd ref="3621165667"/>
  <nd ref="7451015106"/>
  <nd ref="7451015105"/>
  <nd ref="3621165668"/>
  <nd ref="7451015104"/>
  <nd ref="7451015103"/>
  <nd ref="3621165669"/>
  <nd ref="3621165670"/>
  <nd ref="3621165671"/>
  <nd ref="7709757507"/>
  <nd ref="7709757508"/>
  <nd ref="3621165672"/>
  <nd ref="7709972429"/>
  <nd ref="3621165673"/>
  <nd ref="7709757506"/>
  <nd ref="7709757505"/>
  <nd ref="3621165674"/>
  <nd ref="7709757504"/>
  <nd ref="3621165675"/>
  <nd ref="3621165676"/>
  <nd ref="7710006018"/>
  <nd ref="7709757503"/>
  <nd ref="3621165677"/>
  <nd ref="3621165678"/>
  <nd ref="7709757502"/>
  <nd ref="7709757501"/>
  <nd ref="3621165679"/>
  <nd ref="7709757500"/>
  <nd ref="3621165680"/>
  <nd ref="3621165681"/>
  <nd ref="3621165682"/>
  <nd ref="7709757499"/>
  <nd ref="6477950151"/>
  <nd ref="7709923967"/>
  <nd ref="3621165683"/>
  <nd ref="7710147465"/>
  <nd ref="3621165684"/>
  <nd ref="3621165685"/>
  <nd ref="7709757498"/>
  <nd ref="3621165686"/>
  <nd ref="7709757497"/>
  <nd ref="3621165687"/>
  <nd ref="3621165688"/>
  <nd ref="7709757496"/>
  <nd ref="3621165689"/>
  <nd ref="7709757495"/>
  <nd ref="7709757494"/>
  <nd ref="3621165690"/>
  <nd ref="3621165691"/>
  <nd ref="3621165692"/>
  <nd ref="7709923933"/>
  <nd ref="3621168693"/>
  <nd ref="7709757493"/>
  <nd ref="3621168694"/>
  <nd ref="7709757492"/>
  <nd ref="7709757491"/>
  <nd ref="3621168695"/>
  <nd ref="7709844504"/>
  <nd ref="3621168696"/>
  <nd ref="7709757490"/>
  <nd ref="3621168697"/>
  <nd ref="7709757489"/>
  <nd ref="7709757488"/>
  <nd ref="3621168698"/>
  <nd ref="7709757487"/>
  <nd ref="3621168699"/>
  <nd ref="7709757486"/>
  <nd ref="7709757485"/>
  <nd ref="3621168700"/>
  <nd ref="7709741484"/>
  <nd ref="7709741483"/>
  <nd ref="3621168701"/>
  <nd ref="3621168702"/>
  <nd ref="7709741482"/>
  <nd ref="7709741481"/>
  <nd ref="3621168703"/>
  <nd ref="7709741480"/>
  <nd ref="7709741479"/>
  <nd ref="3621168704"/>
  <nd ref="3621168705"/>
  <nd ref="7709784891"/>
  <nd ref="3621168706"/>
  <nd ref="7709741478"/>
  <nd ref="7709741477"/>
  <nd ref="7709741476"/>
  <nd ref="3621168707"/>
  <nd ref="7709741475"/>
  <nd ref="7709741474"/>
  <nd ref="7709741473"/>
  <nd ref="3621168708"/>
  <nd ref="7709784892"/>
  <nd ref="3621168709"/>
  <nd ref="7709741468"/>
  <nd ref="7709741472"/>
  <nd ref="7709741469"/>
  <nd ref="7709741471"/>
  <nd ref="3621168710"/>
  <nd ref="7709741470"/>
  <nd ref="3621168711"/>
  <tag k="highway" v="tertiary"/>
  <tag k="maxspeed" v="60"/>
  <tag k="mtb:scale" v="1"/>
  <tag k="name" v="Estrada para Santa Juliana"/>
  <tag k="source:highway" v="schema_br2013"/>
  <tag k="source:highway_classification" v="IBGE"/>
  <tag k="surface" v="unpaved"/>
  <tag k="tracktype" v="grade3"/>
  <tag k="width" v="3"/>
 </way>
 <way id="690471551" visible="true" version="1" changeset="70316208" timestamp="2019-05-16T12:17:39Z" user="user_9544873" uid="9544873">
  <nd ref="6477908938"/>
  <nd ref="6477908937"/>
  <tag k="bridge" v="yes"/>
  <tag k="highway" v="tertiary"/>
  <tag k="layer" v="1"/>
  <tag k="mtb:scale" v="1"/>
  <tag k="name" v="Estrada para Usina Pai Joaquim"/>
  <tag k="source:highway" v="schema_br2013"/>
  <tag k="source:highway_classification" v="IBGE"/>
  <tag k="surface" v="paved"/>
  <tag k="tracktype" v="grade3"/>
  <tag k="width" v="3"/>
 </way>
 <way id="722671842" visible="true" version="2" changeset="90617573" timestamp="2020-09-09T05:00:03Z" user="LaFloresta" uid="10529535">
  <nd ref="4053250126"/>
  <nd ref="7888903874"/>
  <nd ref="7888903875"/>
  <nd ref="6778964281"/>
  <nd ref="7888903873"/>
  <nd ref="7888903872"/>
  <nd ref="7888903871"/>
  <nd ref="6778964282"/>
  <nd ref="7888903866"/>
  <nd ref="7888903867"/>
  <nd ref="7888903868"/>
  <nd ref="7888903869"/>
  <nd ref="7888903870"/>
  <nd ref="3621056946"/>
  <tag k="highway" v="residential"/>
 </way>
 <way id="722671843" visible="true" version="1" changeset="74199793" timestamp="2019-09-07T07:56:08Z" user="patodiez" uid="1856060">
  <nd ref="6778964290"/>
  <nd ref="6778964291"/>
  <nd ref="6778964292"/>
  <nd ref="6778964293"/>
  <nd ref="6778964290"/>
  <tag k="leisure" v="park"/>
 </way>
 <way id="722671844" visible="true" version="2" changeset="87669471" timestamp="2020-07-07T18:26:59Z" user="DressyPear4" uid="3984659">
  <nd ref="7692668465"/>
  <nd ref="3621099937"/>
  <nd ref="6778964302"/>
  <nd ref="6778964296"/>
  <tag k="highway" v="residential"/>
 </way>
 <way id="722671845" visible="true" version="4" changeset="90619507" timestamp="2020-09-09T05:35:33Z" user="LaFloresta" uid="10529535">
  <nd ref="6778964301"/>
  <nd ref="7889007196"/>
  <nd ref="6778964300"/>
  <nd ref="6778964306"/>
  <nd ref="6778964308"/>
  <nd ref="7692668448"/>
  <tag k="highway" v="residential"/>
 </way>
 <way id="722671846" visible="true" version="2" changeset="87669471" timestamp="2020-07-07T18:26:59Z" user="DressyPear4" uid="3984659">
  <nd ref="4053250143"/>
  <nd ref="6778964302"/>
  <nd ref="6778964303"/>
  <tag k="highway" v="residential"/>
 </way>
 <way id="722671847" visible="true" version="5" changeset="174318723" timestamp="2025-11-07T06:47:20Z" user="ShashiRiver" uid="22557307">
  <nd ref="7692668463"/>
  <nd ref="3621099939"/>
  <nd ref="7796608173"/>
  <nd ref="6778964305"/>
  <nd ref="6778964306"/>
  <nd ref="6778964310"/>
  <nd ref="13286700310"/>
  <tag k="highway" v="residential"/>
 </way>
 <way id="722671848" visible="true" version="2" changeset="87669471" timestamp="2020-07-07T18:26:59Z" user="DressyPear4" uid="3984659">
  <nd ref="3621099943"/>
  <nd ref="6778964307"/>
  <nd ref="3621099946"/>
  <tag k="highway" v="residential"/>
  <tag k="oneway" v="yes"/>
 </way>
 <way id="722671849" visible="true" version="6" changeset="174318723" timestamp="2025-11-07T06:47:20Z" user="ShashiRiver" uid="22557307">
  <nd ref="6778964309"/>
  <nd ref="7889007201"/>
  <nd ref="7889007202"/>
  <nd ref="7889007203"/>
  <nd ref="7796608174"/>
  <nd ref="6778964310"/>
  <nd ref="6778964311"/>
  <nd ref="6778964297"/>
  <tag k="highway" v="residential"/>
 </way>
 <way id="722671850" visible="true" version="1" changeset="74199793" timestamp="2019-09-07T07:56:08Z" user="patodiez" uid="1856060">
  <nd ref="3621100072"/>
  <nd ref="3621100055"/>
  <tag k="highway" v="residential"/>
 </way>
 <way id="722671851" visible="true" version="1" changeset="74199793" timestamp="2019-09-07T07:56:08Z" user="patodiez" uid="1856060">
  <nd ref="6778964324"/>
  <nd ref="6778964325"/>
  <nd ref="6778964326"/>
  <nd ref="6778964327"/>
  <nd ref="6778964324"/>
  <tag k="leisure" v="park"/>
 </way>
 <way id="722671852" visible="true" version="2" changeset="85199910" timestamp="2020-05-14T11:48:38Z" user="Tyrifjorden" uid="9625508">
  <nd ref="6778964329"/>
  <nd ref="7517947419"/>
  <nd ref="6778964331"/>
  <nd ref="6778964330"/>
  <tag k="highway" v="service"/>
  <tag k="service" v="alley"/>
 </way>
 <way id="722671853" visible="true" version="1" changeset="74199793" timestamp="2019-09-07T07:56:08Z" user="patodiez" uid="1856060">
  <nd ref="6778964331"/>
  <nd ref="6778964332"/>
  <tag k="highway" v="service"/>
  <tag k="service" v="alley"/>
 </way>
 <way id="722671854" visible="true" version="2" changeset="130601265" timestamp="2022-12-28T13:13:03Z" user="Raphaelkaart" uid="12468685">
  <nd ref="6778964334"/>
  <nd ref="6778964335"/>
  <tag k="highway" v="residential"/>
  <tag k="name" v="Rua Rodrigo Dib Carneiro"/>
 </way>
 <way id="722671855" visible="true" version="1" changeset="74199793" timestamp="2019-09-07T07:56:08Z" user="patodiez" uid="1856060">
  <nd ref="6778964339"/>
  <nd ref="6778964341"/>
  <nd ref="6778964340"/>
  <tag k="highway" v="residential"/>
 </way>
 <way id="722671856" visible="true" version="5" changeset="160774585" timestamp="2024-12-30T02:55:32Z" user="kaartense" uid="10292935">
  <nd ref="6778964342"/>
  <nd ref="6778964350"/>
  <nd ref="6778964343"/>
  <nd ref="7796608155"/>
  <nd ref="7796608154"/>
  <nd ref="7796608156"/>
  <nd ref="7692668396"/>
  <tag k="highway" v="residential"/>
  <tag k="name" v="Rua Canadá"/>
  <tag k="surface" v="paved"/>
 </way>
 <way id="722671857" visible="true" version="3" changeset="89127194" timestamp="2020-08-08T12:47:56Z" user="NorthwestPassage" uid="10409507">
  <nd ref="6778964344"/>
  <nd ref="6778964348"/>
  <nd ref="7692668452"/>
  <nd ref="7796608153"/>
  <nd ref="7796608152"/>
  <nd ref="6778964345"/>
  <nd ref="7692668398"/>
  <tag k="highway" v="residential"/>
  <tag k="surface" v="paved"/>
 </way>
 <way id="722671858" visible="true" version="4" changeset="130601610" timestamp="2022-12-28T13:20:08Z" user="Raphaelkaart" uid="12468685">
  <nd ref="6778964346"/>
  <nd ref="6778964349"/>
  <nd ref="7796608159"/>
  <nd ref="7796608158"/>
  <nd ref="7796608157"/>
  <nd ref="6778964347"/>
  <nd ref="7692668395"/>
  <tag k="highway" v="residential"/>
  <tag k="name" v="Rua Iglaterra"/>
  <tag k="surface" v="paved"/>
 </way>
 <way id="722671859" visible="true" version="2" changeset="130601497" timestamp="2022-12-28T13:17:48Z" user="Raphaelkaart" uid="12468685">
  <nd ref="6778964351"/>
  <nd ref="6778964352"/>
  <tag k="highway" v="residential"/>
  <tag k="name" v="Rua Sebastiana Maria de Rosende"/>
 </way>
 <way id="722671860" visible="true" version="1" changeset="74199793" timestamp="2019-09-07T07:56:08Z" user="patodiez" uid="1856060">
  <nd ref="6778964357"/>
  <nd ref="6778964358"/>
  <nd ref="6778964359"/>
  <nd ref="6778964360"/>
  <nd ref="6778964357"/>
  <tag k="leisure" v="park"/>
 </way>
 <way id="803560128" visible="true" version="2" changeset="85180950" timestamp="2020-05-14T06:51:08Z" user="CanalBelt" uid="10142300">
  <nd ref="3621100092"/>
  <nd ref="3621100093"/>
  <nd ref="7516809928"/>
  <nd ref="7516809927"/>
  <nd ref="6778964329"/>
  <nd ref="3621100095"/>
  <nd ref="3621100096"/>
  <nd ref="3621100017"/>
  <tag k="highway" v="residential"/>
  <tag k="maxspeed" v="40"/>
  <tag k="name" v="Rua Pracinha Honório Vieira"/>
  <tag k="oneway" v="yes"/>
  <tag k="surface" v="asphalt"/>
 </way>
 <way id="803578342" visible="true" version="1" changeset="85180950" timestamp="2020-05-14T06:51:08Z" user="CanalBelt" uid="10142300">
  <nd ref="3621100111"/>
  <nd ref="3621100112"/>
  <nd ref="3621100107"/>
  <tag k="highway" v="residential"/>
 </way>
 <way id="803587842" visible="true" version="1" changeset="85182615" timestamp="2020-05-14T07:19:14Z" user="CanalBelt" uid="10142300">
  <nd ref="3621165625"/>
  <nd ref="7516914334"/>
  <nd ref="7516914333"/>
  <nd ref="7516914336"/>
  <nd ref="7516914332"/>
  <nd ref="7516914335"/>
  <tag k="highway" v="residential"/>
 </way>
 <way id="803620378" visible="true" version="2" changeset="87112605" timestamp="2020-06-25T04:23:26Z" user="Laccadive" uid="10811047">
  <nd ref="7517234458"/>
  <nd ref="7651083519"/>
  <nd ref="7651083518"/>
  <nd ref="7651083520"/>
  <nd ref="7651083521"/>
  <nd ref="7651083522"/>
  <nd ref="7651083527"/>
  <nd ref="7651083526"/>
  <nd ref="7651083525"/>
  <nd ref="7517234457"/>
  <nd ref="7651083524"/>
  <nd ref="7651083523"/>
  <nd ref="7651083517"/>
  <nd ref="7651083516"/>
  <nd ref="7517234440"/>
  <nd ref="7651083515"/>
  <nd ref="7517234439"/>
  <nd ref="7651083513"/>
  <nd ref="7651083514"/>
  <nd ref="7651083512"/>
  <nd ref="7651083511"/>
  <nd ref="7517234438"/>
  <nd ref="7651083510"/>
  <nd ref="7517234437"/>
  <nd ref="7651083509"/>
  <nd ref="7651083508"/>
  <nd ref="7517234436"/>
  <nd ref="7651083490"/>
  <nd ref="7651083507"/>
  <nd ref="7517234435"/>
  <nd ref="7651083506"/>
  <nd ref="7651083505"/>
  <nd ref="7651083504"/>
  <nd ref="7517234434"/>
  <nd ref="7517234432"/>
  <nd ref="7651083503"/>
  <nd ref="7651083502"/>
  <nd ref="7517234433"/>
  <nd ref="7651083501"/>
  <nd ref="7651083498"/>
  <nd ref="7651083492"/>
  <nd ref="7651083491"/>
  <nd ref="7651083500"/>
  <nd ref="7651083499"/>
  <nd ref="7517234431"/>
  <nd ref="7651083496"/>
  <nd ref="7651083497"/>
  <nd ref="7517234441"/>
  <nd ref="7517234442"/>
  <nd ref="7517234443"/>
  <nd ref="7517234444"/>
  <nd ref="7517234445"/>
  <nd ref="7517234446"/>
  <nd ref="7517234447"/>
  <nd ref="7517234448"/>
  <nd ref="7517234449"/>
  <nd ref="7651083493"/>
  <nd ref="7517234450"/>
  <nd ref="7517234451"/>
  <nd ref="7651083494"/>
  <nd ref="7517234452"/>
  <nd ref="7517234453"/>
  <nd ref="7517234454"/>
  <nd ref="7651083495"/>
  <nd ref="7517234455"/>
  <nd ref="7517234456"/>
  <tag k="highway" v="unclassified"/>
 </way>
 <way id="803688844" visible="true" version="1" changeset="85199690" timestamp="2020-05-14T11:44:57Z" user="Tyrifjorden" uid="9625508">
  <nd ref="7517228665"/>
  <nd ref="7517909064"/>
  <nd ref="3621100110"/>
  <nd ref="3621100111"/>
  <tag k="highway" v="residential"/>
  <tag k="oneway" v="yes"/>
 </way>
 <way id="803691174" visible="true" version="1" changeset="85199910" timestamp="2020-05-14T11:48:38Z" user="Tyrifjorden" uid="9625508">
  <nd ref="7517947419"/>
  <nd ref="7517947418"/>
  <tag k="highway" v="service"/>
 </way>
 <way id="819306161" visible="true" version="2" changeset="87129475" timestamp="2020-06-25T09:23:26Z" user="Laccadive" uid="10811047">
  <nd ref="7651151308"/>
  <nd ref="7651151307"/>
  <nd ref="7651151306"/>
  <nd ref="7651151305"/>
  <nd ref="7651151285"/>
  <nd ref="7651120884"/>
  <nd ref="7651151304"/>
  <nd ref="7651151303"/>
  <nd ref="7651151302"/>
  <nd ref="7651151301"/>
  <nd ref="7651151300"/>
  <nd ref="7651151299"/>
  <nd ref="7651151298"/>
  <nd ref="7651151297"/>
  <nd ref="7651151296"/>
  <nd ref="7651151295"/>
  <nd ref="7651151294"/>
  <nd ref="7651151293"/>
  <nd ref="7651912916"/>
  <nd ref="7651151292"/>
  <nd ref="7651151287"/>
  <nd ref="7651151291"/>
  <nd ref="7651151290"/>
  <nd ref="7651151289"/>
  <nd ref="7651151286"/>
  <nd ref="7651151288"/>
  <tag k="highway" v="residential"/>
 </way>
 <way id="819306165" visible="true" version="1" changeset="87113969" timestamp="2020-06-25T04:53:41Z" user="Laccadive" uid="10811047">
  <nd ref="7651151406"/>
  <nd ref="7651151355"/>
  <nd ref="7651151354"/>
  <nd ref="7651151353"/>
  <nd ref="7651151352"/>
  <tag k="highway" v="unclassified"/>
 </way>
 <way id="819306166" visible="true" version="4" changeset="90630825" timestamp="2020-09-09T08:31:42Z" user="LaFloresta" uid="10529535">
  <nd ref="3878972896"/>
  <nd ref="7651151408"/>
  <nd ref="7651151407"/>
  <nd ref="7651151356"/>
  <nd ref="7651151406"/>
  <nd ref="7651151405"/>
  <nd ref="7651151404"/>
  <nd ref="7651151403"/>
  <nd ref="7651151402"/>
  <nd ref="7651163411"/>
  <nd ref="7651151401"/>
  <nd ref="7651151400"/>
  <nd ref="7651163427"/>
  <nd ref="7651151399"/>
  <nd ref="7651163412"/>
  <nd ref="7651151358"/>
  <nd ref="7651337604"/>
  <nd ref="7651151398"/>
  <nd ref="7651151397"/>
  <nd ref="7651151396"/>
  <nd ref="7651151357"/>
  <nd ref="7651151395"/>
  <nd ref="7651151394"/>
  <nd ref="7651151393"/>
  <nd ref="7651151392"/>
  <nd ref="7651151391"/>
  <nd ref="7651151390"/>
  <nd ref="7651151389"/>
  <nd ref="7651151388"/>
  <nd ref="7651151387"/>
  <nd ref="7651151359"/>
  <nd ref="7651151386"/>
  <nd ref="7651151385"/>
  <nd ref="7651151384"/>
  <nd ref="7651151360"/>
  <nd ref="7651151383"/>
  <nd ref="7651151382"/>
  <nd ref="7651151361"/>
  <nd ref="7651151381"/>
  <nd ref="7651151362"/>
  <nd ref="7651151380"/>
  <nd ref="7651151379"/>
  <nd ref="7651151378"/>
  <nd ref="7651151377"/>
  <nd ref="7889463565"/>
  <nd ref="7651151376"/>
  <nd ref="7651151375"/>
  <nd ref="7889463566"/>
  <nd ref="7651151374"/>
  <nd ref="7651151373"/>
  <nd ref="7651151372"/>
  <nd ref="7651151364"/>
  <nd ref="7651151371"/>
  <nd ref="7651151363"/>
  <nd ref="7651151370"/>
  <nd ref="7651151369"/>
  <nd ref="7651151365"/>
  <nd ref="7651151368"/>
  <nd ref="7651151367"/>
  <nd ref="7889463567"/>
  <nd ref="7889463568"/>
  <nd ref="7651151366"/>
  <tag k="highway" v="unclassified"/>
 </way>
 <way id="819307950" visible="true" version="1" changeset="87114476" timestamp="2020-06-25T05:04:09Z" user="Laccadive" uid="10811047">
  <nd ref="7651163433"/>
  <nd ref="4053224813"/>
  <tag k="highway" v="unclassified"/>
 </way>
 <way id="819307951" visible="true" version="1" changeset="87114476" timestamp="2020-06-25T05:04:09Z" user="Laccadive" uid="10811047">
  <nd ref="7651163434"/>
  <nd ref="7651163433"/>
  <tag k="bridge" v="yes"/>
  <tag k="highway" v="unclassified"/>
  <tag k="layer" v="1"/>
 </way>
 <way id="819307952" visible="true" version="3" changeset="90626112" timestamp="2020-09-09T07:15:46Z" user="LaFloresta" uid="10529535">
  <nd ref="7651337614"/>
  <nd ref="7651337613"/>
  <nd ref="7651163417"/>
  <nd ref="7889261143"/>
  <nd ref="7651163416"/>
  <nd ref="7651337603"/>
  <nd ref="7651337602"/>
  <nd ref="7651337601"/>
  <nd ref="7651337612"/>
  <nd ref="7651337611"/>
  <nd ref="7651337610"/>
  <nd ref="7651337609"/>
  <nd ref="7651337608"/>
  <nd ref="7651337607"/>
  <nd ref="7651337606"/>
  <nd ref="7651337605"/>
  <nd ref="7651337604"/>
  <tag k="highway" v="unclassified"/>
 </way>
 <way id="819307953" visible="true" version="1" changeset="87114476" timestamp="2020-06-25T05:04:09Z" user="Laccadive" uid="10811047">
  <nd ref="7651083524"/>
  <nd ref="7651176717"/>
  <nd ref="7651176720"/>
  <nd ref="7651176716"/>
  <nd ref="7651176719"/>
  <nd ref="7651176718"/>
  <nd ref="7651176715"/>
  <nd ref="7651176714"/>
  <nd ref="7651176713"/>
  <nd ref="7651176712"/>
  <nd ref="7651176711"/>
  <nd ref="7651176710"/>
  <nd ref="7651176705"/>
  <nd ref="7651176706"/>
  <nd ref="7651176707"/>
  <nd ref="7651176708"/>
  <nd ref="7651176709"/>
  <nd ref="7651176704"/>
  <nd ref="7651176703"/>
  <nd ref="7651176702"/>
  <nd ref="7651176701"/>
  <nd ref="7651176700"/>
  <nd ref="7651176699"/>
  <nd ref="7651176698"/>
  <nd ref="7651176697"/>
  <nd ref="7651176696"/>
  <nd ref="7651176695"/>
  <nd ref="7651176694"/>
  <nd ref="7651176693"/>
  <nd ref="7651176692"/>
  <nd ref="7651176691"/>
  <nd ref="7651176690"/>
  <nd ref="7651176689"/>
  <nd ref="7651176688"/>
  <nd ref="7651176687"/>
  <nd ref="7651176686"/>
  <nd ref="7651176685"/>
  <nd ref="7651163484"/>
  <nd ref="7651163483"/>
  <nd ref="7651163482"/>
  <nd ref="7651163481"/>
  <nd ref="7651163480"/>
  <nd ref="7651163475"/>
  <nd ref="7651163479"/>
  <nd ref="7651163478"/>
  <nd ref="7651163474"/>
  <nd ref="7651163477"/>
  <nd ref="7651163476"/>
  <nd ref="7651163473"/>
  <nd ref="7651163472"/>
  <nd ref="7651163471"/>
  <nd ref="7651163470"/>
  <nd ref="7651163469"/>
  <nd ref="7651163468"/>
  <nd ref="7651163463"/>
  <nd ref="7651163467"/>
  <nd ref="7651163466"/>
  <nd ref="7651163465"/>
  <nd ref="7651163464"/>
  <nd ref="7651163462"/>
  <nd ref="7651163461"/>
  <nd ref="7651163460"/>
  <nd ref="7651163459"/>
  <nd ref="7651163458"/>
  <nd ref="7651163457"/>
  <nd ref="7651163454"/>
  <nd ref="7651163456"/>
  <nd ref="7651163455"/>
  <nd ref="7651163453"/>
  <nd ref="7651163452"/>
  <nd ref="7651163451"/>
  <nd ref="7651163450"/>
  <nd ref="7651163449"/>
  <nd ref="7651163443"/>
  <nd ref="7651163448"/>
  <nd ref="7651163447"/>
  <nd ref="7651163446"/>
  <nd ref="7651163445"/>
  <nd ref="7651163444"/>
  <nd ref="7651163442"/>
  <nd ref="7651163428"/>
  <nd ref="7651163441"/>
  <nd ref="7651163440"/>
  <nd ref="7651163429"/>
  <nd ref="7651163439"/>
  <nd ref="7651163430"/>
  <nd ref="7651163438"/>
  <nd ref="7651163437"/>
  <nd ref="7651163436"/>
  <nd ref="7651163435"/>
  <nd ref="7651163431"/>
  <nd ref="7651163432"/>
  <nd ref="7651163434"/>
  <tag k="highway" v="unclassified"/>
 </way>
 <way id="819311342" visible="true" version="2" changeset="87118825" timestamp="2020-06-25T06:30:06Z" user="Laccadive" uid="10811047">
  <nd ref="7651228793"/>
  <nd ref="7651228792"/>
  <nd ref="7651228788"/>
  <nd ref="7651228787"/>
  <nd ref="7651228791"/>
  <nd ref="7651228790"/>
  <nd ref="7651228789"/>
  <tag k="highway" v="unclassified"/>
 </way>
 <way id="819311343" visible="true" version="1" changeset="87115485" timestamp="2020-06-25T05:26:12Z" user="Laccadive" uid="10811047">
  <nd ref="7651228803"/>
  <nd ref="7651228802"/>
  <nd ref="7651228795"/>
  <nd ref="7651228801"/>
  <nd ref="7651228800"/>
  <nd ref="7651228799"/>
  <nd ref="7651228798"/>
  <nd ref="7651228794"/>
  <nd ref="7651228797"/>
  <nd ref="7651228796"/>
  <tag k="highway" v="residential"/>
 </way>
 <way id="819315071" visible="true" version="1" changeset="87116424" timestamp="2020-06-25T05:45:29Z" user="Laccadive" uid="10811047">
  <nd ref="7651163431"/>
  <nd ref="7651279121"/>
  <nd ref="7651279120"/>
  <nd ref="7651279119"/>
  <nd ref="7651279118"/>
  <nd ref="7651279117"/>
  <nd ref="7651279116"/>
  <nd ref="7651279115"/>
  <nd ref="7651279114"/>
  <nd ref="7651279113"/>
  <nd ref="7651279112"/>
  <nd ref="7651279111"/>
  <nd ref="7651279110"/>
  <nd ref="7651279109"/>
  <nd ref="7651279108"/>
  <nd ref="7651279107"/>
  <nd ref="7651279106"/>
  <nd ref="7651279105"/>
  <nd ref="7651269229"/>
  <nd ref="7651269267"/>
  <nd ref="7651279104"/>
  <nd ref="7651279103"/>
  <nd ref="7651279102"/>
  <nd ref="7651279101"/>
  <nd ref="7651269272"/>
  <nd ref="7651269268"/>
  <nd ref="7651279100"/>
  <nd ref="7651269271"/>
  <nd ref="7651269270"/>
  <nd ref="7651269269"/>
  <nd ref="7651279099"/>
  <nd ref="7651269273"/>
  <nd ref="7651279098"/>
  <nd ref="7651269274"/>
  <nd ref="7651279097"/>
  <nd ref="7651269275"/>
  <nd ref="7651279096"/>
  <nd ref="7651279095"/>
  <nd ref="7651269276"/>
  <nd ref="7651269277"/>
  <nd ref="7651279094"/>
  <nd ref="7651279093"/>
  <nd ref="7651279092"/>
  <nd ref="7651269278"/>
  <nd ref="7651279091"/>
  <nd ref="7651279090"/>
  <nd ref="7651279089"/>
  <nd ref="7651279088"/>
  <nd ref="7651269279"/>
  <nd ref="7651279087"/>
  <nd ref="7651279086"/>
  <nd ref="7651279085"/>
  <nd ref="7651269284"/>
  <nd ref="7651269283"/>
  <nd ref="7651269282"/>
  <nd ref="7651269281"/>
  <nd ref="7651269280"/>
  <nd ref="7651228789"/>
  <tag k="highway" v="unclassified"/>
 </way>
 <way id="819319576" visible="true" version="2" changeset="90626112" timestamp="2020-09-09T07:15:46Z" user="LaFloresta" uid="10529535">
  <nd ref="7651163427"/>
  <nd ref="7651163426"/>
  <nd ref="7651163413"/>
  <nd ref="7651163425"/>
  <nd ref="7651163424"/>
  <nd ref="7651163423"/>
  <nd ref="7651163422"/>
  <nd ref="7651163421"/>
  <nd ref="7651163414"/>
  <nd ref="7651163420"/>
  <nd ref="7651163419"/>
  <nd ref="7651163418"/>
  <nd ref="7651163415"/>
  <nd ref="7651337615"/>
  <nd ref="7651337614"/>
  <tag k="highway" v="unclassified"/>
 </way>
 <way id="819321522" visible="true" version="1" changeset="87118169" timestamp="2020-06-25T06:19:06Z" user="Laccadive" uid="10811047">
  <nd ref="7651279119"/>
  <nd ref="7651364218"/>
  <nd ref="7651364214"/>
  <nd ref="7651364217"/>
  <nd ref="7651364216"/>
  <nd ref="7651364213"/>
  <nd ref="7651364215"/>
  <tag k="highway" v="residential"/>
 </way>
 <way id="819326295" visible="true" version="2" changeset="151112136" timestamp="2024-05-09T17:38:48Z" user="ProjetoMapeia" uid="11455881">
  <nd ref="7651412387"/>
  <nd ref="3621100023"/>
  <tag k="highway" v="residential"/>
  <tag k="name" v="Rua Pedro José de Oliveira"/>
  <tag k="oneway" v="yes"/>
 </way>
 <way id="823878221" visible="true" version="5" changeset="177996018" timestamp="2026-02-02T08:40:32Z" user="LakeVan" uid="22315977">
  <nd ref="7889017397"/>
  <nd ref="7692140709"/>
  <nd ref="7889017398"/>
  <nd ref="7889017399"/>
  <nd ref="7692140708"/>
  <nd ref="7889017400"/>
  <nd ref="7889202414"/>
  <nd ref="7889017401"/>
  <nd ref="7889017402"/>
  <nd ref="7692140707"/>
  <nd ref="7889234210"/>
  <nd ref="7692140706"/>
  <nd ref="7889017403"/>
  <nd ref="7692140705"/>
  <nd ref="7889017404"/>
  <nd ref="7889017405"/>
  <nd ref="7889234200"/>
  <nd ref="7692140704"/>
  <nd ref="7889017406"/>
  <nd ref="7692140703"/>
  <nd ref="7889017407"/>
  <nd ref="7889017408"/>
  <nd ref="7692140702"/>
  <nd ref="7889017409"/>
  <nd ref="7889017410"/>
  <nd ref="7692140701"/>
  <nd ref="7692140700"/>
  <nd ref="7889017411"/>
  <nd ref="7889017412"/>
  <nd ref="7889017413"/>
  <nd ref="7692140699"/>
  <nd ref="7692140698"/>
  <nd ref="7692140697"/>
  <nd ref="7889017414"/>
  <nd ref="7692140696"/>
  <nd ref="7692140695"/>
  <tag k="highway" v="residential"/>
 </way>
 <way id="823927157" visible="true" version="4" changeset="166610116" timestamp="2025-05-22T12:07:27Z" user="MountAgung" uid="22557240">
  <nd ref="7796605135"/>
  <nd ref="7796608147"/>
  <nd ref="7692623263"/>
  <nd ref="7692623283"/>
  <tag k="highway" v="residential"/>
  <tag k="name" v="Rua Estados Unidos"/>
  <tag k="surface" v="paved"/>
 </way>
 <way id="823927158" visible="true" version="2" changeset="130601034" timestamp="2022-12-28T13:08:05Z" user="Raphaelkaart" uid="12468685">
  <nd ref="7692623266"/>
  <nd ref="7692623265"/>
  <nd ref="4053250156"/>
  <tag k="highway" v="residential"/>
  <tag k="name" v="Rua Sebastião Olimpio de Oliveira"/>
  <tag k="surface" v="paved"/>
 </way>
 <way id="823927159" visible="true" version="2" changeset="130601034" timestamp="2022-12-28T13:08:05Z" user="Raphaelkaart" uid="12468685">
  <nd ref="4423880224"/>
  <nd ref="7692623268"/>
  <nd ref="7692623267"/>
  <nd ref="7692623266"/>
  <nd ref="7692623282"/>
  <tag k="highway" v="residential"/>
  <tag k="name" v="Rua Estados Unidos"/>
  <tag k="surface" v="paved"/>
 </way>
 <way id="823927160" visible="true" version="2" changeset="130601497" timestamp="2022-12-28T13:17:48Z" user="Raphaelkaart" uid="12468685">
  <nd ref="4053250157"/>
  <nd ref="7692623267"/>
  <nd ref="7692623270"/>
  <nd ref="7692623269"/>
  <tag k="highway" v="residential"/>
  <tag k="name" v="Rua Luiza Rodrigues Portela"/>
  <tag k="surface" v="paved"/>
 </way>
 <way id="823927161" visible="true" version="4" changeset="166610116" timestamp="2025-05-22T12:07:27Z" user="MountAgung" uid="22557240">
  <nd ref="6778964335"/>
  <nd ref="7692623263"/>
  <tag k="highway" v="residential"/>
 </way>
 <way id="823927162" visible="true" version="2" changeset="89197750" timestamp="2020-08-10T11:53:42Z" user="NorthwestPassage" uid="10409507">
  <nd ref="6778964322"/>
  <nd ref="3621099933"/>
  <tag k="highway" v="residential"/>
  <tag k="maxspeed" v="40"/>
  <tag k="surface" v="asphalt"/>
 </way>
 <way id="823927163" visible="true" version="1" changeset="87669471" timestamp="2020-07-07T18:26:59Z" user="DressyPear4" uid="3984659">
  <nd ref="6778964323"/>
  <nd ref="3621100046"/>
  <nd ref="3621100047"/>
  <nd ref="3621099999"/>
  <tag k="highway" v="residential"/>
  <tag k="name" v="Rua Teotônio da Cunha"/>
 </way>
 <way id="823927164" visible="true" version="2" changeset="89197750" timestamp="2020-08-10T11:53:42Z" user="NorthwestPassage" uid="10409507">
  <nd ref="3621099934"/>
  <nd ref="6778964323"/>
  <tag k="highway" v="residential"/>
 </way>
 <way id="823927165" visible="true" version="2" changeset="89175057" timestamp="2020-08-10T05:13:22Z" user="NorthwestPassage" uid="10409507">
  <nd ref="7692623281"/>
  <nd ref="7692623280"/>
  <tag k="highway" v="residential"/>
 </way>
 <way id="823927166" visible="true" version="2" changeset="89175057" timestamp="2020-08-10T05:13:22Z" user="NorthwestPassage" uid="10409507">
  <nd ref="7692623283"/>
  <nd ref="7692623282"/>
  <tag k="highway" v="residential"/>
 </way>
 <way id="823927167" visible="true" version="4" changeset="151111086" timestamp="2024-05-09T17:15:57Z" user="ProjetoMapeia" uid="11455881">
  <nd ref="7692668416"/>
  <nd ref="7692668420"/>
  <nd ref="7692623281"/>
  <nd ref="7692623284"/>
  <nd ref="7692668385"/>
  <nd ref="7692623276"/>
  <nd ref="7692623283"/>
  <nd ref="7692668386"/>
  <nd ref="3621099935"/>
  <nd ref="3621099934"/>
  <nd ref="7692668391"/>
  <nd ref="3621099933"/>
  <nd ref="3621100063"/>
  <nd ref="3621099932"/>
  <nd ref="3621099945"/>
  <nd ref="3621099936"/>
  <nd ref="3621056747"/>
  <nd ref="3621056765"/>
  <tag k="highway" v="tertiary"/>
  <tag k="maxspeed" v="40"/>
  <tag k="name" v="Avenida Joaquim Honório da Silva"/>
  <tag k="oneway" v="yes"/>
  <tag k="surface" v="asphalt"/>
 </way>
 <way id="823927168" visible="true" version="2" changeset="89175057" timestamp="2020-08-10T05:13:22Z" user="NorthwestPassage" uid="10409507">
  <nd ref="6778964316"/>
  <nd ref="3621099935"/>
  <tag k="highway" v="residential"/>
  <tag k="maxspeed" v="30"/>
  <tag k="surface" v="asphalt"/>
 </way>
 <way id="823927169" visible="true" version="1" changeset="87669471" timestamp="2020-07-07T18:26:59Z" user="DressyPear4" uid="3984659">
  <nd ref="7692668391"/>
  <nd ref="7692668390"/>
  <tag k="highway" v="tertiary_link"/>
 </way>
 <way id="823927170" visible="true" version="2" changeset="89126554" timestamp="2020-08-08T12:24:20Z" user="NorthwestPassage" uid="10409507">
  <nd ref="4053250153"/>
  <nd ref="4053250152"/>
  <nd ref="7796559460"/>
  <nd ref="4053250151"/>
  <nd ref="4053250150"/>
  <nd ref="7796559459"/>
  <nd ref="4053250149"/>
  <nd ref="3621100000"/>
  <nd ref="6778964322"/>
  <tag k="highway" v="residential"/>
  <tag k="maxspeed" v="40"/>
  <tag k="name" v="Rua João Faria"/>
  <tag k="surface" v="unpaved"/>
 </way>
 <way id="823927171" visible="true" version="2" changeset="169026906" timestamp="2025-07-16T18:05:40Z" user="MonteRosa1" uid="22220364">
  <nd ref="6778964361"/>
  <nd ref="7692668434"/>
  <nd ref="7692668431"/>
  <nd ref="7692668426"/>
  <nd ref="7692668424"/>
  <nd ref="7692668420"/>
  <nd ref="7692668418"/>
  <tag k="highway" v="tertiary"/>
  <tag k="maxspeed" v="30"/>
  <tag k="name" v="Rua Agostinho Ferreira da Cunha"/>
  <tag k="oneway" v="yes"/>
  <tag k="surface" v="asphalt"/>
 </way>
 <way id="823927172" visible="true" version="3" changeset="169026906" timestamp="2025-07-16T18:05:40Z" user="MonteRosa1" uid="22220364">
  <nd ref="7692668415"/>
  <nd ref="7692668416"/>
  <nd ref="7692668421"/>
  <nd ref="7692668428"/>
  <nd ref="7692668392"/>
  <nd ref="7692668429"/>
  <nd ref="4423880242"/>
  <tag k="highway" v="tertiary"/>
  <tag k="maxspeed" v="30"/>
  <tag k="name" v="Rua Agostinho Ferreira da Cunha"/>
  <tag k="oneway" v="yes"/>
  <tag k="surface" v="asphalt"/>
 </way>
 <way id="823927173" visible="true" version="2" changeset="89197750" timestamp="2020-08-10T11:53:42Z" user="NorthwestPassage" uid="10409507">
  <nd ref="7692668392"/>
  <nd ref="7692668431"/>
  <tag k="highway" v="residential"/>
 </way>
 <way id="823927174" visible="true" version="1" changeset="87669471" timestamp="2020-07-07T18:26:59Z" user="DressyPear4" uid="3984659">
  <nd ref="7692668394"/>
  <nd ref="7692668412"/>
  <tag k="highway" v="residential"/>
  <tag k="surface" v="paved"/>
 </way>
 <way id="823927175" visible="true" version="1" changeset="87669471" timestamp="2020-07-07T18:26:59Z" user="DressyPear4" uid="3984659">
  <nd ref="7692668395"/>
  <nd ref="7692668410"/>
  <tag k="highway" v="residential"/>
  <tag k="surface" v="paved"/>
 </way>
 <way id="823927176" visible="true" version="1" changeset="87669471" timestamp="2020-07-07T18:26:59Z" user="DressyPear4" uid="3984659">
  <nd ref="7692668397"/>
  <nd ref="7692668398"/>
  <tag k="highway" v="residential"/>
  <tag k="surface" v="paved"/>
 </way>
 <way id="823927177" visible="true" version="1" changeset="87669471" timestamp="2020-07-07T18:26:59Z" user="DressyPear4" uid="3984659">
  <nd ref="7692668399"/>
  <nd ref="7692668400"/>
  <tag k="highway" v="residential"/>
  <tag k="surface" v="paved"/>
 </way>
 <way id="823927178" visible="true" version="1" changeset="87669471" timestamp="2020-07-07T18:26:59Z" user="DressyPear4" uid="3984659">
  <nd ref="7692668402"/>
  <nd ref="7692668401"/>
  <tag k="highway" v="residential"/>
  <tag k="surface" v="paved"/>
 </way>
 <way id="823927179" visible="true" version="1" changeset="87669471" timestamp="2020-07-07T18:26:59Z" user="DressyPear4" uid="3984659">
  <nd ref="7692668404"/>
  <nd ref="7692668403"/>
  <tag k="highway" v="residential"/>
  <tag k="surface" v="paved"/>
 </way>
 <way id="823927180" visible="true" version="1" changeset="87669471" timestamp="2020-07-07T18:26:59Z" user="DressyPear4" uid="3984659">
  <nd ref="7692668406"/>
  <nd ref="7692668405"/>
  <tag k="highway" v="residential"/>
  <tag k="surface" v="paved"/>
 </way>
 <way id="823927181" visible="true" version="1" changeset="87669471" timestamp="2020-07-07T18:26:59Z" user="DressyPear4" uid="3984659">
  <nd ref="7692668408"/>
  <nd ref="7692668407"/>
  <tag k="highway" v="residential"/>
  <tag k="surface" v="paved"/>
 </way>
 <way id="823927182" visible="true" version="1" changeset="87669471" timestamp="2020-07-07T18:26:59Z" user="DressyPear4" uid="3984659">
  <nd ref="7692668410"/>
  <nd ref="7692668409"/>
  <tag k="highway" v="residential"/>
  <tag k="surface" v="paved"/>
 </way>
 <way id="823927183" visible="true" version="1" changeset="87669471" timestamp="2020-07-07T18:26:59Z" user="DressyPear4" uid="3984659">
  <nd ref="7692668412"/>
  <nd ref="7692668411"/>
  <tag k="highway" v="residential"/>
  <tag k="surface" v="paved"/>
 </way>
 <way id="823927184" visible="true" version="1" changeset="87669471" timestamp="2020-07-07T18:26:59Z" user="DressyPear4" uid="3984659">
  <nd ref="7692668414"/>
  <nd ref="7692668413"/>
  <tag k="highway" v="residential"/>
  <tag k="surface" v="paved"/>
 </way>
 <way id="823927187" visible="true" version="3" changeset="151111086" timestamp="2024-05-09T17:15:57Z" user="ProjetoMapeia" uid="11455881">
  <nd ref="3621056929"/>
  <nd ref="6778964318"/>
  <nd ref="6778964319"/>
  <nd ref="6778964320"/>
  <nd ref="6778964321"/>
  <nd ref="10672623619"/>
  <nd ref="10291620690"/>
  <nd ref="6778964328"/>
  <nd ref="6778964317"/>
  <nd ref="10672623631"/>
  <nd ref="10291620684"/>
  <nd ref="6778964322"/>
  <nd ref="7692668390"/>
  <nd ref="6778964323"/>
  <nd ref="6778964316"/>
  <nd ref="7692668389"/>
  <nd ref="7692623282"/>
  <nd ref="7692623269"/>
  <nd ref="7692668388"/>
  <nd ref="7692668387"/>
  <nd ref="7692623280"/>
  <nd ref="7692668418"/>
  <nd ref="7692668415"/>
  <tag k="highway" v="tertiary"/>
  <tag k="maxspeed" v="40"/>
  <tag k="name" v="Avenida Joaquim Honório da Silva"/>
  <tag k="oneway" v="yes"/>
  <tag k="surface" v="asphalt"/>
 </way>
 <way id="823927190" visible="true" version="2" changeset="173672006" timestamp="2025-10-23T12:31:48Z" user="DressyPear4" uid="3984659">
  <nd ref="7692668424"/>
  <nd ref="7692668423"/>
  <nd ref="7692623275"/>
  <tag k="highway" v="residential"/>
  <tag k="surface" v="paved"/>
 </way>
 <way id="823927191" visible="true" version="3" changeset="130600885" timestamp="2022-12-28T13:04:17Z" user="Raphaelkaart" uid="12468685">
  <nd ref="7692668426"/>
  <nd ref="7692623274"/>
  <nd ref="7692668425"/>
  <tag k="highway" v="residential"/>
  <tag k="name" v="Rua Suica"/>
  <tag k="surface" v="paved"/>
 </way>
 <way id="823927192" visible="true" version="1" changeset="87669471" timestamp="2020-07-07T18:26:59Z" user="DressyPear4" uid="3984659">
  <nd ref="7692668428"/>
  <nd ref="7692668427"/>
  <tag k="highway" v="residential"/>
  <tag k="surface" v="paved"/>
 </way>
 <way id="823927193" visible="true" version="1" changeset="87669471" timestamp="2020-07-07T18:26:59Z" user="DressyPear4" uid="3984659">
  <nd ref="7692668430"/>
  <nd ref="7692668429"/>
  <tag k="highway" v="residential"/>
  <tag k="surface" v="paved"/>
 </way>
 <way id="823927194" visible="true" version="4" changeset="173672006" timestamp="2025-10-23T12:31:48Z" user="DressyPear4" uid="3984659">
  <nd ref="4053250096"/>
  <nd ref="7692668432"/>
  <nd ref="7692623273"/>
  <nd ref="10291363547"/>
  <nd ref="7692668431"/>
  <tag k="highway" v="residential"/>
  <tag k="name" v="Rua Irlanda"/>
  <tag k="surface" v="paved"/>
 </way>
 <way id="823927195" visible="true" version="3" changeset="173672006" timestamp="2025-10-23T12:31:48Z" user="DressyPear4" uid="3984659">
  <nd ref="10291485167"/>
  <nd ref="7796605140"/>
  <nd ref="7796605139"/>
  <nd ref="7796605138"/>
  <nd ref="7796605132"/>
  <nd ref="7796605137"/>
  <nd ref="7796605131"/>
  <nd ref="13252015529"/>
  <nd ref="4053224841"/>
  <tag k="highway" v="residential"/>
  <tag k="surface" v="paved"/>
 </way>
 <way id="823927196" visible="true" version="1" changeset="87669471" timestamp="2020-07-07T18:26:59Z" user="DressyPear4" uid="3984659">
  <nd ref="3621100085"/>
  <nd ref="3621100126"/>
  <nd ref="3621100127"/>
  <nd ref="3621100128"/>
  <nd ref="3621100129"/>
  <nd ref="3621100130"/>
  <nd ref="3621100131"/>
  <nd ref="3621100132"/>
  <tag k="highway" v="residential"/>
  <tag k="name" v="Avenida Juscelino Kubitscheck"/>
  <tag k="oneway" v="yes"/>
 </way>
 <way id="823927197" visible="true" version="1" changeset="87669471" timestamp="2020-07-07T18:26:59Z" user="DressyPear4" uid="3984659">
  <nd ref="3621100141"/>
  <nd ref="3621100085"/>
  <tag k="highway" v="residential"/>
  <tag k="name" v="Avenida Juscelino Kubitscheck"/>
  <tag k="oneway" v="yes"/>
 </way>
 <way id="823927198" visible="true" version="2" changeset="169026906" timestamp="2025-07-16T18:05:40Z" user="MonteRosa1" uid="22220364">
  <nd ref="7517476306"/>
  <nd ref="7517476305"/>
  <nd ref="7517476304"/>
  <nd ref="6778964356"/>
  <nd ref="6778964376"/>
  <nd ref="6778964374"/>
  <nd ref="6778964372"/>
  <nd ref="6778964370"/>
  <nd ref="6778964369"/>
  <nd ref="6778964354"/>
  <nd ref="6778964368"/>
  <nd ref="6778964366"/>
  <nd ref="6778964367"/>
  <nd ref="6778964365"/>
  <nd ref="6778964364"/>
  <nd ref="6778964363"/>
  <nd ref="6778964362"/>
  <nd ref="6778964361"/>
  <tag k="highway" v="residential"/>
  <tag k="maxspeed" v="30"/>
  <tag k="name" v="Rua Agostinho Ferreira da Cunha"/>
  <tag k="oneway" v="yes"/>
  <tag k="surface" v="asphalt"/>
 </way>
 <way id="823927199" visible="true" version="1" changeset="87669471" timestamp="2020-07-07T18:26:59Z" user="DressyPear4" uid="3984659">
  <nd ref="7517476307"/>
  <nd ref="7517476306"/>
  <tag k="highway" v="residential"/>
  <tag k="maxspeed" v="30"/>
  <tag k="name" v="Rua Agostinho Ferreira da Cunha"/>
  <tag k="oneway" v="yes"/>
  <tag k="surface" v="asphalt"/>
 </way>
 <way id="823927201" visible="true" version="3" changeset="168975721" timestamp="2025-07-15T17:03:14Z" user="MonteRosa1" uid="22220364">
  <nd ref="6778964361"/>
  <nd ref="4423880242"/>
  <tag k="highway" v="tertiary"/>
  <tag k="surface" v="asphalt"/>
 </way>
 <way id="823927204" visible="true" version="2" changeset="173672006" timestamp="2025-10-23T12:31:48Z" user="DressyPear4" uid="3984659">
  <nd ref="13252015534"/>
  <nd ref="7796605137"/>
  <nd ref="7800027778"/>
  <nd ref="13252015521"/>
  <nd ref="7692668443"/>
  <nd ref="7692668440"/>
  <nd ref="7692668442"/>
  <nd ref="7692668441"/>
  <tag k="highway" v="residential"/>
 </way>
 <way id="823927205" visible="true" version="5" changeset="168975721" timestamp="2025-07-15T17:03:14Z" user="MonteRosa1" uid="22220364">
  <nd ref="4423880242"/>
  <nd ref="7796591398"/>
  <tag k="highway" v="tertiary"/>
  <tag k="surface" v="unpaved"/>
 </way>
 <way id="823927206" visible="true" version="5" changeset="130606337" timestamp="2022-12-28T15:00:07Z" user="Raphaelkaart" uid="12468685">
  <nd ref="4423881591"/>
  <nd ref="7796608139"/>
  <nd ref="7796608138"/>
  <nd ref="4423880244"/>
  <nd ref="4423880252"/>
  <nd ref="10291485167"/>
  <nd ref="4423880253"/>
  <nd ref="4423880254"/>
  <nd ref="4423880255"/>
  <nd ref="4423880256"/>
  <nd ref="4423880257"/>
  <nd ref="4423880258"/>
  <nd ref="7796608137"/>
  <nd ref="4423880259"/>
  <nd ref="4423880260"/>
  <nd ref="4423880261"/>
  <nd ref="4423880262"/>
  <nd ref="4423880263"/>
  <nd ref="10291512413"/>
  <nd ref="7800027728"/>
  <nd ref="7800027729"/>
  <nd ref="7800027731"/>
  <nd ref="7800027730"/>
  <nd ref="7800027732"/>
  <nd ref="7800027733"/>
  <nd ref="7800027734"/>
  <nd ref="7800027735"/>
  <nd ref="7800027736"/>
  <nd ref="7800027769"/>
  <nd ref="7800027741"/>
  <nd ref="7800027740"/>
  <nd ref="7800027737"/>
  <nd ref="7800027738"/>
  <nd ref="7800027739"/>
  <nd ref="7800027768"/>
  <nd ref="7800027745"/>
  <nd ref="7800027742"/>
  <nd ref="7800027743"/>
  <nd ref="7800027744"/>
  <nd ref="7800027746"/>
  <nd ref="7800027747"/>
  <nd ref="7800027748"/>
  <nd ref="7800027749"/>
  <nd ref="7800027750"/>
  <nd ref="7800027767"/>
  <nd ref="7800027751"/>
  <nd ref="7800027753"/>
  <nd ref="7800027752"/>
  <nd ref="7800027754"/>
  <nd ref="7800027756"/>
  <nd ref="7800027755"/>
  <nd ref="7800027757"/>
  <nd ref="7800027759"/>
  <nd ref="7800027766"/>
  <nd ref="7800027758"/>
  <nd ref="7800027760"/>
  <nd ref="7800027761"/>
  <nd ref="7800027765"/>
  <nd ref="7800027762"/>
  <nd ref="7800027763"/>
  <nd ref="7800027764"/>
  <tag k="highway" v="unclassified"/>
  <tag k="surface" v="unpaved"/>
 </way>
 <way id="823927207" visible="true" version="1" changeset="87669471" timestamp="2020-07-07T18:26:59Z" user="DressyPear4" uid="3984659">
  <nd ref="7692668455"/>
  <nd ref="7692668454"/>
  <nd ref="7692668453"/>
  <nd ref="7692668452"/>
  <tag k="highway" v="residential"/>
 </way>
 <way id="823927208" visible="true" version="3" changeset="146290512" timestamp="2024-01-15T16:57:29Z" user="ProjetoMapeia" uid="11455881">
  <nd ref="6778964336"/>
  <nd ref="7692668456"/>
  <tag k="highway" v="residential"/>
  <tag k="name" v="Rua Olanda"/>
 </way>
 <way id="823927209" visible="true" version="2" changeset="130600885" timestamp="2022-12-28T13:04:17Z" user="Raphaelkaart" uid="12468685">
  <nd ref="4423880224"/>
  <nd ref="4423880225"/>
  <nd ref="6778964339"/>
  <nd ref="4423880238"/>
  <nd ref="7692623280"/>
  <tag k="highway" v="residential"/>
  <tag k="name" v="Rua Catarina Maria Ferreira da Cunha"/>
  <tag k="surface" v="paved"/>
 </way>
 <way id="823927211" visible="true" version="2" changeset="130609178" timestamp="2022-12-28T16:12:22Z" user="Raphaelkaart" uid="12468685">
  <nd ref="3621099960"/>
  <nd ref="10291620697"/>
  <nd ref="3621099942"/>
  <nd ref="3621099943"/>
  <tag k="highway" v="residential"/>
  <tag k="oneway" v="yes"/>
 </way>
 <way id="823927212" visible="true" version="1" changeset="87669471" timestamp="2020-07-07T18:26:59Z" user="DressyPear4" uid="3984659">
  <nd ref="6778964308"/>
  <nd ref="6778964309"/>
  <tag k="highway" v="residential"/>
 </way>
 <way id="835265316" visible="true" version="2" changeset="130601497" timestamp="2022-12-28T13:17:48Z" user="Raphaelkaart" uid="12468685">
  <nd ref="4053250160"/>
  <nd ref="4053250163"/>
  <nd ref="4053250164"/>
  <tag k="highway" v="residential"/>
  <tag k="name" v="Rua José Ferreira Neto"/>
  <tag k="surface" v="paved"/>
 </way>
 <way id="835660784" visible="true" version="3" changeset="130608764" timestamp="2022-12-28T16:00:57Z" user="Raphaelkaart" uid="12468685">
  <nd ref="7800027727"/>
  <nd ref="7800027726"/>
  <nd ref="7800027717"/>
  <nd ref="7800027716"/>
  <nd ref="7800027718"/>
  <nd ref="7800027719"/>
  <nd ref="10291556197"/>
  <nd ref="7800027720"/>
  <nd ref="7800027725"/>
  <nd ref="7800027721"/>
  <nd ref="10291556198"/>
  <nd ref="10291556187"/>
  <nd ref="7800027715"/>
  <nd ref="7800027724"/>
  <nd ref="7800027723"/>
  <nd ref="7800027713"/>
  <nd ref="7800027712"/>
  <nd ref="7800027714"/>
  <nd ref="7800027722"/>
  <tag k="highway" v="track"/>
 </way>
 <way id="835660785" visible="true" version="2" changeset="173672006" timestamp="2025-10-23T12:31:48Z" user="DressyPear4" uid="3984659">
  <nd ref="7796559467"/>
  <nd ref="7800027774"/>
  <nd ref="7800027778"/>
  <nd ref="7800027776"/>
  <nd ref="7800027777"/>
  <nd ref="7800027775"/>
  <nd ref="13252015535"/>
  <nd ref="13252015530"/>
  <nd ref="4423880252"/>
  <tag k="highway" v="residential"/>
 </way>
 <way id="835762416" visible="true" version="1" changeset="89198363" timestamp="2020-08-10T12:05:23Z" user="NorthwestPassage" uid="10409507">
  <nd ref="3621056756"/>
  <nd ref="7800973676"/>
  <tag k="highway" v="tertiary"/>
  <tag k="maxspeed" v="40"/>
  <tag k="name" v="Rua Antônio Rezende"/>
  <tag k="oneway" v="yes"/>
  <tag k="surface" v="asphalt"/>
 </way>
 <way id="835762417" visible="true" version="1" changeset="89198363" timestamp="2020-08-10T12:05:23Z" user="NorthwestPassage" uid="10409507">
  <nd ref="7800973676"/>
  <nd ref="7796596192"/>
  <tag k="highway" v="tertiary"/>
  <tag k="maxspeed" v="40"/>
  <tag k="name" v="Rua Antônio Rezende"/>
  <tag k="oneway" v="yes"/>
  <tag k="surface" v="asphalt"/>
 </way>
 <way id="835767890" visible="true" version="3" changeset="130609178" timestamp="2022-12-28T16:12:22Z" user="Raphaelkaart" uid="12468685">
  <nd ref="3878972886"/>
  <nd ref="7801038914"/>
  <nd ref="7801038890"/>
  <nd ref="7889124422"/>
  <nd ref="7801038913"/>
  <nd ref="7801038912"/>
  <nd ref="7801038911"/>
  <nd ref="7889124423"/>
  <nd ref="7801038910"/>
  <nd ref="7889124424"/>
  <nd ref="7801038909"/>
  <nd ref="7889124425"/>
  <nd ref="7801038908"/>
  <nd ref="7889124426"/>
  <nd ref="7801038889"/>
  <nd ref="7801038907"/>
  <nd ref="7801038888"/>
  <nd ref="7801038906"/>
  <nd ref="7801038885"/>
  <nd ref="7801038886"/>
  <nd ref="7801038905"/>
  <nd ref="7801038887"/>
  <nd ref="7801038904"/>
  <nd ref="7801031184"/>
  <nd ref="7801031183"/>
  <nd ref="7801031182"/>
  <nd ref="7801038903"/>
  <nd ref="7801031181"/>
  <nd ref="7801031180"/>
  <nd ref="7801031178"/>
  <nd ref="7801038902"/>
  <nd ref="7801031179"/>
  <nd ref="7801031177"/>
  <nd ref="7801031176"/>
  <nd ref="7801031144"/>
  <nd ref="7801038901"/>
  <nd ref="7801031143"/>
  <nd ref="7801031161"/>
  <nd ref="7801031175"/>
  <nd ref="7801031174"/>
  <nd ref="7801031173"/>
  <nd ref="7801031170"/>
  <nd ref="7801038900"/>
  <nd ref="7801031171"/>
  <nd ref="7801031172"/>
  <nd ref="7801031169"/>
  <nd ref="7801031168"/>
  <nd ref="7801031167"/>
  <nd ref="7801031166"/>
  <nd ref="7801031165"/>
  <nd ref="7801038899"/>
  <nd ref="7801031162"/>
  <nd ref="7801031163"/>
  <nd ref="7801031164"/>
  <nd ref="7801038898"/>
  <tag k="highway" v="unclassified"/>
  <tag k="surface" v="unpaved"/>
 </way>
 <way id="835776228" visible="true" version="2" changeset="130608674" timestamp="2022-12-28T15:58:19Z" user="Raphaelkaart" uid="12468685">
  <nd ref="7801049471"/>
  <nd ref="7801049470"/>
  <tag k="highway" v="residential"/>
  <tag k="name" v="Praça da Amizade"/>
 </way>
 <way id="838068728" visible="true" version="1" changeset="89553695" timestamp="2020-08-18T06:29:02Z" user="NorthwestPassage" uid="10409507">
  <nd ref="3621056775"/>
  <nd ref="7821961063"/>
  <nd ref="3621100074"/>
  <nd ref="3621100052"/>
  <tag k="highway" v="residential"/>
  <tag k="name" v="Rua Almeida Júnior"/>
  <tag k="oneway" v="yes"/>
 </way>
 <way id="838068729" visible="true" version="1" changeset="89553695" timestamp="2020-08-18T06:29:02Z" user="NorthwestPassage" uid="10409507">
  <nd ref="3621100051"/>
  <nd ref="3621100049"/>
  <nd ref="7821961064"/>
  <nd ref="3621056774"/>
  <tag k="highway" v="residential"/>
  <tag k="name" v="Rua Professor Orestes"/>
  <tag k="oneway" v="yes"/>
 </way>
 <way id="838068730" visible="true" version="2" changeset="155241228" timestamp="2024-08-14T13:28:18Z" user="Solheimajokull" uid="10334725">
  <nd ref="3621056774"/>
  <nd ref="3621100082"/>
  <nd ref="3621100155"/>
  <nd ref="3621100081"/>
  <nd ref="3621100080"/>
  <tag k="highway" v="residential"/>
  <tag k="name" v="Rua Professor Orestes"/>
  <tag k="oneway" v="yes"/>
 </way>
 <way id="838413207" visible="true" version="2" changeset="130612692" timestamp="2022-12-28T17:48:34Z" user="Raphaelkaart" uid="12468685">
  <nd ref="3621100056"/>
  <nd ref="4053224827"/>
  <nd ref="3621100037"/>
  <tag k="highway" v="residential"/>
  <tag k="name" v="Rua Professor Candido Menezes"/>
 </way>
 <way id="838426136" visible="true" version="5" changeset="177996018" timestamp="2026-02-02T08:40:32Z" user="LakeVan" uid="22315977">
  <nd ref="13518891691"/>
  <nd ref="7888839518"/>
  <nd ref="3878972895"/>
  <nd ref="7651047948"/>
  <nd ref="7651047947"/>
  <nd ref="1420905190"/>
  <nd ref="7651047946"/>
  <nd ref="7651047945"/>
  <nd ref="3878972896"/>
  <nd ref="7651047944"/>
  <nd ref="7651047943"/>
  <nd ref="7651151352"/>
  <nd ref="3878972897"/>
  <nd ref="7651047942"/>
  <nd ref="7651047941"/>
  <nd ref="3878972898"/>
  <nd ref="7651047940"/>
  <nd ref="1420905179"/>
  <nd ref="7651228803"/>
  <nd ref="7651151308"/>
  <nd ref="7651047939"/>
  <nd ref="7651047938"/>
  <nd ref="7651228793"/>
  <nd ref="7517234458"/>
  <nd ref="7651047937"/>
  <nd ref="1420905147"/>
  <nd ref="7651047936"/>
  <nd ref="7651047935"/>
  <nd ref="3878972899"/>
  <nd ref="7651047934"/>
  <nd ref="3878972900"/>
  <nd ref="7651047933"/>
  <nd ref="7651047932"/>
  <nd ref="3878972901"/>
  <nd ref="7651047931"/>
  <nd ref="7651118679"/>
  <nd ref="7651047930"/>
  <nd ref="7651047929"/>
  <nd ref="1420905171"/>
  <nd ref="7651269266"/>
  <nd ref="5081560329"/>
  <nd ref="7651047919"/>
  <nd ref="7651337600"/>
  <nd ref="5081560334"/>
  <tag k="highway" v="trunk"/>
  <tag k="IBGE:CD_ADMINIS" v="federal"/>
  <tag k="maxspeed" v="80"/>
  <tag k="ref" v="BR-452"/>
  <tag k="source" v="IBGE, Uploaded GPX data"/>
  <tag k="surface" v="paved"/>
 </way>
 <way id="838509301" visible="true" version="1" changeset="89626250" timestamp="2020-08-19T10:16:12Z" user="NorthwestPassage" uid="10409507">
  <nd ref="3621100056"/>
  <nd ref="3621100071"/>
  <tag k="highway" v="residential"/>
 </way>
 <way id="839372164" visible="true" version="2" changeset="90615668" timestamp="2020-09-09T04:18:05Z" user="LaFloresta" uid="10529535">
  <nd ref="3621056778"/>
  <nd ref="3878972883"/>
  <nd ref="7888839532"/>
  <nd ref="3878972884"/>
  <nd ref="3621056779"/>
  <nd ref="3621056780"/>
  <nd ref="7888839533"/>
  <nd ref="3878972885"/>
  <nd ref="3878972886"/>
  <nd ref="7888839534"/>
  <nd ref="3621056781"/>
  <nd ref="3621056782"/>
  <nd ref="7888839535"/>
  <nd ref="3621056783"/>
  <nd ref="1420905156"/>
  <tag k="highway" v="tertiary"/>
  <tag k="incorrect:junction" v="roundabout"/>
  <tag k="junction" v="circular"/>
  <tag k="maxspeed" v="30"/>
  <tag k="oneway" v="yes"/>
  <tag k="surface" v="asphalt"/>
 </way>
 <way id="839372165" visible="true" version="1" changeset="89753218" timestamp="2020-08-21T15:18:46Z" user="kaartense" uid="10292935">
  <nd ref="3621056778"/>
  <nd ref="3621056770"/>
  <tag k="highway" v="trunk"/>
  <tag k="IBGE:CD_ADMINIS" v="federal"/>
  <tag k="maxspeed" v="80"/>
  <tag k="ref" v="BR-452"/>
  <tag k="source" v="IBGE, Uploaded GPX data"/>
  <tag k="surface" v="paved"/>
 </way>
 <way id="839372166" visible="true" version="1" changeset="89753218" timestamp="2020-08-21T15:18:46Z" user="kaartense" uid="10292935">
  <nd ref="1420905156"/>
  <nd ref="3621056778"/>
  <tag k="highway" v="trunk"/>
  <tag k="IBGE:CD_ADMINIS" v="federal"/>
  <tag k="maxspeed" v="80"/>
  <tag k="ref" v="BR-452"/>
  <tag k="source" v="IBGE, Uploaded GPX data"/>
  <tag k="surface" v="paved"/>
 </way>
 <way id="839372167" visible="true" version="1" changeset="89753218" timestamp="2020-08-21T15:18:46Z" user="kaartense" uid="10292935">
  <nd ref="3621056787"/>
  <nd ref="1420905156"/>
  <tag k="highway" v="trunk"/>
  <tag k="IBGE:CD_ADMINIS" v="federal"/>
  <tag k="maxspeed" v="80"/>
  <tag k="ref" v="BR-452"/>
  <tag k="source" v="IBGE, Uploaded GPX data"/>
  <tag k="surface" v="paved"/>
 </way>
 <way id="839372168" visible="true" version="2" changeset="130609178" timestamp="2022-12-28T16:12:22Z" user="Raphaelkaart" uid="12468685">
  <nd ref="5081560343"/>
  <nd ref="7801003369"/>
  <nd ref="5081560338"/>
  <nd ref="7800030888"/>
  <nd ref="7796559464"/>
  <nd ref="10291644817"/>
  <nd ref="7796559465"/>
  <nd ref="1420905174"/>
  <nd ref="4053251200"/>
  <nd ref="3621056741"/>
  <nd ref="7796559463"/>
  <nd ref="1420905176"/>
  <nd ref="3621056787"/>
  <tag k="highway" v="trunk"/>
  <tag k="IBGE:CD_ADMINIS" v="federal"/>
  <tag k="maxspeed" v="80"/>
  <tag k="ref" v="BR-452"/>
  <tag k="source" v="IBGE, Uploaded GPX data"/>
  <tag k="surface" v="paved"/>
 </way>
 <way id="845567005" visible="true" version="1" changeset="90615668" timestamp="2020-09-09T04:18:05Z" user="LaFloresta" uid="10529535">
  <nd ref="7888839529"/>
  <nd ref="7888839528"/>
  <nd ref="7888839527"/>
  <nd ref="7888839526"/>
  <nd ref="7888839525"/>
  <nd ref="7888839524"/>
  <tag k="highway" v="trunk_link"/>
  <tag k="oneway" v="yes"/>
 </way>
 <way id="845569278" visible="true" version="3" changeset="102053458" timestamp="2021-03-31T11:51:22Z" user="Raphaelkaart" uid="12468685">
  <nd ref="3621056934"/>
  <nd ref="3621056935"/>
  <nd ref="7888903862"/>
  <nd ref="3621056936"/>
  <nd ref="3621056937"/>
  <nd ref="3621056938"/>
  <nd ref="7888903863"/>
  <nd ref="3621056939"/>
  <nd ref="3621056940"/>
  <nd ref="7888903864"/>
  <nd ref="3621056914"/>
  <tag k="highway" v="tertiary"/>
  <tag k="maxspeed" v="20"/>
  <tag k="name" v="Avenida Joaquim Honório da Silva"/>
  <tag k="oneway" v="yes"/>
 </way>
 <way id="845569279" visible="true" version="1" changeset="90616376" timestamp="2020-09-09T04:33:02Z" user="LaFloresta" uid="10529535">
  <nd ref="3621056916"/>
  <nd ref="3621056906"/>
  <tag k="highway" v="residential"/>
 </way>
 <way id="845569280" visible="true" version="1" changeset="90616376" timestamp="2020-09-09T04:33:02Z" user="LaFloresta" uid="10529535">
  <nd ref="7888864324"/>
  <nd ref="7888864323"/>
  <tag k="highway" v="tertiary_link"/>
 </way>
 <way id="845569281" visible="true" version="1" changeset="90616376" timestamp="2020-09-09T04:33:02Z" user="LaFloresta" uid="10529535">
  <nd ref="7888864328"/>
  <nd ref="3621056926"/>
  <tag k="highway" v="residential"/>
 </way>
 <way id="845574310" visible="true" version="2" changeset="174318792" timestamp="2025-11-07T06:49:52Z" user="ShashiRiver" uid="22557307">
  <nd ref="7888903842"/>
  <nd ref="7888903841"/>
  <tag k="highway" v="service"/>
 </way>
 <way id="845574311" visible="true" version="4" changeset="174318792" timestamp="2025-11-07T06:49:52Z" user="ShashiRiver" uid="22557307">
  <nd ref="6778964298"/>
  <nd ref="7888903847"/>
  <nd ref="13286700312"/>
  <nd ref="13286700311"/>
  <nd ref="13286700313"/>
  <nd ref="7889007197"/>
  <nd ref="7888903845"/>
  <nd ref="13286683172"/>
  <tag k="highway" v="residential"/>
 </way>
 <way id="845576474" visible="true" version="1" changeset="90618005" timestamp="2020-09-09T05:08:14Z" user="LaFloresta" uid="10529535">
  <nd ref="7888940467"/>
  <nd ref="7888940466"/>
  <tag k="highway" v="service"/>
 </way>
 <way id="845581024" visible="true" version="2" changeset="90626112" timestamp="2020-09-09T07:15:46Z" user="LaFloresta" uid="10529535">
  <nd ref="7889003838"/>
  <nd ref="7889003837"/>
  <nd ref="7889003836"/>
  <nd ref="7889003835"/>
  <nd ref="7889003834"/>
  <nd ref="7889003833"/>
  <nd ref="7889003832"/>
  <nd ref="7889003831"/>
  <nd ref="7889003830"/>
  <nd ref="7889003824"/>
  <nd ref="7889003829"/>
  <nd ref="7889003828"/>
  <nd ref="7889003827"/>
  <nd ref="7889003825"/>
  <nd ref="7889003826"/>
  <nd ref="7889261142"/>
  <nd ref="7888903860"/>
  <tag k="highway" v="service"/>
 </way>
 <way id="845581025" visible="true" version="2" changeset="177996018" timestamp="2026-02-02T08:40:32Z" user="LakeVan" uid="22315977">
  <nd ref="3621056951"/>
  <nd ref="7889003840"/>
  <nd ref="7889003839"/>
  <nd ref="7889003838"/>
  <nd ref="3621056954"/>
  <nd ref="13518891692"/>
  <tag k="highway" v="service"/>
 </way>
 <way id="845581026" visible="true" version="1" changeset="90619507" timestamp="2020-09-09T05:35:33Z" user="LaFloresta" uid="10529535">
  <nd ref="7889007192"/>
  <nd ref="7889003858"/>
  <nd ref="7889003857"/>
  <nd ref="7889003859"/>
  <nd ref="7889003860"/>
  <nd ref="7889003861"/>
  <nd ref="7889003853"/>
  <nd ref="7889003854"/>
  <nd ref="7889003855"/>
  <nd ref="7889003856"/>
  <nd ref="7889003869"/>
  <nd ref="7889003852"/>
  <nd ref="7889003851"/>
  <nd ref="7889003850"/>
  <nd ref="7889003849"/>
  <nd ref="7889003848"/>
  <nd ref="7889003847"/>
  <nd ref="7889003846"/>
  <nd ref="7889003868"/>
  <nd ref="7889003862"/>
  <nd ref="7889003845"/>
  <nd ref="7889003844"/>
  <nd ref="7889003867"/>
  <nd ref="7889003863"/>
  <nd ref="7889003866"/>
  <nd ref="7889003865"/>
  <nd ref="7889003864"/>
  <nd ref="7889003883"/>
  <tag k="highway" v="service"/>
 </way>
 <way id="845581027" visible="true" version="1" changeset="90619507" timestamp="2020-09-09T05:35:33Z" user="LaFloresta" uid="10529535">
  <nd ref="7889007195"/>
  <nd ref="7889003870"/>
  <nd ref="7889003871"/>
  <nd ref="7889003872"/>
  <nd ref="7889003873"/>
  <nd ref="7889003874"/>
  <nd ref="7889003875"/>
  <nd ref="7889003876"/>
  <nd ref="7889003877"/>
  <nd ref="7889003878"/>
  <nd ref="7889007194"/>
  <nd ref="7889003879"/>
  <nd ref="7889003880"/>
  <nd ref="7889003881"/>
  <nd ref="7889003882"/>
  <nd ref="7889003883"/>
  <nd ref="7889003884"/>
  <nd ref="7889007185"/>
  <nd ref="7889007186"/>
  <nd ref="7889007187"/>
  <nd ref="7889007188"/>
  <nd ref="7889007189"/>
  <nd ref="7889007190"/>
  <nd ref="7889007191"/>
  <nd ref="7889007192"/>
  <nd ref="7889007193"/>
  <nd ref="3621056955"/>
  <tag k="highway" v="service"/>
 </way>
 <way id="845581028" visible="true" version="1" changeset="90619507" timestamp="2020-09-09T05:35:33Z" user="LaFloresta" uid="10529535">
  <nd ref="7889007196"/>
  <nd ref="6778964296"/>
  <tag k="highway" v="residential"/>
 </way>
 <way id="845581029" visible="true" version="2" changeset="174318723" timestamp="2025-11-07T06:47:20Z" user="ShashiRiver" uid="22557307">
  <nd ref="7889007196"/>
  <nd ref="7889007197"/>
  <nd ref="6778964297"/>
  <tag k="highway" v="residential"/>
 </way>
 <way id="845581788" visible="true" version="3" changeset="90621478" timestamp="2020-09-09T06:07:07Z" user="LaFloresta" uid="10529535">
  <nd ref="7561645449"/>
  <nd ref="7889017392"/>
  <nd ref="7889017391"/>
  <nd ref="7889017390"/>
  <nd ref="7889017389"/>
  <nd ref="7889017388"/>
  <nd ref="7889017387"/>
  <nd ref="7889017386"/>
  <nd ref="7889017385"/>
  <nd ref="7888989984"/>
  <nd ref="7888989983"/>
  <nd ref="7888989982"/>
  <nd ref="7888989981"/>
  <nd ref="7888989980"/>
  <nd ref="7888989979"/>
  <nd ref="7888989978"/>
  <nd ref="7888989977"/>
  <nd ref="7888989976"/>
  <nd ref="7888989975"/>
  <nd ref="7888989974"/>
  <nd ref="7888989973"/>
  <nd ref="7888989972"/>
  <nd ref="7888989971"/>
  <nd ref="7888989970"/>
  <nd ref="7888989969"/>
  <nd ref="7888989968"/>
  <nd ref="7888989967"/>
  <nd ref="7888989965"/>
  <nd ref="7888989966"/>
  <nd ref="7888989964"/>
  <nd ref="7888989963"/>
  <nd ref="7888989962"/>
  <nd ref="7889063270"/>
  <nd ref="7889063272"/>
  <nd ref="7888989961"/>
  <nd ref="7888989960"/>
  <nd ref="7888989959"/>
  <nd ref="7888989958"/>
  <nd ref="7888989957"/>
  <nd ref="7888989956"/>
  <nd ref="7888989955"/>
  <nd ref="7888989954"/>
  <nd ref="7888989953"/>
  <nd ref="7888989952"/>
  <nd ref="7888989951"/>
  <nd ref="7888989950"/>
  <nd ref="7888989949"/>
  <nd ref="7888989948"/>
  <nd ref="7888989947"/>
  <nd ref="7888989946"/>
  <nd ref="7888989944"/>
  <nd ref="7888989945"/>
  <nd ref="7888989943"/>
  <nd ref="7888989942"/>
  <nd ref="7888989941"/>
  <nd ref="7888989940"/>
  <nd ref="7889050845"/>
  <nd ref="7889050795"/>
  <nd ref="7888989939"/>
  <nd ref="7888989938"/>
  <nd ref="7692140695"/>
  <tag k="highway" v="unclassified"/>
 </way>
 <way id="845582787" visible="true" version="1" changeset="90620187" timestamp="2020-09-09T05:47:25Z" user="LaFloresta" uid="10529535">
  <nd ref="7889032605"/>
  <nd ref="7889032602"/>
  <nd ref="7889032601"/>
  <nd ref="7889032600"/>
  <nd ref="7889032603"/>
  <nd ref="7889032599"/>
  <nd ref="7889032598"/>
  <nd ref="7889032597"/>
  <nd ref="7889032596"/>
  <nd ref="7889032595"/>
  <nd ref="7889032594"/>
  <nd ref="7889032593"/>
  <nd ref="7889032592"/>
  <nd ref="7889032591"/>
  <nd ref="7889032590"/>
  <nd ref="7889032589"/>
  <nd ref="7889032588"/>
  <nd ref="7889032587"/>
  <nd ref="7889032586"/>
  <nd ref="7889032585"/>
  <nd ref="7889025684"/>
  <nd ref="7889025683"/>
  <nd ref="7889025682"/>
  <nd ref="7889025681"/>
  <nd ref="7889025679"/>
  <nd ref="7889025680"/>
  <nd ref="7889025678"/>
  <nd ref="7889025677"/>
  <nd ref="7889025676"/>
  <nd ref="7889025675"/>
  <nd ref="7889025674"/>
  <nd ref="7889025673"/>
  <nd ref="7889025672"/>
  <nd ref="7889025671"/>
  <nd ref="7889025670"/>
  <nd ref="7889025669"/>
  <nd ref="7889025668"/>
  <nd ref="7889025667"/>
  <nd ref="7889025666"/>
  <nd ref="7889025665"/>
  <nd ref="7889025664"/>
  <nd ref="7889025663"/>
  <nd ref="7889025662"/>
  <nd ref="7889025661"/>
  <nd ref="7889032604"/>
  <tag k="highway" v="unclassified"/>
 </way>
 <way id="845582792" visible="true" version="1" changeset="90620187" timestamp="2020-09-09T05:47:25Z" user="LaFloresta" uid="10529535">
  <nd ref="7889032682"/>
  <nd ref="7889032681"/>
  <nd ref="7889032680"/>
  <nd ref="7889032679"/>
  <nd ref="7889032678"/>
  <nd ref="7889032677"/>
  <nd ref="7889032676"/>
  <nd ref="7889032675"/>
  <nd ref="7889032663"/>
  <nd ref="7889032662"/>
  <nd ref="7889032661"/>
  <nd ref="7889032660"/>
  <nd ref="7889032659"/>
  <nd ref="7889032658"/>
  <nd ref="7889032657"/>
  <nd ref="7889032656"/>
  <nd ref="7889032655"/>
  <nd ref="7889032654"/>
  <nd ref="7889032653"/>
  <nd ref="7889032652"/>
  <nd ref="7889032651"/>
  <nd ref="7889032608"/>
  <nd ref="7889032609"/>
  <nd ref="7889032650"/>
  <nd ref="7889032649"/>
  <nd ref="7889032648"/>
  <nd ref="7889032647"/>
  <nd ref="7889032646"/>
  <nd ref="7889032645"/>
  <nd ref="7889032644"/>
  <nd ref="7889032643"/>
  <nd ref="7889032642"/>
  <nd ref="7889032641"/>
  <nd ref="7889032640"/>
  <nd ref="7889032639"/>
  <nd ref="7889032638"/>
  <nd ref="7889032636"/>
  <nd ref="7889032637"/>
  <nd ref="7889032635"/>
  <nd ref="7889032634"/>
  <nd ref="7889032633"/>
  <nd ref="7889032632"/>
  <nd ref="7889032631"/>
  <nd ref="7889032630"/>
  <nd ref="7889032629"/>
  <nd ref="7889032604"/>
  <nd ref="7889032628"/>
  <nd ref="7692140695"/>
  <tag k="highway" v="unclassified"/>
 </way>
 <way id="845584489" visible="true" version="1" changeset="90620743" timestamp="2020-09-09T05:55:50Z" user="LaFloresta" uid="10529535">
  <nd ref="7889050795"/>
  <nd ref="7889050794"/>
  <nd ref="7889050793"/>
  <nd ref="7889050792"/>
  <nd ref="7889050791"/>
  <nd ref="7889050790"/>
  <nd ref="7889050789"/>
  <nd ref="7889050788"/>
  <nd ref="7889016766"/>
  <nd ref="7889016767"/>
  <nd ref="7889016768"/>
  <nd ref="7889016769"/>
  <nd ref="7889016770"/>
  <nd ref="7889016771"/>
  <nd ref="7889016773"/>
  <nd ref="7889016772"/>
  <nd ref="7889016778"/>
  <nd ref="7889016777"/>
  <nd ref="7889016776"/>
  <nd ref="7889016775"/>
  <nd ref="7889016774"/>
  <nd ref="7889016779"/>
  <nd ref="7889016780"/>
  <nd ref="7889016781"/>
  <nd ref="7889016782"/>
  <nd ref="7889016783"/>
  <nd ref="7889016784"/>
  <nd ref="7889050785"/>
  <nd ref="7889050786"/>
  <nd ref="7889016751"/>
  <nd ref="7889016752"/>
  <nd ref="7889016753"/>
  <nd ref="7889016754"/>
  <nd ref="7889016755"/>
  <nd ref="7889016756"/>
  <nd ref="7889016757"/>
  <nd ref="7889016758"/>
  <nd ref="7889016759"/>
  <nd ref="7889016760"/>
  <nd ref="7889016761"/>
  <nd ref="7889016762"/>
  <nd ref="7889016764"/>
  <nd ref="7889016763"/>
  <nd ref="7889016765"/>
  <nd ref="7889016744"/>
  <nd ref="7889016745"/>
  <nd ref="7889016746"/>
  <nd ref="7889016747"/>
  <nd ref="7889016748"/>
  <nd ref="7889016749"/>
  <nd ref="7889016750"/>
  <nd ref="7889016743"/>
  <nd ref="7889016742"/>
  <nd ref="7889016741"/>
  <nd ref="7889016740"/>
  <nd ref="7889016739"/>
  <nd ref="7889050787"/>
  <tag k="highway" v="service"/>
 </way>
 <way id="845599791" visible="true" version="1" changeset="90625111" timestamp="2020-09-09T07:00:18Z" user="LaFloresta" uid="10529535">
  <nd ref="7889202415"/>
  <nd ref="7889202393"/>
  <nd ref="7889202394"/>
  <nd ref="7889202395"/>
  <nd ref="7889202396"/>
  <nd ref="7889202397"/>
  <nd ref="7889202401"/>
  <nd ref="7889202400"/>
  <nd ref="7889202399"/>
  <nd ref="7889202406"/>
  <nd ref="7889202405"/>
  <nd ref="7889202398"/>
  <nd ref="7889202404"/>
  <nd ref="7889202403"/>
  <nd ref="7889202402"/>
  <nd ref="7889202407"/>
  <nd ref="7889202408"/>
  <nd ref="7889202409"/>
  <nd ref="7889202416"/>
  <nd ref="7889202410"/>
  <nd ref="7889202411"/>
  <nd ref="7889202412"/>
  <nd ref="7889202413"/>
  <nd ref="7889202414"/>
  <tag k="highway" v="unclassified"/>
 </way>
 <way id="845599792" visible="true" version="1" changeset="90625111" timestamp="2020-09-09T07:00:18Z" user="LaFloresta" uid="10529535">
  <nd ref="7889202429"/>
  <nd ref="7889202428"/>
  <nd ref="7889202427"/>
  <nd ref="7889202426"/>
  <nd ref="7889202425"/>
  <nd ref="7889202424"/>
  <nd ref="7889202423"/>
  <nd ref="7889202422"/>
  <nd ref="7889202421"/>
  <nd ref="7889202420"/>
  <nd ref="7889202419"/>
  <nd ref="7889202418"/>
  <nd ref="7889202417"/>
  <nd ref="7889202416"/>
  <tag k="highway" v="service"/>
 </way>
 <way id="845601621" visible="true" version="1" changeset="90625541" timestamp="2020-09-09T07:06:56Z" user="LaFloresta" uid="10529535">
  <nd ref="7889234188"/>
  <nd ref="7889229064"/>
  <tag k="highway" v="unclassified"/>
 </way>
 <way id="845601622" visible="true" version="1" changeset="90625541" timestamp="2020-09-09T07:06:56Z" user="LaFloresta" uid="10529535">
  <nd ref="7889229063"/>
  <nd ref="7889229062"/>
  <nd ref="7889229061"/>
  <nd ref="7889229060"/>
  <nd ref="7889229059"/>
  <nd ref="7889229058"/>
  <nd ref="7889229057"/>
  <nd ref="7889229056"/>
  <nd ref="7889229065"/>
  <tag k="highway" v="service"/>
 </way>
 <way id="845601623" visible="true" version="1" changeset="90625541" timestamp="2020-09-09T07:06:56Z" user="LaFloresta" uid="10529535">
  <nd ref="7888839533"/>
  <nd ref="7889229068"/>
  <nd ref="7889229067"/>
  <nd ref="7889229066"/>
  <nd ref="7889229065"/>
  <nd ref="7889229064"/>
  <tag k="highway" v="unclassified"/>
 </way>
 <way id="845601624" visible="true" version="1" changeset="90625541" timestamp="2020-09-09T07:06:56Z" user="LaFloresta" uid="10529535">
  <nd ref="7889229071"/>
  <nd ref="7889229070"/>
  <nd ref="7889229069"/>
  <nd ref="7889229073"/>
  <tag k="highway" v="service"/>
 </way>
 <way id="845601625" visible="true" version="2" changeset="90634134" timestamp="2020-09-09T09:20:36Z" user="LaFloresta" uid="10529535">
  <nd ref="7889229064"/>
  <nd ref="7889234187"/>
  <nd ref="7889234186"/>
  <nd ref="7889229073"/>
  <nd ref="7889229072"/>
  <nd ref="7889229074"/>
  <nd ref="7889229077"/>
  <nd ref="7889229078"/>
  <nd ref="7889229079"/>
  <nd ref="7889229080"/>
  <nd ref="7889229075"/>
  <nd ref="7889229076"/>
  <nd ref="7889229081"/>
  <nd ref="7889630951"/>
  <nd ref="7889229082"/>
  <nd ref="7889229083"/>
  <nd ref="7889229084"/>
  <nd ref="7889630952"/>
  <nd ref="7889630953"/>
  <nd ref="7889630954"/>
  <nd ref="7889630955"/>
  <nd ref="7889630956"/>
  <nd ref="7889630958"/>
  <nd ref="7889630959"/>
  <nd ref="7889630960"/>
  <nd ref="7889630961"/>
  <nd ref="7889630957"/>
  <nd ref="7889630962"/>
  <nd ref="7889630963"/>
  <nd ref="7889630964"/>
  <nd ref="7889630965"/>
  <nd ref="7889630966"/>
  <nd ref="7889630967"/>
  <nd ref="7889630968"/>
  <nd ref="7889630969"/>
  <nd ref="7889630970"/>
  <nd ref="7889630971"/>
  <nd ref="7889630972"/>
  <nd ref="7889630973"/>
  <nd ref="7889234185"/>
  <tag k="highway" v="service"/>
 </way>
 <way id="845601626" visible="true" version="1" changeset="90625541" timestamp="2020-09-09T07:06:56Z" user="LaFloresta" uid="10529535">
  <nd ref="7889234200"/>
  <nd ref="7889234199"/>
  <nd ref="7889234198"/>
  <nd ref="7889234197"/>
  <nd ref="7889234196"/>
  <nd ref="7889234195"/>
  <nd ref="7889234194"/>
  <nd ref="7889234193"/>
  <nd ref="7889234192"/>
  <nd ref="7889234191"/>
  <nd ref="7889234190"/>
  <nd ref="7889234189"/>
  <tag k="highway" v="unclassified"/>
 </way>
 <way id="845601627" visible="true" version="1" changeset="90625541" timestamp="2020-09-09T07:06:56Z" user="LaFloresta" uid="10529535">
  <nd ref="7889234229"/>
  <nd ref="7889234228"/>
  <nd ref="7889234227"/>
  <nd ref="7889234226"/>
  <nd ref="7889234225"/>
  <nd ref="7889234224"/>
  <nd ref="7889234223"/>
  <nd ref="7889234222"/>
  <nd ref="7889234221"/>
  <nd ref="7889234220"/>
  <nd ref="7889234219"/>
  <nd ref="7889234218"/>
  <nd ref="7889234217"/>
  <nd ref="7889234216"/>
  <nd ref="7889234215"/>
  <nd ref="7889234214"/>
  <nd ref="7889234213"/>
  <nd ref="7889234212"/>
  <nd ref="7889234211"/>
  <nd ref="7889234209"/>
  <nd ref="7889234208"/>
  <nd ref="7889234201"/>
  <nd ref="7889234207"/>
  <nd ref="7889234206"/>
  <nd ref="7889234205"/>
  <nd ref="7889234189"/>
  <nd ref="7889234204"/>
  <nd ref="7889234203"/>
  <nd ref="7889234202"/>
  <nd ref="7889234210"/>
  <tag k="highway" v="unclassified"/>
 </way>
 <way id="845604281" visible="true" version="1" changeset="90626112" timestamp="2020-09-09T07:15:46Z" user="LaFloresta" uid="10529535">
  <nd ref="7889261156"/>
  <nd ref="7889261155"/>
  <nd ref="7889261154"/>
  <nd ref="7889261153"/>
  <nd ref="7889261152"/>
  <nd ref="7889261151"/>
  <nd ref="7889261150"/>
  <nd ref="7889261149"/>
  <nd ref="7889261148"/>
  <nd ref="7889261147"/>
  <nd ref="7889261146"/>
  <nd ref="7889261145"/>
  <nd ref="7889261144"/>
  <nd ref="7651337614"/>
  <tag k="highway" v="unclassified"/>
 </way>
 <way id="845623017" visible="true" version="2" changeset="130609692" timestamp="2022-12-28T16:25:10Z" user="Raphaelkaart" uid="12468685">
  <nd ref="4053224823"/>
  <nd ref="7889444168"/>
  <nd ref="7889444167"/>
  <nd ref="7889444166"/>
  <nd ref="7889444165"/>
  <nd ref="7889444161"/>
  <nd ref="7889444164"/>
  <nd ref="7889444162"/>
  <nd ref="7889444163"/>
  <tag k="highway" v="residential"/>
  <tag k="name" v="Avenida Bartolomeu de Castro"/>
 </way>
 <way id="845625400" visible="true" version="1" changeset="90630825" timestamp="2020-09-09T08:31:42Z" user="LaFloresta" uid="10529535">
  <nd ref="7889463571"/>
  <nd ref="7889463570"/>
  <tag k="highway" v="tertiary_link"/>
 </way>
 <way id="1121253651" visible="true" version="1" changeset="130004180" timestamp="2022-12-12T16:00:02Z" user="Linhares" uid="1310899">
  <nd ref="10255855372"/>
  <nd ref="10255855373"/>
  <nd ref="10255855374"/>
  <nd ref="10255855375"/>
  <nd ref="10255855376"/>
  <nd ref="10255855377"/>
  <nd ref="10255855378"/>
  <nd ref="10255855379"/>
  <nd ref="10255855380"/>
  <nd ref="10255855381"/>
  <nd ref="10255855382"/>
  <nd ref="10255855383"/>
  <nd ref="10255855384"/>
  <nd ref="10255855385"/>
  <nd ref="10255855386"/>
  <nd ref="10255855387"/>
  <nd ref="10255855388"/>
  <nd ref="10255855389"/>
  <nd ref="10255855390"/>
  <nd ref="10255855391"/>
  <nd ref="10255855392"/>
  <nd ref="10255855393"/>
  <nd ref="10255855394"/>
  <nd ref="10255855395"/>
  <nd ref="10255855396"/>
  <nd ref="10255855397"/>
  <nd ref="10255855398"/>
  <nd ref="10255855399"/>
  <nd ref="10255855400"/>
  <nd ref="10255855401"/>
  <nd ref="10255855402"/>
  <nd ref="10255855403"/>
  <nd ref="10255855404"/>
  <nd ref="10255855405"/>
  <nd ref="10255855406"/>
  <nd ref="10255855407"/>
  <nd ref="10255855408"/>
  <nd ref="10255859909"/>
  <nd ref="10255859910"/>
  <nd ref="10255859911"/>
  <nd ref="10255859912"/>
  <nd ref="10255859913"/>
  <nd ref="10255859914"/>
  <nd ref="10255859915"/>
  <nd ref="10255859916"/>
  <nd ref="10255859917"/>
  <nd ref="10255859918"/>
  <nd ref="10255859919"/>
  <nd ref="10255859920"/>
  <nd ref="10255859921"/>
  <nd ref="10255859922"/>
  <nd ref="10255859923"/>
  <nd ref="10255859924"/>
  <nd ref="10255859925"/>
  <nd ref="10255859926"/>
  <nd ref="10255859927"/>
  <nd ref="10255859928"/>
  <nd ref="10255859929"/>
  <nd ref="10255859930"/>
  <nd ref="10255859931"/>
  <nd ref="10255859932"/>
  <nd ref="10255859933"/>
  <nd ref="10255859934"/>
  <nd ref="10255859935"/>
  <nd ref="10255859936"/>
  <nd ref="10255859937"/>
  <nd ref="10255859938"/>
  <nd ref="10255859939"/>
  <nd ref="10255859940"/>
  <nd ref="10255859941"/>
  <nd ref="10255859942"/>
  <nd ref="10255859943"/>
  <nd ref="10255859944"/>
  <nd ref="10255859945"/>
  <nd ref="10255859946"/>
  <nd ref="10255859947"/>
  <nd ref="10255859948"/>
  <nd ref="10255859949"/>
  <nd ref="10255859950"/>
  <nd ref="10255859951"/>
  <nd ref="10255859952"/>
  <nd ref="10255859953"/>
  <nd ref="10255859954"/>
  <nd ref="10255859955"/>
  <nd ref="10255859956"/>
  <nd ref="10255859957"/>
  <nd ref="10255859958"/>
  <nd ref="10255859959"/>
  <nd ref="10255859960"/>
  <nd ref="10255859961"/>
  <nd ref="10255859962"/>
  <nd ref="10255859963"/>
  <nd ref="10255859964"/>
  <nd ref="10255859965"/>
  <nd ref="10255859966"/>
  <nd ref="10255859967"/>
  <nd ref="10255859968"/>
  <nd ref="10255859969"/>
  <nd ref="10255859970"/>
  <nd ref="10255859971"/>
  <nd ref="10255859972"/>
  <nd ref="10255859973"/>
  <nd ref="10255859974"/>
  <nd ref="10255859975"/>
  <nd ref="10255859976"/>
  <nd ref="10255859977"/>
  <nd ref="10255859978"/>
  <nd ref="10255859979"/>
  <nd ref="10255859980"/>
  <nd ref="10255859981"/>
  <nd ref="10255859982"/>
  <nd ref="10255859983"/>
  <nd ref="10255859984"/>
  <nd ref="10255859985"/>
  <nd ref="10255859986"/>
  <nd ref="10255859987"/>
  <nd ref="10255859988"/>
  <nd ref="10255859989"/>
  <nd ref="10255859990"/>
  <nd ref="10255859991"/>
  <nd ref="10255859992"/>
  <nd ref="10255859993"/>
  <nd ref="10255859994"/>
  <nd ref="10255859995"/>
  <nd ref="10255859996"/>
  <nd ref="10255859997"/>
  <nd ref="10255859998"/>
  <nd ref="10255859999"/>
  <nd ref="10255860000"/>
  <nd ref="10255860001"/>
  <nd ref="10255860002"/>
  <nd ref="10255860003"/>
  <nd ref="10255860004"/>
  <nd ref="10255860005"/>
  <nd ref="10255860006"/>
  <nd ref="10255860007"/>
  <nd ref="10255860008"/>
  <nd ref="10255860009"/>
  <nd ref="10255860010"/>
  <nd ref="10255860011"/>
  <nd ref="10255860012"/>
  <nd ref="10255860013"/>
  <nd ref="10255860014"/>
  <nd ref="10255860015"/>
  <nd ref="10255860016"/>
  <nd ref="10255860017"/>
  <nd ref="10255860018"/>
  <nd ref="10255860019"/>
  <nd ref="10255860020"/>
  <nd ref="10255860021"/>
  <nd ref="10255860022"/>
  <nd ref="10255860023"/>
  <nd ref="10255860024"/>
  <nd ref="10255860025"/>
  <nd ref="10255860026"/>
  <nd ref="10255860027"/>
  <nd ref="10255860028"/>
  <nd ref="10255860029"/>
  <nd ref="10255860030"/>
  <nd ref="10255860031"/>
  <nd ref="10255860032"/>
  <nd ref="10255860033"/>
  <nd ref="10255860034"/>
  <nd ref="10255860035"/>
  <nd ref="10255860036"/>
  <nd ref="10255860037"/>
  <nd ref="10255860038"/>
  <nd ref="10255860039"/>
  <nd ref="10255860040"/>
  <nd ref="10255860041"/>
  <nd ref="10255860042"/>
  <nd ref="10255860043"/>
  <nd ref="10255860044"/>
  <nd ref="10255860045"/>
  <nd ref="10255860046"/>
  <nd ref="10255860047"/>
  <nd ref="10255860048"/>
  <nd ref="10255860049"/>
  <nd ref="10255860050"/>
  <nd ref="10255860051"/>
  <nd ref="10255860052"/>
  <nd ref="10255860053"/>
  <nd ref="10255860054"/>
  <nd ref="10255860055"/>
  <nd ref="10255860056"/>
  <nd ref="10255860057"/>
  <nd ref="10255860058"/>
  <nd ref="10255860059"/>
  <nd ref="10255860060"/>
  <nd ref="10255860061"/>
  <nd ref="10255860062"/>
  <nd ref="10255860063"/>
  <nd ref="10255860064"/>
  <nd ref="10255860065"/>
  <nd ref="10255860066"/>
  <nd ref="10255860067"/>
  <nd ref="10255860068"/>
  <nd ref="10255860069"/>
  <nd ref="10255860070"/>
  <nd ref="10255860071"/>
  <nd ref="10255860072"/>
  <nd ref="10255860073"/>
  <nd ref="10255860074"/>
  <nd ref="10255860075"/>
  <nd ref="10255860076"/>
  <nd ref="10255860077"/>
  <nd ref="10255860078"/>
  <nd ref="10255860079"/>
  <nd ref="10255860080"/>
  <nd ref="10255860081"/>
  <nd ref="10255860082"/>
  <nd ref="10255860083"/>
  <nd ref="10255860084"/>
  <nd ref="10255860085"/>
  <nd ref="10255860086"/>
  <nd ref="10255860087"/>
  <nd ref="10255860088"/>
  <nd ref="10255860089"/>
  <nd ref="10255860090"/>
  <nd ref="10255860091"/>
  <nd ref="10255860092"/>
  <nd ref="10255860093"/>
  <nd ref="10255860094"/>
  <nd ref="10255860095"/>
  <nd ref="10255860096"/>
  <nd ref="10255860097"/>
  <nd ref="10255860098"/>
  <nd ref="10255860099"/>
  <nd ref="10255860100"/>
  <nd ref="10255860101"/>
  <nd ref="10255860102"/>
  <nd ref="10255860103"/>
  <nd ref="10255860104"/>
  <nd ref="10255860105"/>
  <nd ref="10255860106"/>
  <nd ref="10255860107"/>
  <nd ref="10255860108"/>
  <nd ref="10255860109"/>
  <nd ref="10255860110"/>
  <nd ref="10255860111"/>
  <nd ref="10255860112"/>
  <nd ref="10255860113"/>
  <nd ref="10255860114"/>
  <nd ref="10255860115"/>
  <nd ref="10255860116"/>
  <nd ref="10255860117"/>
  <nd ref="10255860118"/>
  <nd ref="10255860119"/>
  <nd ref="10255860120"/>
  <nd ref="10255860121"/>
  <nd ref="10255860122"/>
  <nd ref="10255860123"/>
  <nd ref="10255860124"/>
  <nd ref="10255860125"/>
  <nd ref="10255860126"/>
  <nd ref="10255860127"/>
  <nd ref="10255860128"/>
  <nd ref="10255860129"/>
  <nd ref="10255860130"/>
  <nd ref="10255860131"/>
  <nd ref="10255860132"/>
  <nd ref="10255860133"/>
  <nd ref="10255860134"/>
  <nd ref="10255860135"/>
  <nd ref="10255860136"/>
  <nd ref="10255860137"/>
  <nd ref="10255860138"/>
  <nd ref="10255860139"/>
  <nd ref="10255860140"/>
  <nd ref="10255860141"/>
  <nd ref="10255860142"/>
  <nd ref="10255860143"/>
  <nd ref="10255860144"/>
  <nd ref="10255860145"/>
  <nd ref="10255860146"/>
  <nd ref="10255860147"/>
  <nd ref="10255860148"/>
  <nd ref="10255860149"/>
  <nd ref="10255860150"/>
  <nd ref="10255860151"/>
  <nd ref="10255860152"/>
  <nd ref="10255860153"/>
  <nd ref="10255860154"/>
  <nd ref="10255860155"/>
  <nd ref="10255860156"/>
  <nd ref="10255860157"/>
  <nd ref="10255860158"/>
  <nd ref="10255860159"/>
  <nd ref="10255860160"/>
  <nd ref="10255860161"/>
  <nd ref="10255860162"/>
  <nd ref="10255860163"/>
  <nd ref="10255860164"/>
  <nd ref="10255860165"/>
  <nd ref="10255860166"/>
  <nd ref="10255860167"/>
  <nd ref="10255860168"/>
  <nd ref="10255860169"/>
  <nd ref="10255860170"/>
  <nd ref="10255860171"/>
  <nd ref="10255860172"/>
  <nd ref="10255860173"/>
  <nd ref="10255860174"/>
  <nd ref="10255860175"/>
  <nd ref="10255860176"/>
  <nd ref="10255860177"/>
  <nd ref="10255860178"/>
  <nd ref="10255860179"/>
  <nd ref="10255860180"/>
  <nd ref="10255860181"/>
  <nd ref="10255860182"/>
  <nd ref="10255860183"/>
  <nd ref="10255860184"/>
  <nd ref="10255860185"/>
  <nd ref="10255860186"/>
  <nd ref="10255860187"/>
  <nd ref="10255860188"/>
  <nd ref="10255860189"/>
  <nd ref="10255860190"/>
  <nd ref="10255860191"/>
  <nd ref="10255860192"/>
  <nd ref="10255860193"/>
  <nd ref="10255860194"/>
  <nd ref="10255860195"/>
  <nd ref="10255860196"/>
  <nd ref="10255860197"/>
  <nd ref="10255860198"/>
  <nd ref="10255860199"/>
  <nd ref="10255860200"/>
  <nd ref="10255860201"/>
  <nd ref="10255860202"/>
  <nd ref="10255860203"/>
  <nd ref="10255860204"/>
  <nd ref="10255860205"/>
  <nd ref="10255860206"/>
  <nd ref="10255860207"/>
  <nd ref="10255860208"/>
  <nd ref="10255860209"/>
  <nd ref="10255860210"/>
  <nd ref="10255860211"/>
  <nd ref="10255860212"/>
  <nd ref="10255860213"/>
  <nd ref="10255860214"/>
  <nd ref="10255860215"/>
  <nd ref="10255860216"/>
  <nd ref="10255860217"/>
  <nd ref="10255860218"/>
  <nd ref="10255860219"/>
  <nd ref="10255860220"/>
  <nd ref="10255860221"/>
  <nd ref="10255860222"/>
  <nd ref="10255860223"/>
  <nd ref="10255860224"/>
  <nd ref="10255860225"/>
  <nd ref="10255860226"/>
  <nd ref="10255860227"/>
  <nd ref="10255860228"/>
  <nd ref="10255860229"/>
  <nd ref="10255860230"/>
  <nd ref="10255860231"/>
  <nd ref="10255860232"/>
  <nd ref="10255860233"/>
  <nd ref="10255860234"/>
  <nd ref="10255860235"/>
  <nd ref="10255860236"/>
  <nd ref="10255860237"/>
  <nd ref="10255860238"/>
  <nd ref="10255860239"/>
  <nd ref="10255860240"/>
  <nd ref="10255860241"/>
  <nd ref="10255860242"/>
  <nd ref="10255860243"/>
  <nd ref="10255860244"/>
  <nd ref="10255860245"/>
  <nd ref="10255860246"/>
  <nd ref="10255860247"/>
  <nd ref="10255860248"/>
  <nd ref="10255860249"/>
  <nd ref="10255860250"/>
  <nd ref="10255860251"/>
  <nd ref="10255860252"/>
  <nd ref="10255860253"/>
  <nd ref="10255860254"/>
  <nd ref="10255860255"/>
  <nd ref="10255860256"/>
  <nd ref="10255860257"/>
  <nd ref="10255860258"/>
  <nd ref="10255860259"/>
  <nd ref="10255860260"/>
  <nd ref="10255860261"/>
  <nd ref="10255860262"/>
  <nd ref="10255860263"/>
  <nd ref="10255860264"/>
  <nd ref="10255860265"/>
  <nd ref="10255860266"/>
  <nd ref="10255860267"/>
  <nd ref="10255860268"/>
  <nd ref="10255860269"/>
  <nd ref="10255860270"/>
  <nd ref="10255860271"/>
  <nd ref="10255860272"/>
  <nd ref="10255860273"/>
  <nd ref="10255860274"/>
  <nd ref="10255860275"/>
  <nd ref="10255860276"/>
  <nd ref="10255860277"/>
  <nd ref="10255860278"/>
  <nd ref="10255860279"/>
  <nd ref="10255860280"/>
  <nd ref="10255860281"/>
  <nd ref="10255860282"/>
  <nd ref="10255860283"/>
  <nd ref="10255860284"/>
  <nd ref="10255860285"/>
  <nd ref="10255860286"/>
  <nd ref="10255860287"/>
  <nd ref="10255860288"/>
  <nd ref="10255860289"/>
  <nd ref="10255860290"/>
  <nd ref="10255860291"/>
  <nd ref="10255860292"/>
  <nd ref="10255860293"/>
  <nd ref="10255860294"/>
  <nd ref="10255860295"/>
  <nd ref="10255860296"/>
  <nd ref="10255860297"/>
  <nd ref="10255860298"/>
  <nd ref="10255860299"/>
  <nd ref="10255860300"/>
  <nd ref="10255860301"/>
  <nd ref="10255860302"/>
  <nd ref="10255860303"/>
  <nd ref="10255860304"/>
  <nd ref="10255860305"/>
  <nd ref="10255860306"/>
  <nd ref="10255860307"/>
  <nd ref="10255860308"/>
  <nd ref="10255860309"/>
  <nd ref="10255860310"/>
  <nd ref="10255860311"/>
  <nd ref="10255860312"/>
  <nd ref="10255860313"/>
  <nd ref="10255860314"/>
  <nd ref="10255860315"/>
  <nd ref="10255860316"/>
  <nd ref="10255860317"/>
  <nd ref="10255860318"/>
  <nd ref="10255860319"/>
  <nd ref="10255860320"/>
  <nd ref="10255860321"/>
  <nd ref="10255860322"/>
  <nd ref="10255860323"/>
  <nd ref="10255860324"/>
  <nd ref="10255860325"/>
  <nd ref="10255860326"/>
  <nd ref="10255860327"/>
  <nd ref="10255860328"/>
  <nd ref="10255860329"/>
  <nd ref="10255860330"/>
  <nd ref="10255860331"/>
  <nd ref="10255860332"/>
  <nd ref="10255860333"/>
  <nd ref="10255860334"/>
  <nd ref="10255860335"/>
  <nd ref="10255860336"/>
  <nd ref="10255860337"/>
  <nd ref="10255860338"/>
  <nd ref="10255860339"/>
  <nd ref="10255860340"/>
  <nd ref="10255860341"/>
  <nd ref="10255860342"/>
  <nd ref="10255860343"/>
  <nd ref="10255860344"/>
  <nd ref="10255860345"/>
  <nd ref="10255860346"/>
  <nd ref="10255860347"/>
  <nd ref="10255860348"/>
  <nd ref="10255860349"/>
  <nd ref="10255860350"/>
  <nd ref="10255860351"/>
  <nd ref="10255860352"/>
  <nd ref="10255860353"/>
  <nd ref="10255860354"/>
  <nd ref="10255860355"/>
  <nd ref="10255860356"/>
  <nd ref="10255860357"/>
  <nd ref="10255860358"/>
  <nd ref="10255860359"/>
  <nd ref="10255860360"/>
  <nd ref="10255860361"/>
  <nd ref="10255860362"/>
  <nd ref="10255860363"/>
  <nd ref="10255860364"/>
  <nd ref="10255860365"/>
  <nd ref="10255860366"/>
  <nd ref="10255860367"/>
  <nd ref="10255860368"/>
  <nd ref="10255860369"/>
  <nd ref="10255860370"/>
  <nd ref="10255860371"/>
  <nd ref="10255860372"/>
  <nd ref="10255860373"/>
  <nd ref="10255860374"/>
  <nd ref="10255860375"/>
  <nd ref="10255860376"/>
  <nd ref="10255860377"/>
  <nd ref="10255860378"/>
  <nd ref="10255860379"/>
  <nd ref="10255860380"/>
  <nd ref="10255860381"/>
  <nd ref="10255860382"/>
  <nd ref="10255860383"/>
  <nd ref="10255860384"/>
  <nd ref="10255860385"/>
  <nd ref="10255860386"/>
  <nd ref="10255860387"/>
  <nd ref="10255860388"/>
  <nd ref="10255860389"/>
  <nd ref="10255860390"/>
  <nd ref="10255860391"/>
  <nd ref="10255860392"/>
  <nd ref="10255860393"/>
  <nd ref="10255860394"/>
  <nd ref="10255860395"/>
  <nd ref="10255860396"/>
  <nd ref="10255860397"/>
  <nd ref="10255860398"/>
  <nd ref="10255860399"/>
  <nd ref="10255860400"/>
  <nd ref="10255860401"/>
  <nd ref="10255860402"/>
  <nd ref="10255860403"/>
  <nd ref="10255860404"/>
  <nd ref="10255860405"/>
  <nd ref="10255860406"/>
  <nd ref="10255860407"/>
  <nd ref="10255860408"/>
  <nd ref="10255860409"/>
  <nd ref="10255860410"/>
  <nd ref="10255860411"/>
  <nd ref="10255860412"/>
  <nd ref="10255860413"/>
  <nd ref="10255860414"/>
  <nd ref="10255860415"/>
  <nd ref="10255860416"/>
  <nd ref="10255860417"/>
  <nd ref="10255860418"/>
  <nd ref="10255860419"/>
  <nd ref="10255860420"/>
  <nd ref="10255860421"/>
  <nd ref="10255860422"/>
  <nd ref="10255860423"/>
  <nd ref="10255860424"/>
  <nd ref="10255860425"/>
  <nd ref="10255860426"/>
  <nd ref="10255860427"/>
  <nd ref="10255860428"/>
  <nd ref="10255860429"/>
  <nd ref="10255860430"/>
  <nd ref="10255860431"/>
  <nd ref="10255860432"/>
  <nd ref="10255860433"/>
  <nd ref="10255860434"/>
  <nd ref="10255860435"/>
  <nd ref="10255860436"/>
  <nd ref="10255860437"/>
  <nd ref="10255860438"/>
  <nd ref="10255860439"/>
  <nd ref="10255860440"/>
  <nd ref="10255860441"/>
  <nd ref="10255860442"/>
  <nd ref="10255860443"/>
  <nd ref="10255860444"/>
  <nd ref="10255860445"/>
  <nd ref="10255860446"/>
  <nd ref="10255860447"/>
  <nd ref="10255860448"/>
  <nd ref="10255860449"/>
  <nd ref="10255860450"/>
  <nd ref="10255860451"/>
  <nd ref="10255860452"/>
  <nd ref="10255860453"/>
  <nd ref="10255860454"/>
  <nd ref="10255860455"/>
  <nd ref="10255860456"/>
  <nd ref="10255860457"/>
  <nd ref="10255860458"/>
  <nd ref="10255860459"/>
  <nd ref="10255860460"/>
  <nd ref="10255860461"/>
  <nd ref="10255860462"/>
  <nd ref="10255860463"/>
  <nd ref="10255860464"/>
  <nd ref="10255860465"/>
  <nd ref="10255860466"/>
  <nd ref="10255860467"/>
  <nd ref="10255860468"/>
  <nd ref="10255860469"/>
  <nd ref="10255860470"/>
  <nd ref="10255860471"/>
  <nd ref="10255860472"/>
  <nd ref="10255860473"/>
  <nd ref="10255860474"/>
  <nd ref="10255860475"/>
  <nd ref="10255860476"/>
  <nd ref="10255860477"/>
  <nd ref="10255860478"/>
  <nd ref="10255860479"/>
  <nd ref="10255860480"/>
  <nd ref="10255860481"/>
  <nd ref="10255860482"/>
  <nd ref="10255860483"/>
  <nd ref="10255860484"/>
  <nd ref="10255860485"/>
  <nd ref="10255860486"/>
  <nd ref="10255860487"/>
  <nd ref="10255860488"/>
  <nd ref="10255860489"/>
  <nd ref="10255860490"/>
  <nd ref="10255860491"/>
  <nd ref="10255860492"/>
  <nd ref="10255860493"/>
  <nd ref="10255860494"/>
  <nd ref="10255860495"/>
  <nd ref="10255860496"/>
  <nd ref="10255860497"/>
  <nd ref="10255860498"/>
  <nd ref="10255860499"/>
  <nd ref="10255860500"/>
  <nd ref="10255860501"/>
  <nd ref="10255860502"/>
  <nd ref="10255860503"/>
  <nd ref="10255860504"/>
  <nd ref="10255860505"/>
  <nd ref="10255860506"/>
  <nd ref="10255860507"/>
  <nd ref="10255860508"/>
  <nd ref="10255860509"/>
  <nd ref="10255860510"/>
  <nd ref="10255860511"/>
  <nd ref="10255860512"/>
  <nd ref="10255860513"/>
  <nd ref="10255860514"/>
  <nd ref="10255860515"/>
  <nd ref="10255860516"/>
  <nd ref="10255860517"/>
  <nd ref="10255860518"/>
  <nd ref="10255860519"/>
  <nd ref="10255860520"/>
  <nd ref="10255860521"/>
  <nd ref="10255860522"/>
  <nd ref="10255860523"/>
  <nd ref="10255860524"/>
  <nd ref="10255860525"/>
  <nd ref="10255860526"/>
  <nd ref="10255860527"/>
  <nd ref="10255860528"/>
  <nd ref="10255860529"/>
  <nd ref="10255860530"/>
  <nd ref="10255860531"/>
  <nd ref="10255860532"/>
  <nd ref="10255860533"/>
  <nd ref="10255860534"/>
  <nd ref="10255860535"/>
  <nd ref="10255860536"/>
  <nd ref="10255860537"/>
  <nd ref="10255860538"/>
  <nd ref="10255860539"/>
  <nd ref="10255860540"/>
  <nd ref="10255860541"/>
  <nd ref="10255860542"/>
  <nd ref="10255860543"/>
  <nd ref="10255860544"/>
  <nd ref="10255860545"/>
  <nd ref="10255860546"/>
  <nd ref="10255860547"/>
  <nd ref="10255860548"/>
  <nd ref="10255860549"/>
  <nd ref="10255860550"/>
  <nd ref="10255860551"/>
  <nd ref="10255860552"/>
  <nd ref="10255860553"/>
  <nd ref="10255860554"/>
  <nd ref="10255860555"/>
  <nd ref="10255860556"/>
  <nd ref="10255860557"/>
  <nd ref="10255860558"/>
  <nd ref="10255860559"/>
  <nd ref="10255860560"/>
  <nd ref="10255860561"/>
  <nd ref="10255860562"/>
  <nd ref="10255860563"/>
  <nd ref="10255860564"/>
  <nd ref="10255860565"/>
  <nd ref="9560825094"/>
  <tag k="waterway" v="river"/>
 </way>
 <way id="1125402850" visible="true" version="2" changeset="166610116" timestamp="2025-05-22T12:07:27Z" user="MountAgung" uid="22557240">
  <nd ref="7692668425"/>
  <nd ref="7796605133"/>
  <nd ref="7796605135"/>
  <nd ref="12855286091"/>
  <tag k="highway" v="residential"/>
  <tag k="surface" v="paved"/>
 </way>
 <way id="1125402903" visible="true" version="2" changeset="173672006" timestamp="2025-10-23T12:31:48Z" user="DressyPear4" uid="3984659">
  <nd ref="13252015528"/>
  <nd ref="13252015537"/>
  <nd ref="3621100125"/>
  <nd ref="7796559453"/>
  <nd ref="7796559454"/>
  <nd ref="4053224832"/>
  <nd ref="4053224833"/>
  <nd ref="7692623271"/>
  <nd ref="3621100132"/>
  <tag k="highway" v="residential"/>
  <tag k="name" v="Rua A"/>
  <tag k="surface" v="unpaved"/>
 </way>
 <way id="1125403293" visible="true" version="2" changeset="173672006" timestamp="2025-10-23T12:31:48Z" user="DressyPear4" uid="3984659">
  <nd ref="13252015537"/>
  <nd ref="10291327773"/>
  <nd ref="10291327774"/>
  <nd ref="13252015536"/>
  <tag k="highway" v="residential"/>
 </way>
 <way id="1125410579" visible="true" version="1" changeset="130602937" timestamp="2022-12-28T13:47:17Z" user="Raphaelkaart" uid="12468685">
  <nd ref="10291415782"/>
  <nd ref="10291415783"/>
  <nd ref="10291415784"/>
  <nd ref="10291415785"/>
  <nd ref="10291415786"/>
  <tag k="highway" v="track"/>
 </way>
 <way id="1125410580" visible="true" version="1" changeset="130602937" timestamp="2022-12-28T13:47:17Z" user="Raphaelkaart" uid="12468685">
  <nd ref="10291415787"/>
  <nd ref="10291415788"/>
  <nd ref="10291415789"/>
  <nd ref="10291415790"/>
  <nd ref="10291415791"/>
  <nd ref="10291415792"/>
  <nd ref="10291415793"/>
  <nd ref="10291415794"/>
  <nd ref="4053250156"/>
  <tag k="highway" v="track"/>
  <tag k="surface" v="unpaved"/>
 </way>
 <way id="1125420819" visible="true" version="2" changeset="173672006" timestamp="2025-10-23T12:31:48Z" user="DressyPear4" uid="3984659">
  <nd ref="13252015517"/>
  <nd ref="13252015516"/>
  <nd ref="10291485159"/>
  <nd ref="13252015515"/>
  <nd ref="10291485160"/>
  <nd ref="13252015512"/>
  <nd ref="10291485161"/>
  <nd ref="13252015510"/>
  <nd ref="10291485162"/>
  <tag k="highway" v="construction"/>
 </way>
 <way id="1125420820" visible="true" version="2" changeset="173672006" timestamp="2025-10-23T12:31:48Z" user="DressyPear4" uid="3984659">
  <nd ref="10291485163"/>
  <nd ref="13252015511"/>
  <nd ref="13252015513"/>
  <nd ref="13252015514"/>
  <nd ref="10291485164"/>
  <nd ref="10291485165"/>
  <nd ref="10291485166"/>
  <tag k="highway" v="construction"/>
 </way>
 <way id="1125434843" visible="true" version="1" changeset="130608764" timestamp="2022-12-28T16:00:57Z" user="Raphaelkaart" uid="12468685">
  <nd ref="10291556187"/>
  <nd ref="10291556188"/>
  <nd ref="10291556189"/>
  <nd ref="10291556190"/>
  <nd ref="10291556191"/>
  <nd ref="10291556192"/>
  <nd ref="10291556193"/>
  <nd ref="10291556194"/>
  <nd ref="10291556195"/>
  <nd ref="10291556196"/>
  <nd ref="10291556197"/>
  <tag k="highway" v="track"/>
 </way>
 <way id="1125434844" visible="true" version="1" changeset="130608764" timestamp="2022-12-28T16:00:57Z" user="Raphaelkaart" uid="12468685">
  <nd ref="10291556194"/>
  <nd ref="10291556198"/>
  <tag k="highway" v="track"/>
 </way>
 <way id="1125434845" visible="true" version="1" changeset="130608764" timestamp="2022-12-28T16:00:57Z" user="Raphaelkaart" uid="12468685">
  <nd ref="7800027727"/>
  <nd ref="10291556199"/>
  <nd ref="10291556200"/>
  <nd ref="10291556201"/>
  <tag k="highway" v="track"/>
 </way>
 <way id="1125435580" visible="true" version="1" changeset="130608945" timestamp="2022-12-28T16:05:28Z" user="Raphaelkaart" uid="12468685">
  <nd ref="3621100090"/>
  <nd ref="3621100087"/>
  <nd ref="3621100031"/>
  <tag k="highway" v="residential"/>
  <tag k="maxspeed" v="40"/>
  <tag k="name" v="Rua Padre Lazaro Menezes"/>
  <tag k="surface" v="asphalt"/>
 </way>
 <way id="1125436901" visible="true" version="1" changeset="130609178" timestamp="2022-12-28T16:12:22Z" user="Raphaelkaart" uid="12468685">
  <nd ref="6778964314"/>
  <nd ref="10291620683"/>
  <tag k="highway" v="residential"/>
  <tag k="name" v="Rua Mozart Portela de Oliveira"/>
 </way>
 <way id="1125436902" visible="true" version="2" changeset="132664267" timestamp="2023-02-17T08:42:27Z" user="Marcos_Itba_Kaart" uid="12689837">
  <nd ref="10672623631"/>
  <nd ref="10672623623"/>
  <nd ref="10291620685"/>
  <nd ref="10672623624"/>
  <nd ref="10672623625"/>
  <nd ref="10672623626"/>
  <nd ref="10291620686"/>
  <nd ref="10672623622"/>
  <nd ref="10672623621"/>
  <nd ref="10291620691"/>
  <nd ref="10291620687"/>
  <nd ref="10672623627"/>
  <nd ref="10291620688"/>
  <nd ref="10672623628"/>
  <nd ref="10291620689"/>
  <nd ref="10672623629"/>
  <nd ref="10672623620"/>
  <nd ref="10672623630"/>
  <nd ref="10672623619"/>
  <tag k="highway" v="unclassified"/>
 </way>
 <way id="1125436903" visible="true" version="2" changeset="132664267" timestamp="2023-02-17T08:42:27Z" user="Marcos_Itba_Kaart" uid="12689837">
  <nd ref="10291620691"/>
  <nd ref="10672623632"/>
  <nd ref="10291620692"/>
  <nd ref="10291620693"/>
  <nd ref="10291620694"/>
  <nd ref="10291620695"/>
  <nd ref="10291620696"/>
  <nd ref="10291620697"/>
  <tag k="highway" v="unclassified"/>
 </way>
 <way id="1125436904" visible="true" version="3" changeset="133474652" timestamp="2023-03-09T11:16:50Z" user="(inactive) WarpathPeacock" uid="9633078">
  <nd ref="10723202935"/>
  <nd ref="10291620698"/>
  <nd ref="10675912317"/>
  <nd ref="10291620699"/>
  <nd ref="10675912318"/>
  <nd ref="10291620700"/>
  <nd ref="10291620701"/>
  <nd ref="10291620702"/>
  <nd ref="10291620703"/>
  <tag k="highway" v="unclassified"/>
 </way>
 <way id="1125438148" visible="true" version="2" changeset="166660874" timestamp="2025-05-23T14:57:07Z" user="LakeThingvalla" uid="22048964">
  <nd ref="3621100152"/>
  <nd ref="3621100105"/>
  <nd ref="7516594955"/>
  <nd ref="6778964294"/>
  <nd ref="7516594956"/>
  <nd ref="3621100153"/>
  <nd ref="3621100022"/>
  <nd ref="7516594957"/>
  <nd ref="7516594958"/>
  <nd ref="3621100154"/>
  <nd ref="3621100026"/>
  <nd ref="3621100155"/>
  <tag k="highway" v="residential"/>
  <tag k="name" v="Rua Miguel Arabe"/>
 </way>
 <way id="1125438149" visible="true" version="2" changeset="166662698" timestamp="2025-05-23T15:38:36Z" user="LakeThingvalla" uid="22048964">
  <nd ref="3621100077"/>
  <nd ref="3621100076"/>
  <tag k="highway" v="residential"/>
  <tag k="name" v="Praça Floriano Peixoto"/>
  <tag k="oneway" v="yes"/>
 </way>
 <way id="1125457303" visible="true" version="1" changeset="130612604" timestamp="2022-12-28T17:45:52Z" user="Raphaelkaart" uid="12468685">
  <nd ref="7888940464"/>
  <nd ref="7888940463"/>
  <nd ref="7888940462"/>
  <nd ref="10291758988"/>
  <nd ref="4053250102"/>
  <tag k="highway" v="residential"/>
  <tag k="name" v="Rua Jeronimo Antonio Prado"/>
 </way>
 <way id="1125457927" visible="true" version="1" changeset="130612721" timestamp="2022-12-28T17:49:29Z" user="Raphaelkaart" uid="12468685">
  <nd ref="10291840459"/>
  <nd ref="10291840460"/>
  <tag k="highway" v="residential"/>
 </way>
 <way id="1177219851" visible="true" version="1" changeset="136693275" timestamp="2023-05-29T10:53:35Z" user="Aleksandar1994" uid="3733993">
  <nd ref="10936614167"/>
  <nd ref="10936614166"/>
  <nd ref="10936614165"/>
  <nd ref="10936614164"/>
  <nd ref="10936614163"/>
  <nd ref="10936614162"/>
  <nd ref="10936614167"/>
  <tag k="building" v="yes"/>
 </way>
 <way id="1202993246" visible="true" version="1" changeset="140516279" timestamp="2023-08-28T23:49:02Z" user="Marcos_Itba_Kaart" uid="12689837">
  <nd ref="4053250134"/>
  <nd ref="7888903879"/>
  <nd ref="4053250138"/>
  <nd ref="4053250139"/>
  <nd ref="4053250140"/>
  <tag k="highway" v="residential"/>
  <tag k="name" v="Rua José Teodoro Filho"/>
 </way>
 <way id="1281238147" visible="true" version="1" changeset="151112136" timestamp="2024-05-09T17:38:48Z" user="ProjetoMapeia" uid="11455881">
  <nd ref="4053224814"/>
  <nd ref="7651412387"/>
  <tag k="highway" v="residential"/>
  <tag k="name" v="Rua Pedro José de Oliveira"/>
  <tag k="oneway" v="yes"/>
 </way>
 <way id="1307743192" visible="true" version="1" changeset="155241228" timestamp="2024-08-14T13:28:18Z" user="Solheimajokull" uid="10334725">
  <nd ref="3621100078"/>
  <nd ref="3621100079"/>
  <nd ref="3621100080"/>
  <tag k="highway" v="residential"/>
  <tag k="name" v="Rua Professor Orestes"/>
 </way>
 <way id="1377602212" visible="true" version="1" changeset="164957876" timestamp="2025-04-14T21:11:38Z" user="NittyGrittyInTheCity" uid="15652980">
  <nd ref="7651279115"/>
  <nd ref="12755530467"/>
  <nd ref="12755530466"/>
  <tag k="highway" v="service"/>
 </way>
 <way id="1377602213" visible="true" version="1" changeset="164957876" timestamp="2025-04-14T21:11:38Z" user="NittyGrittyInTheCity" uid="15652980">
  <nd ref="12755530469"/>
  <nd ref="12755530468"/>
  <tag k="highway" v="service"/>
 </way>
 <way id="1377602214" visible="true" version="1" changeset="164957876" timestamp="2025-04-14T21:11:38Z" user="NittyGrittyInTheCity" uid="15652980">
  <nd ref="7651163409"/>
  <nd ref="12755530469"/>
  <nd ref="12755530470"/>
  <tag k="highway" v="service"/>
 </way>
 <way id="1377602215" visible="true" version="1" changeset="164957876" timestamp="2025-04-14T21:11:38Z" user="NittyGrittyInTheCity" uid="15652980">
  <nd ref="4053224807"/>
  <nd ref="12755530479"/>
  <nd ref="12755530478"/>
  <nd ref="12755530477"/>
  <nd ref="12755530476"/>
  <nd ref="12755530475"/>
  <nd ref="12755530474"/>
  <nd ref="12755530473"/>
  <nd ref="12755530472"/>
  <nd ref="12755530471"/>
  <tag k="highway" v="service"/>
 </way>
 <way id="1388764521" visible="true" version="2" changeset="173672006" timestamp="2025-10-23T12:31:48Z" user="DressyPear4" uid="3984659">
  <nd ref="6778964347"/>
  <nd ref="7796608160"/>
  <tag k="highway" v="residential"/>
 </way>
 <way id="1389037388" visible="true" version="1" changeset="166660874" timestamp="2025-05-23T14:57:07Z" user="LakeThingvalla" uid="22048964">
  <nd ref="3621100076"/>
  <nd ref="3621100155"/>
  <tag k="highway" v="residential"/>
  <tag k="name" v="Rua Miguel Arabe"/>
  <tag k="oneway" v="yes"/>
 </way>
 <way id="1389045516" visible="true" version="1" changeset="166662698" timestamp="2025-05-23T15:38:36Z" user="LakeThingvalla" uid="22048964">
  <nd ref="3621100025"/>
  <nd ref="3621100080"/>
  <tag k="highway" v="residential"/>
  <tag k="maxspeed" v="40"/>
  <tag k="name" v="Avenida da Saudade"/>
  <tag k="surface" v="asphalt"/>
 </way>
 <way id="1389045517" visible="true" version="1" changeset="166662698" timestamp="2025-05-23T15:38:36Z" user="LakeThingvalla" uid="22048964">
  <nd ref="3621100077"/>
  <nd ref="3621100149"/>
  <nd ref="4053250118"/>
  <nd ref="3621100151"/>
  <tag k="highway" v="residential"/>
  <tag k="maxspeed" v="40"/>
  <tag k="name" v="Avenida da Saudade"/>
  <tag k="surface" v="asphalt"/>
 </way>
 <way id="1414949450" visible="true" version="1" changeset="168975721" timestamp="2025-07-15T17:03:14Z" user="MonteRosa1" uid="22220364">
  <nd ref="13002216340"/>
  <nd ref="13002216339"/>
  <tag k="highway" v="service"/>
 </way>
 <way id="1414949451" visible="true" version="1" changeset="168975721" timestamp="2025-07-15T17:03:14Z" user="MonteRosa1" uid="22220364">
  <nd ref="13002216348"/>
  <nd ref="13002216347"/>
  <nd ref="13002216351"/>
  <nd ref="7692668416"/>
  <tag k="highway" v="service"/>
  <tag k="oneway" v="yes"/>
 </way>
 <way id="1414949452" visible="true" version="1" changeset="168975721" timestamp="2025-07-15T17:03:14Z" user="MonteRosa1" uid="22220364">
  <nd ref="7692668415"/>
  <nd ref="13002216350"/>
  <nd ref="13002216346"/>
  <nd ref="13002216342"/>
  <nd ref="13002216345"/>
  <nd ref="13002216338"/>
  <nd ref="13002216341"/>
  <nd ref="13002216344"/>
  <nd ref="13002216348"/>
  <tag k="highway" v="service"/>
  <tag k="oneway" v="yes"/>
 </way>
 <way id="1414949453" visible="true" version="1" changeset="168975721" timestamp="2025-07-15T17:03:14Z" user="MonteRosa1" uid="22220364">
  <nd ref="13002216343"/>
  <nd ref="13002216352"/>
  <nd ref="13002216339"/>
  <nd ref="13002216349"/>
  <nd ref="13002216348"/>
  <tag k="highway" v="service"/>
 </way>
 <way id="1414949454" visible="true" version="1" changeset="168975721" timestamp="2025-07-15T17:03:14Z" user="MonteRosa1" uid="22220364">
  <nd ref="13002216353"/>
  <nd ref="13002216340"/>
  <nd ref="13002216351"/>
  <nd ref="13002216350"/>
  <tag k="highway" v="service"/>
 </way>
 <way id="1414949455" visible="true" version="1" changeset="168975721" timestamp="2025-07-15T17:03:14Z" user="MonteRosa1" uid="22220364">
  <nd ref="4423880243"/>
  <nd ref="4423880279"/>
  <nd ref="4423880264"/>
  <nd ref="7692668441"/>
  <nd ref="4423880266"/>
  <nd ref="4423880267"/>
  <nd ref="4423880269"/>
  <nd ref="4423880286"/>
  <nd ref="4423880271"/>
  <nd ref="13002216343"/>
  <nd ref="4423880273"/>
  <nd ref="4423880275"/>
  <nd ref="4053224858"/>
  <nd ref="4423880277"/>
  <nd ref="4423880280"/>
  <nd ref="7796591398"/>
  <tag k="highway" v="tertiary"/>
  <tag k="surface" v="paved"/>
 </way>
 <way id="1414949456" visible="true" version="1" changeset="168975721" timestamp="2025-07-15T17:03:14Z" user="MonteRosa1" uid="22220364">
  <nd ref="7692668421"/>
  <nd ref="13002216353"/>
  <nd ref="13002216352"/>
  <tag k="highway" v="service"/>
 </way>
 <way id="1444245623" visible="true" version="1" changeset="173672006" timestamp="2025-10-23T12:31:48Z" user="DressyPear4" uid="3984659">
  <nd ref="3621129485"/>
  <nd ref="6778964377"/>
  <tag k="highway" v="path"/>
  <tag k="name" v="Rua José Americo Ze Mexica"/>
 </way>
 <way id="1444245624" visible="true" version="1" changeset="173672006" timestamp="2025-10-23T12:31:48Z" user="DressyPear4" uid="3984659">
  <nd ref="13252015508"/>
  <nd ref="4423880270"/>
  <tag k="highway" v="construction"/>
  <tag k="name" v="Rua Odilia Candida de Oliveira"/>
 </way>
 <way id="1444245625" visible="true" version="1" changeset="173672006" timestamp="2025-10-23T12:31:48Z" user="DressyPear4" uid="3984659">
  <nd ref="13252015509"/>
  <nd ref="4423880272"/>
  <tag k="highway" v="construction"/>
  <tag k="name" v="Rua Veronica Rosa de Oliveira"/>
 </way>
 <way id="1444245626" visible="true" version="1" changeset="173672006" timestamp="2025-10-23T12:31:48Z" user="DressyPear4" uid="3984659">
  <nd ref="10291485162"/>
  <nd ref="7796591395"/>
  <nd ref="4423880270"/>
  <nd ref="7796591394"/>
  <nd ref="4423880272"/>
  <tag k="highway" v="construction"/>
  <tag k="name" v="Rua Eliana Torres"/>
 </way>
 <way id="1444245627" visible="true" version="1" changeset="173672006" timestamp="2025-10-23T12:31:48Z" user="DressyPear4" uid="3984659">
  <nd ref="13252015511"/>
  <nd ref="13252015510"/>
  <nd ref="4423880251"/>
  <tag k="highway" v="construction"/>
  <tag k="name" v="Rua José Bernardes de Castro"/>
 </way>
 <way id="1444245628" visible="true" version="1" changeset="173672006" timestamp="2025-10-23T12:31:48Z" user="DressyPear4" uid="3984659">
  <nd ref="13252015513"/>
  <nd ref="13252015512"/>
  <nd ref="4423880265"/>
  <tag k="highway" v="construction"/>
  <tag k="name" v="Rua Helio Antonio da Cunha"/>
 </way>
 <way id="1444245629" visible="true" version="1" changeset="173672006" timestamp="2025-10-23T12:31:48Z" user="DressyPear4" uid="3984659">
  <nd ref="13252015514"/>
  <nd ref="10291485160"/>
  <nd ref="4423881591"/>
  <tag k="highway" v="construction"/>
 </way>
 <way id="1444245630" visible="true" version="1" changeset="173672006" timestamp="2025-10-23T12:31:48Z" user="DressyPear4" uid="3984659">
  <nd ref="4423880268"/>
  <nd ref="10291485162"/>
  <nd ref="10291485163"/>
  <tag k="highway" v="construction"/>
  <tag k="name" v="Rua Virmondes Teofilo Carneiro"/>
 </way>
 <way id="1444245631" visible="true" version="1" changeset="173672006" timestamp="2025-10-23T12:31:48Z" user="DressyPear4" uid="3984659">
  <nd ref="10291485165"/>
  <nd ref="13252015516"/>
  <nd ref="4423880252"/>
  <tag k="highway" v="construction"/>
 </way>
 <way id="1444245632" visible="true" version="1" changeset="173672006" timestamp="2025-10-23T12:31:48Z" user="DressyPear4" uid="3984659">
  <nd ref="10291485164"/>
  <nd ref="13252015515"/>
  <nd ref="7796608138"/>
  <tag k="highway" v="construction"/>
 </way>
 <way id="1444245633" visible="true" version="1" changeset="173672006" timestamp="2025-10-23T12:31:48Z" user="DressyPear4" uid="3984659">
  <nd ref="10291485166"/>
  <nd ref="13252015517"/>
  <nd ref="10291485167"/>
  <tag k="highway" v="construction"/>
 </way>
 <way id="1444245634" visible="true" version="1" changeset="173672006" timestamp="2025-10-23T12:31:48Z" user="DressyPear4" uid="3984659">
  <nd ref="4053224840"/>
  <nd ref="13252015522"/>
  <nd ref="13252015521"/>
  <nd ref="13252015520"/>
  <nd ref="13252015519"/>
  <nd ref="13252015518"/>
  <nd ref="7796608138"/>
  <tag k="highway" v="residential"/>
 </way>
 <way id="1444245635" visible="true" version="1" changeset="173672006" timestamp="2025-10-23T12:31:48Z" user="DressyPear4" uid="3984659">
  <nd ref="13252015524"/>
  <nd ref="7796605131"/>
  <nd ref="7800027774"/>
  <nd ref="13252015523"/>
  <nd ref="7796559466"/>
  <tag k="highway" v="residential"/>
 </way>
 <way id="1444245636" visible="true" version="1" changeset="173672006" timestamp="2025-10-23T12:31:48Z" user="DressyPear4" uid="3984659">
  <nd ref="13252015525"/>
  <nd ref="7796605132"/>
  <nd ref="7800027776"/>
  <tag k="highway" v="construction"/>
 </way>
 <way id="1444245637" visible="true" version="1" changeset="173672006" timestamp="2025-10-23T12:31:48Z" user="DressyPear4" uid="3984659">
  <nd ref="13252015526"/>
  <nd ref="7796605140"/>
  <nd ref="13252015535"/>
  <tag k="highway" v="construction"/>
 </way>
 <way id="1444245638" visible="true" version="1" changeset="173672006" timestamp="2025-10-23T12:31:48Z" user="DressyPear4" uid="3984659">
  <nd ref="4423880253"/>
  <nd ref="13252015526"/>
  <nd ref="4423880287"/>
  <nd ref="13252015525"/>
  <nd ref="13252015534"/>
  <nd ref="13252015524"/>
  <nd ref="13252015527"/>
  <nd ref="4053224842"/>
  <tag k="highway" v="residential"/>
 </way>
 <way id="1444245639" visible="true" version="1" changeset="173672006" timestamp="2025-10-23T12:31:48Z" user="DressyPear4" uid="3984659">
  <nd ref="7692668434"/>
  <nd ref="7692623272"/>
  <nd ref="7692668433"/>
  <nd ref="13252015531"/>
  <tag k="highway" v="residential"/>
  <tag k="surface" v="paved"/>
 </way>
 <way id="1444245640" visible="true" version="1" changeset="173672006" timestamp="2025-10-23T12:31:48Z" user="DressyPear4" uid="3984659">
  <nd ref="4423880243"/>
  <nd ref="13252015533"/>
  <nd ref="7692668443"/>
  <nd ref="4423880285"/>
  <nd ref="13252015532"/>
  <nd ref="4423881589"/>
  <nd ref="4423881591"/>
  <tag k="highway" v="residential"/>
  <tag k="surface" v="asphalt"/>
 </way>
 <way id="1444245641" visible="true" version="1" changeset="173672006" timestamp="2025-10-23T12:31:48Z" user="DressyPear4" uid="3984659">
  <nd ref="7692623269"/>
  <nd ref="7692623276"/>
  <tag k="highway" v="tertiary_link"/>
 </way>
 <way id="1448130483" visible="true" version="1" changeset="174318723" timestamp="2025-11-07T06:47:20Z" user="ShashiRiver" uid="22557307">
  <nd ref="13286700309"/>
  <nd ref="13286647699"/>
  <nd ref="13286647700"/>
  <tag k="highway" v="service"/>
 </way>
 <way id="1448130484" visible="true" version="1" changeset="174318723" timestamp="2025-11-07T06:47:20Z" user="ShashiRiver" uid="22557307">
  <nd ref="6778964304"/>
  <nd ref="13286700309"/>
  <nd ref="13286700307"/>
  <nd ref="13286700308"/>
  <nd ref="13286700306"/>
  <nd ref="13286700301"/>
  <nd ref="13286700302"/>
  <nd ref="13286700305"/>
  <nd ref="13286700304"/>
  <nd ref="13286700303"/>
  <nd ref="13286700310"/>
  <nd ref="6778964298"/>
  <tag k="highway" v="residential"/>
 </way>
 <way id="1455421690" visible="true" version="1" changeset="175396212" timestamp="2025-12-02T10:38:42Z" user="MountainMakalu" uid="23310659">
  <nd ref="3621100149"/>
  <nd ref="3621100150"/>
  <tag k="highway" v="residential"/>
  <tag k="name" v="Rua São Vicente de Paula"/>
  <tag k="oneway" v="yes"/>
 </way>
 <way id="1473545375" visible="true" version="2" changeset="177996086" timestamp="2026-02-02T08:42:09Z" user="LakeVan" uid="22315977">
  <nd ref="7888839519"/>
  <nd ref="13518891691"/>
  <tag k="bridge" v="yes"/>
  <tag k="highway" v="trunk"/>
  <tag k="IBGE:CD_ADMINIS" v="federal"/>
  <tag k="layer" v="1"/>
  <tag k="maxspeed" v="80"/>
  <tag k="ref" v="BR-452"/>
  <tag k="surface" v="paved"/>
 </way>
 <way id="1473545376" visible="true" version="2" changeset="177996086" timestamp="2026-02-02T08:42:09Z" user="LakeVan" uid="22315977">
  <nd ref="3621056770"/>
  <nd ref="7889234188"/>
  <nd ref="3621056742"/>
  <nd ref="3621056743"/>
  <nd ref="3878972892"/>
  <nd ref="7888839523"/>
  <nd ref="7888839522"/>
  <nd ref="3621056744"/>
  <nd ref="3878972893"/>
  <nd ref="7888839521"/>
  <nd ref="3621056944"/>
  <nd ref="7692140712"/>
  <nd ref="7889017397"/>
  <nd ref="13518891692"/>
  <nd ref="1420905208"/>
  <nd ref="7888839520"/>
  <nd ref="7888839519"/>
  <tag k="highway" v="trunk"/>
  <tag k="IBGE:CD_ADMINIS" v="federal"/>
  <tag k="maxspeed" v="80"/>
  <tag k="ref" v="BR-452"/>
  <tag k="surface" v="paved"/>
 </way>
 <way id="1474102500" visible="true" version="3" changeset="178163512" timestamp="2026-02-06T01:48:28Z" user="MonteTitano" uid="23310648">
  <nd ref="4053250186"/>
  <nd ref="13523672562"/>
  <nd ref="13523672566"/>
  <nd ref="13523672567"/>
  <nd ref="13523672568"/>
  <nd ref="13523672569"/>
  <nd ref="13523672570"/>
  <nd ref="13523672571"/>
  <nd ref="13525450953"/>
  <nd ref="13527637830"/>
  <nd ref="13523672563"/>
  <nd ref="7517476296"/>
  <tag k="highway" v="residential"/>
  <tag k="oneway" v="yes"/>
  <tag k="surface" v="unpaved"/>
 </way>
 <way id="1530224974" visible="true" version="1" changeset="184204327" timestamp="2026-06-17T00:47:33Z" user="LomamiRiver" uid="23866726">
  <nd ref="3621100049"/>
  <nd ref="3621100074"/>
  <nd ref="3621100073"/>
  <tag k="highway" v="residential"/>
  <tag k="name" v="Rua Fernando Portela"/>
  <tag k="oneway" v="yes"/>
 </way>
 <way id="1542861068" visible="true" version="1" changeset="186169929" timestamp="2026-07-22T10:36:11Z" user="LakeImandra" uid="23865736">
  <nd ref="4423880243"/>
  <nd ref="4053224839"/>
  <nd ref="4053224840"/>
  <nd ref="7796559466"/>
  <nd ref="7796559467"/>
  <nd ref="4053224841"/>
  <nd ref="4053224842"/>
  <nd ref="4053224843"/>
  <nd ref="4053224844"/>
  <nd ref="4053224845"/>
  <nd ref="4053224846"/>
  <nd ref="4053224847"/>
  <nd ref="4053224848"/>
  <nd ref="4053224849"/>
  <nd ref="4053224850"/>
  <nd ref="4053224851"/>
  <nd ref="4053224852"/>
  <nd ref="7796559468"/>
  <nd ref="7796559469"/>
  <nd ref="7796559470"/>
  <nd ref="4053224853"/>
  <nd ref="4053224854"/>
  <nd ref="4053224855"/>
  <nd ref="8068315396"/>
  <nd ref="8068315395"/>
  <nd ref="4053224856"/>
  <nd ref="8068507424"/>
  <nd ref="4053224857"/>
  <nd ref="4169818153"/>
  <tag k="highway" v="tertiary"/>
  <tag k="surface" v="unpaved"/>
 </way>
 <way id="1553133494" visible="true" version="1" changeset="188133400" timestamp="2026-08-28T08:06:50Z" user="LakeOnega" uid="23310576">
  <nd ref="3621100033"/>
  <nd ref="3621100032"/>
  <tag k="highway" v="residential"/>
  <tag k="name" v="Rua Teotônio da Cunha"/>
  <tag k="oneway" v="yes"/>
 </way>
 <way id="1555020118" visible="true" version="1" changeset="188508976" timestamp="2026-09-04T06:28:27Z" user="LakeEyasi" uid="23639055">
  <nd ref="3621056773"/>
  <nd ref="3621100028"/>
  <nd ref="3621100029"/>
  <nd ref="3621100014"/>
  <nd ref="3621100030"/>
  <nd ref="3621100031"/>
  <tag k="highway" v="residential"/>
  <tag k="maxspeed" v="40"/>
  <tag k="name" v="Rua José Goularte"/>
  <tag k="surface" v="asphalt"/>
 </way>
 <way id="1555020119" visible="true" version="1" changeset="188508976" timestamp="2026-09-04T06:28:27Z" user="LakeEyasi" uid="23639055">
  <nd ref="3621100027"/>
  <nd ref="3621056773"/>
  <tag k="highway" v="residential"/>
  <tag k="maxspeed" v="40"/>
  <tag k="name" v="Rua José Goularte"/>
  <tag k="oneway" v="yes"/>
  <tag k="surface" v="asphalt"/>
 </way>
 <relation id="315044" visible="true" version="14" changeset="140723314" timestamp="2023-09-02T15:03:29Z" user="Fidelis Assis" uid="1675654">
  <member type="node" ref="246673028" role="admin_centre"/>
  <member type="way" ref="1121255326" role="outer"/>
  <member type="way" ref="348354733" role="outer"/>
  <member type="way" ref="1121255325" role="outer"/>
  <member type="way" ref="43959524" role="outer"/>
  <member type="way" ref="243354127" role="outer"/>
  <member type="way" ref="348354734" role="outer"/>
  <member type="way" ref="243354126" role="outer"/>
  <member type="way" ref="43959898" role="outer"/>
  <member type="way" ref="43959449" role="outer"/>
  <member type="way" ref="1038024329" role="outer"/>
  <tag k="admin_level" v="8"/>
  <tag k="boundary" v="administrative"/>
  <tag k="IBGE:GEOCODIGO" v="3157708"/>
  <tag k="name" v="Santa Juliana"/>
  <tag k="place" v="municipality"/>
  <tag k="population" v="15734"/>
  <tag k="population:date" v="2023-08-31"/>
  <tag k="source" v="IBGE"/>
  <tag k="source:population" v="IBGE, DOU de 31/08/2023"/>
  <tag k="type" v="boundary"/>
  <tag k="wikidata" v="Q1789496"/>
  <tag k="wikipedia" v="pt:Santa Juliana"/>
 </relation>
 <relation id="3995358" visible="true" version="142" changeset="189939267" timestamp="2026-10-03T16:09:02Z" user="ricaestevao" uid="23260899">
  <member type="way" ref="1306677746" role=""/>
  <member type="way" ref="1032718426" role=""/>
  <member type="way" ref="396568468" role=""/>
  <member type="way" ref="963987897" role=""/>
  <member type="way" ref="396467196" role=""/>
  <member type="way" ref="1459716012" role=""/>
  <member type="way" ref="1459716013" role=""/>
  <member type="way" ref="1459716011" role=""/>
  <member type="way" ref="1459716014" role=""/>
  <member type="way" ref="1214594455" role=""/>
  <member type="way" ref="396467195" role=""/>
  <member type="way" ref="891846525" role=""/>
  <member type="way" ref="892153249" role=""/>
  <member type="way" ref="892153248" role=""/>
  <member type="way" ref="891846524" role=""/>
  <member type="way" ref="318362180" role=""/>
  <member type="way" ref="837102641" role=""/>
  <member type="way" ref="837102640" role=""/>
  <member type="way" ref="837102639" role=""/>
  <member type="way" ref="837102638" role=""/>
  <member type="way" ref="604989158" role=""/>
  <member type="way" ref="604989159" role=""/>
  <member type="way" ref="837105157" role=""/>
  <member type="way" ref="993044230" role=""/>
  <member type="way" ref="993044229" role=""/>
  <member type="way" ref="993044228" role=""/>
  <member type="way" ref="837105156" role=""/>
  <member type="way" ref="837105155" role=""/>
  <member type="way" ref="837105154" role=""/>
  <member type="way" ref="884612409" role=""/>
  <member type="way" ref="884612407" role=""/>
  <member type="way" ref="884612408" role=""/>
  <member type="way" ref="604989160" role=""/>
  <member type="way" ref="837106490" role=""/>
  <member type="way" ref="837106489" role=""/>
  <member type="way" ref="837106488" role=""/>
  <member type="way" ref="837106487" role=""/>
  <member type="way" ref="193981915" role=""/>
  <member type="way" ref="837108375" role=""/>
  <member type="way" ref="837108374" role=""/>
  <member type="way" ref="837108373" role=""/>
  <member type="way" ref="837108372" role=""/>
  <member type="way" ref="193984072" role=""/>
  <member type="way" ref="193984071" role=""/>
  <member type="way" ref="837110782" role=""/>
  <member type="way" ref="837110781" role=""/>
  <member type="way" ref="837110780" role=""/>
  <member type="way" ref="837110779" role=""/>
  <member type="way" ref="837110778" role=""/>
  <member type="way" ref="894161125" role=""/>
  <member type="way" ref="894161126" role=""/>
  <member type="way" ref="894161122" role=""/>
  <member type="way" ref="894161121" role=""/>
  <member type="way" ref="899089923" role=""/>
  <member type="way" ref="899089922" role=""/>
  <member type="way" ref="899089921" role=""/>
  <member type="way" ref="899089920" role=""/>
  <member type="way" ref="193981914" role=""/>
  <member type="way" ref="300461993" role=""/>
  <member type="way" ref="300461996" role=""/>
  <member type="way" ref="604990197" role=""/>
  <member type="way" ref="604990201" role=""/>
  <member type="way" ref="904122827" role=""/>
  <member type="way" ref="904122826" role=""/>
  <member type="way" ref="837113062" role=""/>
  <member type="way" ref="837113061" role=""/>
  <member type="way" ref="837113060" role=""/>
  <member type="way" ref="901547515" role=""/>
  <member type="way" ref="901547514" role=""/>
  <member type="way" ref="837113059" role=""/>
  <member type="way" ref="889520435" role=""/>
  <member type="way" ref="837114334" role=""/>
  <member type="way" ref="837114333" role=""/>
  <member type="way" ref="382505108" role=""/>
  <member type="way" ref="837114331" role=""/>
  <member type="way" ref="396406392" role=""/>
  <member type="way" ref="837116447" role=""/>
  <member type="way" ref="837116446" role=""/>
  <member type="way" ref="837116445" role=""/>
  <member type="way" ref="837116444" role=""/>
  <member type="way" ref="837118792" role=""/>
  <member type="way" ref="837118791" role=""/>
  <member type="way" ref="837118790" role=""/>
  <member type="way" ref="396406391" role=""/>
  <member type="way" ref="837121241" role=""/>
  <member type="way" ref="837121240" role=""/>
  <member type="way" ref="837121239" role=""/>
  <member type="way" ref="837121238" role=""/>
  <member type="way" ref="837121237" role=""/>
  <member type="way" ref="382505105" role=""/>
  <member type="way" ref="300461992" role=""/>
  <member type="way" ref="300461994" role=""/>
  <member type="way" ref="898409945" role=""/>
  <member type="way" ref="898409944" role=""/>
  <member type="way" ref="898409943" role=""/>
  <member type="way" ref="898409942" role=""/>
  <member type="way" ref="837124689" role=""/>
  <member type="way" ref="837124688" role=""/>
  <member type="way" ref="837124687" role=""/>
  <member type="way" ref="837124686" role=""/>
  <member type="way" ref="992540919" role=""/>
  <member type="way" ref="310691860" role=""/>
  <member type="way" ref="992540921" role=""/>
  <member type="way" ref="310691856" role=""/>
  <member type="way" ref="311063078" role=""/>
  <member type="way" ref="1055153024" role=""/>
  <member type="way" ref="311063077" role=""/>
  <member type="way" ref="774856800" role=""/>
  <member type="way" ref="760156292" role=""/>
  <member type="way" ref="774856801" role=""/>
  <member type="way" ref="760156293" role=""/>
  <member type="way" ref="231771515" role="forward"/>
  <member type="way" ref="143707488" role=""/>
  <member type="way" ref="310691857" role=""/>
  <member type="way" ref="295944841" role=""/>
  <member type="way" ref="143707495" role="forward"/>
  <member type="way" ref="143707514" role="forward"/>
  <member type="way" ref="310671343" role="forward"/>
  <member type="way" ref="143707498" role="forward"/>
  <member type="way" ref="143707445" role="forward"/>
  <member type="way" ref="143707421" role="forward"/>
  <member type="way" ref="231771508" role="forward"/>
  <member type="way" ref="231771507" role="forward"/>
  <member type="way" ref="46227064" role="forward"/>
  <member type="way" ref="231771510" role="forward"/>
  <member type="way" ref="231771509" role="forward"/>
  <member type="way" ref="143707389" role="forward"/>
  <member type="way" ref="143707428" role="forward"/>
  <member type="way" ref="300461972" role="forward"/>
  <member type="way" ref="759000943" role="forward"/>
  <member type="way" ref="998807611" role="forward"/>
  <member type="way" ref="143707578" role="forward"/>
  <member type="way" ref="998807612" role="forward"/>
  <member type="way" ref="759001482" role=""/>
  <member type="way" ref="759001481" role=""/>
  <member type="way" ref="914981468" role=""/>
  <member type="way" ref="143707540" role="forward"/>
  <member type="way" ref="300462111" role="forward"/>
  <member type="way" ref="143707500" role="forward"/>
  <member type="way" ref="51514427" role=""/>
  <member type="way" ref="1316037823" role=""/>
  <member type="way" ref="300461974" role="forward"/>
  <member type="way" ref="222887219" role="forward"/>
  <member type="way" ref="812691285" role="backward"/>
  <member type="way" ref="300462223" role="backward"/>
  <member type="way" ref="292812895" role="backward"/>
  <member type="way" ref="292812894" role="backward"/>
  <member type="way" ref="222886222" role="forward"/>
  <member type="way" ref="222882572" role="forward"/>
  <member type="way" ref="222886209" role=""/>
  <member type="way" ref="384585347" role=""/>
  <member type="way" ref="384585352" role=""/>
  <member type="way" ref="31569823" role=""/>
  <member type="way" ref="724595191" role=""/>
  <member type="way" ref="724595190" role=""/>
  <member type="way" ref="126778147" role=""/>
  <member type="way" ref="352697103" role="forward"/>
  <member type="way" ref="823344559" role="forward"/>
  <member type="way" ref="823344560" role="forward"/>
  <member type="way" ref="352697104" role="forward"/>
  <member type="way" ref="396087425" role="forward"/>
  <member type="way" ref="352697106" role="forward"/>
  <member type="way" ref="352697105" role="forward"/>
  <member type="way" ref="352697108" role="forward"/>
  <member type="way" ref="320682354" role="forward"/>
  <member type="way" ref="289787818" role="forward"/>
  <member type="way" ref="982121153" role="forward"/>
  <member type="way" ref="963624245" role="forward"/>
  <member type="way" ref="982121152" role="forward"/>
  <member type="way" ref="963624246" role="forward"/>
  <member type="way" ref="812717574" role="forward"/>
  <member type="way" ref="812717573" role="forward"/>
  <member type="way" ref="31569681" role="forward"/>
  <member type="way" ref="1232944967" role="forward"/>
  <member type="way" ref="1131996165" role="forward"/>
  <member type="way" ref="1268691576" role="forward"/>
  <member type="way" ref="1268691577" role="forward"/>
  <member type="way" ref="352697112" role="forward"/>
  <member type="way" ref="605002178" role="forward"/>
  <member type="way" ref="605002186" role="forward"/>
  <member type="way" ref="1052764655" role="forward"/>
  <member type="way" ref="1052764654" role="forward"/>
  <member type="way" ref="1052764648" role="forward"/>
  <member type="way" ref="1052764656" role="forward"/>
  <member type="way" ref="1496804176" role="forward"/>
  <member type="way" ref="1496804175" role="forward"/>
  <member type="way" ref="1498789832" role="forward"/>
  <member type="way" ref="1498789833" role="forward"/>
  <member type="way" ref="708112857" role="forward"/>
  <member type="way" ref="1496804187" role="forward"/>
  <member type="way" ref="1496804188" role="forward"/>
  <member type="way" ref="261540628" role="forward"/>
  <member type="way" ref="177893787" role="forward"/>
  <member type="way" ref="404510974" role="forward"/>
  <member type="way" ref="708112856" role="forward"/>
  <member type="way" ref="177893786" role="forward"/>
  <member type="way" ref="46711790" role="forward"/>
  <member type="way" ref="336894740" role="forward"/>
  <member type="way" ref="261538641" role="forward"/>
  <member type="way" ref="46711796" role="forward"/>
  <member type="way" ref="46711795" role="forward"/>
  <member type="way" ref="1461670999" role="forward"/>
  <member type="way" ref="46711783" role="forward"/>
  <member type="way" ref="46711785" role="forward"/>
  <member type="way" ref="23843110" role="forward"/>
  <member type="way" ref="327576579" role="forward"/>
  <member type="way" ref="135718474" role="forward"/>
  <member type="way" ref="327576577" role="forward"/>
  <member type="way" ref="46711743" role=""/>
  <member type="way" ref="327576578" role=""/>
  <member type="way" ref="1455241113" role=""/>
  <member type="way" ref="1455241115" role=""/>
  <member type="way" ref="331584903" role=""/>
  <member type="way" ref="1455241118" role=""/>
  <member type="way" ref="639124924" role=""/>
  <member type="way" ref="639124923" role=""/>
  <member type="way" ref="639124920" role=""/>
  <member type="way" ref="639124919" role=""/>
  <member type="way" ref="46711719" role="forward"/>
  <member type="way" ref="46711626" role="forward"/>
  <member type="way" ref="298913024" role="forward"/>
  <member type="way" ref="30620752" role="backward"/>
  <member type="way" ref="152935188" role="forward"/>
  <member type="way" ref="152935189" role="forward"/>
  <member type="way" ref="30620997" role="forward"/>
  <member type="way" ref="30620996" role="forward"/>
  <member type="way" ref="1544680792" role="forward"/>
  <member type="way" ref="23843107" role="forward"/>
  <member type="way" ref="1544680795" role="forward"/>
  <member type="way" ref="292907185" role="forward"/>
  <member type="way" ref="1479443805" role="forward"/>
  <member type="way" ref="292907198" role="forward"/>
  <member type="way" ref="1479443806" role="forward"/>
  <member type="way" ref="334598707" role="forward"/>
  <member type="way" ref="334598708" role="forward"/>
  <member type="way" ref="320312796" role="forward"/>
  <member type="way" ref="137262398" role="forward"/>
  <member type="way" ref="137261496" role="forward"/>
  <member type="way" ref="320682347" role="forward"/>
  <member type="way" ref="289787819" role="forward"/>
  <member type="way" ref="605002179" role="forward"/>
  <member type="way" ref="1018801111" role="forward"/>
  <member type="way" ref="1018801110" role="forward"/>
  <member type="way" ref="261540626" role="forward"/>
  <member type="way" ref="1156139896" role="forward"/>
  <member type="way" ref="1496804178" role="forward"/>
  <member type="way" ref="1496804177" role="forward"/>
  <member type="way" ref="1498789831" role="forward"/>
  <member type="way" ref="1498789830" role="forward"/>
  <member type="way" ref="1496804186" role="forward"/>
  <member type="way" ref="1496804185" role="forward"/>
  <member type="way" ref="888760117" role="forward"/>
  <member type="way" ref="273535779" role="forward"/>
  <member type="way" ref="404510975" role="forward"/>
  <member type="way" ref="283105301" role="forward"/>
  <member type="way" ref="336894743" role="forward"/>
  <member type="way" ref="261540617" role="forward"/>
  <member type="way" ref="1544680787" role="forward"/>
  <member type="way" ref="261540618" role="forward"/>
  <member type="way" ref="30635526" role="forward"/>
  <member type="way" ref="46711787" role="forward"/>
  <member type="way" ref="1461671000" role="forward"/>
  <member type="way" ref="46711786" role="forward"/>
  <member type="way" ref="319445180" role="forward"/>
  <member type="way" ref="135718475" role="forward"/>
  <member type="way" ref="888760116" role="forward"/>
  <member type="way" ref="23843918" role="forward"/>
  <member type="way" ref="1455241116" role="forward"/>
  <member type="way" ref="1455241112" role="forward"/>
  <member type="way" ref="46711699" role="forward"/>
  <member type="way" ref="1455241117" role="forward"/>
  <member type="way" ref="639124925" role="forward"/>
  <member type="way" ref="639124921" role="forward"/>
  <member type="way" ref="639124922" role="forward"/>
  <member type="way" ref="639124926" role="forward"/>
  <member type="way" ref="142719029" role="forward"/>
  <member type="way" ref="142719013" role="forward"/>
  <member type="way" ref="46711597" role="forward"/>
  <member type="way" ref="46711730" role="forward"/>
  <member type="way" ref="973774977" role="forward"/>
  <member type="way" ref="292907183" role="forward"/>
  <member type="way" ref="888756364" role="forward"/>
  <member type="way" ref="292907188" role="forward"/>
  <member type="way" ref="292907191" role="forward"/>
  <member type="way" ref="292907179" role="forward"/>
  <member type="way" ref="292907192" role="forward"/>
  <member type="way" ref="292907184" role="forward"/>
  <member type="way" ref="1544680793" role="forward"/>
  <member type="way" ref="292907195" role="forward"/>
  <member type="way" ref="1544680794" role="forward"/>
  <member type="way" ref="292907181" role="forward"/>
  <member type="way" ref="1479443793" role="forward"/>
  <member type="way" ref="46711448" role="forward"/>
  <member type="way" ref="888756363" role="forward"/>
  <member type="way" ref="30757540" role="forward"/>
  <member type="way" ref="352834270" role="forward"/>
  <member type="way" ref="24281230" role="forward"/>
  <member type="way" ref="30757538" role="forward"/>
  <member type="way" ref="30757578" role="forward"/>
  <member type="way" ref="30757546" role="forward"/>
  <member type="way" ref="421543399" role="forward"/>
  <member type="way" ref="421543398" role="forward"/>
  <member type="way" ref="421543396" role="forward"/>
  <member type="way" ref="298913007" role="forward"/>
  <member type="way" ref="320312795" role="forward"/>
  <member type="way" ref="313033934" role="forward"/>
  <member type="way" ref="319453682" role="forward"/>
  <member type="way" ref="300461991" role="forward"/>
  <member type="way" ref="177903333" role="forward"/>
  <member type="way" ref="327246514" role="forward"/>
  <member type="way" ref="177903320" role="forward"/>
  <member type="way" ref="177903330" role="forward"/>
  <member type="way" ref="177903342" role="forward"/>
  <member type="way" ref="298913023" role="forward"/>
  <member type="way" ref="177903350" role=""/>
  <member type="way" ref="311848250" role=""/>
  <member type="way" ref="160391609" role="forward"/>
  <member type="way" ref="298913017" role="forward"/>
  <member type="way" ref="327246515" role=""/>
  <member type="way" ref="521549222" role=""/>
  <member type="way" ref="1478989674" role=""/>
  <member type="way" ref="521549223" role=""/>
  <member type="way" ref="1478989673" role=""/>
  <member type="way" ref="521546993" role=""/>
  <member type="way" ref="1478989677" role=""/>
  <member type="way" ref="1564723340" role=""/>
  <member type="way" ref="521546992" role=""/>
  <member type="way" ref="1564723339" role=""/>
  <member type="way" ref="1478989676" role=""/>
  <member type="way" ref="1012574950" role=""/>
  <member type="way" ref="605027467" role=""/>
  <member type="way" ref="1012574951" role=""/>
  <member type="way" ref="1012574952" role=""/>
  <member type="way" ref="1012574953" role=""/>
  <member type="way" ref="1012574954" role=""/>
  <member type="way" ref="1478989686" role=""/>
  <member type="way" ref="605027468" role=""/>
  <member type="way" ref="1478989679" role=""/>
  <member type="way" ref="23843097" role=""/>
  <member type="way" ref="31574841" role=""/>
  <member type="way" ref="31574857" role=""/>
  <member type="way" ref="31575590" role=""/>
  <member type="way" ref="31575582" role=""/>
  <member type="way" ref="839368729" role=""/>
  <member type="way" ref="839368728" role=""/>
  <member type="way" ref="44866331" role=""/>
  <member type="way" ref="1131955350" role=""/>
  <member type="way" ref="1131955349" role=""/>
  <member type="way" ref="128619054" role=""/>
  <member type="way" ref="1284959906" role="forward"/>
  <member type="way" ref="1284959901" role="forward"/>
  <member type="way" ref="1284959904" role="forward"/>
  <member type="way" ref="1284959900" role=""/>
  <member type="way" ref="448431730" role=""/>
  <member type="way" ref="448431731" role=""/>
  <member type="way" ref="839370322" role=""/>
  <member type="way" ref="839370321" role=""/>
  <member type="way" ref="839370320" role=""/>
  <member type="way" ref="1478989680" role=""/>
  <member type="way" ref="1478989681" role=""/>
  <member type="way" ref="1478989684" role=""/>
  <member type="way" ref="1478989685" role=""/>
  <member type="way" ref="605027469" role=""/>
  <member type="way" ref="325383093" role=""/>
  <member type="way" ref="178679838" role=""/>
  <member type="way" ref="31575502" role=""/>
  <member type="way" ref="838426137" role=""/>
  <member type="way" ref="839372168" role=""/>
  <member type="way" ref="839372167" role=""/>
  <member type="way" ref="839372166" role=""/>
  <member type="way" ref="839372165" role=""/>
  <member type="way" ref="1473545376" role=""/>
  <member type="way" ref="1473545375" role=""/>
  <member type="way" ref="838426136" role=""/>
  <member type="way" ref="521543598" role=""/>
  <member type="way" ref="777304801" role=""/>
  <member type="way" ref="1012623393" role=""/>
  <member type="way" ref="777304800" role=""/>
  <member type="way" ref="777303686" role=""/>
  <member type="way" ref="300623751" role=""/>
  <member type="way" ref="1305748961" role=""/>
  <member type="way" ref="1306677744" role=""/>
  <member type="way" ref="777303824" role=""/>
  <member type="way" ref="722761974" role=""/>
  <member type="way" ref="31574767" role=""/>
  <member type="way" ref="722761975" role=""/>
  <member type="way" ref="521543592" role=""/>
  <member type="way" ref="521543591" role=""/>
  <member type="way" ref="841724849" role=""/>
  <member type="way" ref="841724848" role=""/>
  <member type="way" ref="31575732" role=""/>
  <member type="way" ref="847989684" role=""/>
  <member type="way" ref="847989683" role=""/>
  <member type="way" ref="31575747" role=""/>
  <member type="way" ref="178332054" role=""/>
  <member type="way" ref="178332055" role=""/>
  <member type="way" ref="521531577" role=""/>
  <member type="way" ref="1361879808" role=""/>
  <member type="way" ref="617312912" role=""/>
  <member type="way" ref="620525441" role=""/>
  <member type="way" ref="624320594" role=""/>
  <member type="way" ref="620525443" role=""/>
  <member type="way" ref="620525448" role=""/>
  <member type="way" ref="620525440" role=""/>
  <member type="way" ref="31574830" role=""/>
  <member type="way" ref="628471492" role=""/>
  <member type="way" ref="628471248" role=""/>
  <member type="way" ref="231771899" role="forward"/>
  <member type="way" ref="300462013" role="forward"/>
  <member type="way" ref="628471253" role=""/>
  <member type="way" ref="455773754" role=""/>
  <member type="way" ref="455773755" role=""/>
  <member type="way" ref="568455951" role=""/>
  <member type="way" ref="628471254" role=""/>
  <member type="way" ref="179100442" role=""/>
  <member type="way" ref="455773753" role=""/>
  <member type="way" ref="628471252" role=""/>
  <member type="way" ref="179100444" role="forward"/>
  <member type="way" ref="628471257" role="forward"/>
  <member type="way" ref="628471255" role="forward"/>
  <member type="way" ref="179100450" role=""/>
  <member type="way" ref="179100446" role="forward"/>
  <member type="way" ref="179223412" role="forward"/>
  <member type="way" ref="318781893" role="forward"/>
  <member type="way" ref="1446378579" role="forward"/>
  <member type="way" ref="1446378584" role="forward"/>
  <member type="way" ref="1446378473" role="forward"/>
  <member type="way" ref="179100448" role="forward"/>
  <member type="way" ref="295093840" role=""/>
  <member type="way" ref="1446378472" role="forward"/>
  <member type="way" ref="1446378584" role="backward"/>
  <member type="way" ref="318781854" role="forward"/>
  <member type="way" ref="179622247" role="forward"/>
  <member type="way" ref="179622268" role=""/>
  <member type="way" ref="318781853" role=""/>
  <member type="way" ref="179622249" role="forward"/>
  <member type="way" ref="295090518" role="forward"/>
  <member type="way" ref="179622272" role=""/>
  <member type="way" ref="179763230" role="forward"/>
  <member type="way" ref="508221875" role="forward"/>
  <member type="way" ref="300462049" role="forward"/>
  <member type="way" ref="179622275" role="forward"/>
  <member type="way" ref="300462021" role=""/>
  <member type="way" ref="179622259" role=""/>
  <member type="way" ref="1284959903" role="forward"/>
  <member type="way" ref="1284959902" role="forward"/>
  <member type="way" ref="1284959905" role="forward"/>
  <tag k="network" v="BR"/>
  <tag k="ref" v="BR-452"/>
  <tag k="route" v="road"/>
  <tag k="type" v="route"/>
 </relation>
 <relation id="11518449" visible="true" version="2" changeset="89626027" timestamp="2020-08-19T10:12:34Z" user="NorthwestPassage" uid="10409507">
  <member type="way" ref="838426137" role="from"/>
  <member type="node" ref="5081560343" role="via"/>
  <member type="way" ref="521543600" role="to"/>
  <tag k="restriction" v="no_left_turn"/>
  <tag k="type" v="restriction"/>
 </relation>
 <relation id="11526418" visible="true" version="1" changeset="89753218" timestamp="2020-08-21T15:18:46Z" user="kaartense" uid="10292935">
  <member type="way" ref="839372164" role="from"/>
  <member type="way" ref="356690944" role="to"/>
  <member type="node" ref="1420905156" role="via"/>
  <tag k="restriction" v="only_straight_on"/>
  <tag k="type" v="restriction"/>
 </relation>
 <relation id="11526419" visible="true" version="1" changeset="89753218" timestamp="2020-08-21T15:18:46Z" user="kaartense" uid="10292935">
  <member type="way" ref="356690944" role="from"/>
  <member type="way" ref="839372164" role="to"/>
  <member type="node" ref="3621056778" role="via"/>
  <tag k="restriction" v="only_straight_on"/>
  <tag k="type" v="restriction"/>
 </relation>
 <relation id="11526420" visible="true" version="1" changeset="89753218" timestamp="2020-08-21T15:18:46Z" user="kaartense" uid="10292935">
  <member type="way" ref="839372165" role="from"/>
  <member type="way" ref="839372166" role="to"/>
  <member type="node" ref="3621056778" role="via"/>
  <tag k="restriction" v="only_straight_on"/>
  <tag k="type" v="restriction"/>
 </relation>
 <relation id="11526421" visible="true" version="1" changeset="89753218" timestamp="2020-08-21T15:18:46Z" user="kaartense" uid="10292935">
  <member type="way" ref="839372166" role="from"/>
  <member type="way" ref="839372165" role="to"/>
  <member type="node" ref="3621056778" role="via"/>
  <tag k="restriction" v="only_straight_on"/>
  <tag k="type" v="restriction"/>
 </relation>
 <relation id="11526422" visible="true" version="1" changeset="89753218" timestamp="2020-08-21T15:18:46Z" user="kaartense" uid="10292935">
  <member type="way" ref="839372166" role="from"/>
  <member type="way" ref="839372167" role="to"/>
  <member type="node" ref="1420905156" role="via"/>
  <tag k="restriction" v="only_straight_on"/>
  <tag k="type" v="restriction"/>
 </relation>
 <relation id="11526423" visible="true" version="1" changeset="89753218" timestamp="2020-08-21T15:18:46Z" user="kaartense" uid="10292935">
  <member type="way" ref="839372167" role="from"/>
  <member type="way" ref="839372166" role="to"/>
  <member type="node" ref="1420905156" role="via"/>
  <tag k="restriction" v="only_straight_on"/>
  <tag k="type" v="restriction"/>
 </relation>
 <relation id="11526424" visible="true" version="1" changeset="89753218" timestamp="2020-08-21T15:18:46Z" user="kaartense" uid="10292935">
  <member type="way" ref="839372167" role="from"/>
  <member type="way" ref="839372168" role="to"/>
  <member type="node" ref="3621056787" role="via"/>
  <tag k="restriction" v="only_straight_on"/>
  <tag k="type" v="restriction"/>
 </relation>
 <relation id="11526425" visible="true" version="1" changeset="89753218" timestamp="2020-08-21T15:18:46Z" user="kaartense" uid="10292935">
  <member type="way" ref="356690946" role="from"/>
  <member type="way" ref="839372168" role="to"/>
  <member type="node" ref="3621056787" role="via"/>
  <tag k="restriction" v="only_right_turn"/>
  <tag k="type" v="restriction"/>
 </relation>
 <relation id="11526426" visible="true" version="2" changeset="177996018" timestamp="2026-02-02T08:40:32Z" user="LakeVan" uid="22315977">
  <member type="way" ref="839372165" role="from"/>
  <member type="node" ref="3621056770" role="via"/>
  <member type="way" ref="1473545376" role="to"/>
  <tag k="restriction" v="only_straight_on"/>
  <tag k="type" v="restriction"/>
 </relation>
 <relation id="11526427" visible="true" version="2" changeset="177996018" timestamp="2026-02-02T08:40:32Z" user="LakeVan" uid="22315977">
  <member type="way" ref="434390566" role="from"/>
  <member type="node" ref="3621056770" role="via"/>
  <member type="way" ref="1473545376" role="to"/>
  <tag k="restriction" v="only_right_turn"/>
  <tag k="type" v="restriction"/>
 </relation>
</osm>
